x1,y1,z1,v1,x2,y2,z2,v2,x3,y3,z3,v3,x4,y4,z4,v4,x5,y5,z5,v5,x6,y6,z6,v6,x7,y7,z7,v7,x8,y8,z8,v8,x9,y9,z9,v9,x10,y10,z10,v10,x11,y11,z11,v11,x12,y12,z12,v12,x13,y13,z13,v13,x14,y14,z14,v14,x15,y15,z15,v15,x16,y16,z16,v16,x17,y17,z17,v17,x18,y18,z18,v18,x19,y19,z19,v19,x20,y20,z20,v20,x21,y21,z21,v21,x22,y22,z22,v22,x23,y23,z23,v23,x24,y24,z24,v24,x25,y25,z25,v25,x26,y26,z26,v26,x27,y27,z27,v27,x28,y28,z28,v28,x29,y29,z29,v29,x30,y30,z30,v30,x31,y31,z31,v31,x32,y32,z32,v32,x33,y33,z33,v33,class_label
0.0,0.0,0.0,0.9996627569198608,-0.009670138359069824,-0.018221043050289154,0.023438498377799988,0.9994012117385864,-0.011571168899536133,-0.018930189311504364,0.023295864462852478,0.9992282390594482,-0.013606548309326172,-0.01976441591978073,0.02319437265396118,0.9994365572929382,-0.011117398738861084,-0.017324797809123993,-0.04106874018907547,0.9994680285453796,-0.013806164264678955,-0.01716317981481552,-0.04104798287153244,0.9994195699691772,-0.01670902967453003,-0.01696973294019699,-0.04118875414133072,0.9994034767150879,-0.03776955604553223,-0.014407716691493988,0.14497975632548332,0.9980504512786865,-0.04374992847442627,-0.00923561304807663,-0.14795590192079544,0.9996598958969116,-0.007500648498535156,0.017675019800662994,0.05251789093017578,0.999213695526123,-0.010350644588470459,0.017595894634723663,-0.032435379922389984,0.9995352029800415,-0.10232758522033691,0.08449069410562515,0.36841049045324326,0.999790608882904,-0.059863924980163574,0.07781106978654861,-0.3021474555134773,0.9999756813049316,-0.09498363733291626,0.23159769922494888,0.48512163013219833,0.016943244263529778,-0.09033167362213135,0.22831080108880997,-0.35920263081789017,0.9359778761863708,-0.06917494535446167,0.32489896565675735,0.4861313924193382,0.10008693486452103,-0.08944976329803467,0.372190423309803,-0.3335513547062874,0.9215162992477417,-0.06596362590789795,0.36070919781923294,0.5075880810618401,0.13440635800361633,-0.10076195001602173,0.4077723100781441,-0.39801985770463943,0.9012874960899353,-0.0591011643409729,0.3585544303059578,0.44480379670858383,0.1360929310321808,-0.08192551136016846,0.40951336175203323,-0.3847314789891243,0.8868226408958435,-0.061637818813323975,0.34728506952524185,0.45856641978025436,0.1300276666879654,-0.0791659951210022,0.3965780809521675,-0.32722071558237076,0.824816107749939,-0.08770155906677246,0.3392503634095192,0.3264893367886543,0.9999741315841675,-0.11780714988708496,0.33547405153512955,-0.09424448758363724,0.9998923540115356,-0.022410690784454346,0.5295482948422432,0.27635396271944046,0.7539085149765015,-0.14847087860107422,0.5292592123150826,-0.2843988314270973,0.9962204098701477,-0.030964553356170654,0.7167681530117989,0.4103664681315422,0.9780951738357544,-0.3569142818450928,0.514649398624897,0.014702089130878448,0.9920360445976257,-0.04936063289642334,0.7457257583737373,0.4167140945792198,0.9745399355888367,-0.380337119102478,0.4856596067547798,0.04725177586078644,0.9686047434806824,0.0497097373008728,0.7572715952992439,0.3536301329731941,0.9747134447097778,-0.42834043502807617,0.5824986770749092,0.0327327623963356,0.9878115057945251,SQUAT
0.0,0.0,0.0,0.9996309280395508,-0.008152484893798828,-0.019503869116306305,0.027009885758161545,0.9993776082992554,-0.009631097316741943,-0.02016378939151764,0.026809658855199814,0.9992019534111023,-0.01115494966506958,-0.02084282785654068,0.02668914943933487,0.9994260668754578,-0.009442687034606934,-0.018608197569847107,-0.0360976979136467,0.9994494318962097,-0.011903822422027588,-0.01847587525844574,-0.036084599792957306,0.9994037747383118,-0.014637470245361328,-0.01825537532567978,-0.03623371571302414,0.9993975162506104,-0.033273160457611084,-0.016407296061515808,0.16929729282855988,0.9981048703193665,-0.03944486379623413,-0.011640287935733795,-0.1107538715004921,0.9996381998062134,-0.00658869743347168,0.016168005764484406,0.06064282916486263,0.9991864562034607,-0.008864045143127441,0.016663752496242523,-0.02083556354045868,0.9995101094245911,-0.10027271509170532,0.0813070759177208,0.3983916714787483,0.9997764825820923,-0.055501699447631836,0.07479085773229599,-0.24342261999845505,0.9999693036079407,-0.07564783096313477,0.21010515838861465,0.513161726295948,0.018275713548064232,-0.08375084400177002,0.2249414399266243,-0.3022437021136284,0.9318947196006775,-0.04986828565597534,0.2909190431237221,0.46095583587884903,0.1006155014038086,-0.07988196611404419,0.3488813117146492,-0.2943381294608116,0.9106135964393616,-0.04641050100326538,0.3177999034523964,0.47405872493982315,0.13369089365005493,-0.09512060880661011,0.372711606323719,-0.34876926988363266,0.8890039324760437,-0.038609981536865234,0.3122403100132942,0.4208628311753273,0.13534662127494812,-0.07844310998916626,0.3748815432190895,-0.341126911342144,0.8740530014038086,-0.04075908660888672,0.3027605190873146,0.4358445778489113,0.12871778011322021,-0.07232332229614258,0.36873287707567215,-0.2897776588797569,0.809961199760437,-0.09628647565841675,0.3362620547413826,0.28019487112760544,0.9998939633369446,-0.10814321041107178,0.33226747065782547,-0.1224113330245018,0.9997527599334717,-0.008286476135253906,0.5114133432507515,0.14901035279035568,0.7387409210205078,-0.0592571496963501,0.5287658646702766,-0.2603948637843132,0.9935341477394104,-0.03380560874938965,0.6812599375844002,0.1968568041920662,0.9640210270881653,-0.18522164225578308,0.6547361090779305,-0.1783256158232689,0.9904906749725342,-0.0890776515007019,0.6740735247731209,0.1928575187921524,0.9633325338363647,-0.22002875804901123,0.6643196418881416,-0.17738573998212814,0.9671805500984192,-0.009659171104431152,0.6941592171788216,0.09086762648075819,0.9641245007514954,-0.15598273277282715,0.7226166799664497,-0.2986214682459831,0.9862712025642395,SQUAT
0.0,0.0,0.0,0.9996486902236938,-0.007485926151275635,-0.02011924237012863,0.029009317979216576,0.9994206428527832,-0.00872492790222168,-0.020690225064754486,0.028807610273361206,0.9992557764053345,-0.009993493556976318,-0.02118711918592453,0.02863910421729088,0.9994632601737976,-0.009243011474609375,-0.019355066120624542,-0.03755819797515869,0.999487042427063,-0.011913895606994629,-0.019272014498710632,-0.03752811998128891,0.9994443655014038,-0.014937877655029297,-0.019025452435016632,-0.03759874403476715,0.9994387030601501,-0.031600236892700195,-0.01769384741783142,0.17611373960971832,0.9982428550720215,-0.03949868679046631,-0.01337740570306778,-0.12372909486293793,0.9996659159660339,-0.006119489669799805,0.015174172818660736,0.06153329147491604,0.9992238879203796,-0.008749902248382568,0.015701383352279663,-0.025511570274829865,0.9995307326316833,-0.09668606519699097,0.08401955664157867,0.41575096547603607,0.9997827410697937,-0.05776703357696533,0.07399314641952515,-0.28786177933216095,0.9999671578407288,-0.06954622268676758,0.20842479169368744,0.5462536662817001,0.01951940357685089,-0.09045809507369995,0.22520174086093903,-0.3399977535009384,0.9305531978607178,-0.049121081829071045,0.27038122713565826,0.5339327901601791,0.10674426704645157,-0.07655251026153564,0.34028689563274384,-0.2902752310037613,0.9001830816268921,-0.04604756832122803,0.2934461086988449,0.5609479993581772,0.1405968964099884,-0.08845025300979614,0.363759383559227,-0.3448796719312668,0.8759198188781738,-0.038371503353118896,0.2821449786424637,0.5042407065629959,0.14185552299022675,-0.0708845853805542,0.36525438725948334,-0.32814057171344757,0.8596855998039246,-0.04103446006774902,0.2742455154657364,0.5098156481981277,0.13420161604881287,-0.0684276819229126,0.35511820018291473,-0.28096432983875275,0.7940344214439392,-0.09246563911437988,0.35186274349689484,0.2778501808643341,0.9998963475227356,-0.11183571815490723,0.3538237065076828,-0.15761378407478333,0.9997367262840271,0.022914767265319824,0.5106837898492813,0.2064143568277359,0.7460329532623291,-0.08719813823699951,0.5613344460725784,-0.3280962258577347,0.9939166307449341,-0.023678302764892578,0.6820216327905655,0.2527149170637131,0.9646978378295898,-0.2968975603580475,0.5489323884248734,-0.12356226146221161,0.9900368452072144,-0.05713433027267456,0.7045864015817642,0.25094911456108093,0.964370608329773,-0.3033314049243927,0.5353203564882278,-0.10748752951622009,0.9673301577568054,0.040981829166412354,0.7073640376329422,0.19038079679012299,0.9641585946083069,-0.34888696670532227,0.6076265126466751,-0.08507594466209412,0.9850044846534729,SQUAT
0.0,0.0,0.0,0.9996752142906189,-0.007636725902557373,-0.020054399967193604,0.02780267968773842,0.9994699954986572,-0.008936405181884766,-0.02039950340986252,0.02763734757900238,0.9993189573287964,-0.010250508785247803,-0.02054598182439804,0.02753966674208641,0.9995102882385254,-0.009299099445343018,-0.01953979581594467,-0.03895074874162674,0.9995335936546326,-0.011947214603424072,-0.019442208111286163,-0.03891179710626602,0.9994943737983704,-0.014946699142456055,-0.019049301743507385,-0.03900761157274246,0.9994902610778809,-0.03224688768386841,-0.016478747129440308,0.17276723682880402,0.998409628868103,-0.0401611328125,-0.013347379863262177,-0.12514542043209076,0.9996951222419739,-0.006473720073699951,0.01508697122335434,0.060091398656368256,0.9992915391921997,-0.009013235569000244,0.0152992382645607,-0.028271779417991638,0.9995712637901306,-0.08628427982330322,0.10480149835348129,0.4021679311990738,0.9997747540473938,-0.07920151948928833,0.10674554854631424,-0.2878653556108475,0.9999613165855408,-0.07162070274353027,0.2221957966685295,0.519651934504509,0.020604930818080902,-0.09471285343170166,0.24584092944860458,-0.40504853427410126,0.9234511852264404,-0.04835134744644165,0.29818858951330185,0.4644237607717514,0.10467243939638138,-0.07732218503952026,0.33746930211782455,-0.41733525693416595,0.8784276843070984,-0.04284858703613281,0.32311805337667465,0.4604171961545944,0.13772578537464142,-0.08764475584030151,0.3646276518702507,-0.4781819134950638,0.8557658791542053,-0.03897714614868164,0.3057142421603203,0.4219532459974289,0.13951212167739868,-0.07082235813140869,0.3607056364417076,-0.47006072103977203,0.8393977284431458,-0.041736483573913574,0.2978995367884636,0.44310756027698517,0.1326330006122589,-0.06945186853408813,0.3502489849925041,-0.41154398024082184,0.774494469165802,-0.10109120607376099,0.38048838824033737,0.2954910844564438,0.9998800158500671,-0.1086127758026123,0.3899199292063713,-0.14389842748641968,0.9997488856315613,-0.09728574752807617,0.5279692336916924,0.3645039051771164,0.7561596632003784,0.06304579973220825,0.5560803338885307,-0.1307675838470459,0.9940598011016846,-0.294806569814682,0.549426905810833,0.5700400024652481,0.963381290435791,-0.021494388580322266,0.6985461637377739,0.10131121426820755,0.9908639788627625,-0.3374098837375641,0.5090239569544792,0.5906056612730026,0.9648356437683105,-0.044396817684173584,0.7232237979769707,0.1226007416844368,0.9703283309936523,-0.3445054590702057,0.584547869861126,0.5594260543584824,0.9614757299423218,0.04770612716674805,0.7315015122294426,0.07759294041898102,0.9860008358955383,SQUAT
0.0,0.0,0.0,0.9997046589851379,-0.0016120076179504395,-0.012287959456443787,0.04342818260192871,0.999518632888794,0.0008984804153442383,-0.012259244918823242,0.04328739643096924,0.9993801116943359,0.026574373245239258,-0.053862154483795166,0.043245017528533936,0.9995539784431458,-0.012118101119995117,-0.014089703559875488,-0.014975488185882568,0.9995784759521484,-0.017563819885253906,-0.01511414349079132,-0.015051007270812988,0.9995427131652832,0.0013827681541442871,-0.061874061822891235,-0.015098780393600464,0.9995394945144653,-0.005974829196929932,-0.019027680158615112,0.2516329064965248,0.998559296131134,-0.04122591018676758,-0.024822309613227844,-0.0026539862155914307,0.9997236132621765,-0.0010061860084533691,0.023582816123962402,0.08285294473171234,0.9993517994880676,-0.01404714584350586,0.02322763204574585,0.009304136037826538,0.9996093511581421,-0.047510623931884766,0.040379345417022705,0.5236593186855316,0.9997783899307251,-0.07047760486602783,0.05627003312110901,-0.09510084986686707,0.9999598860740662,-0.03319811820983887,0.1609424352645874,0.6393566131591797,0.026277661323547363,-0.06741952896118164,0.22913837432861328,-0.14143624901771545,0.9185782670974731,0.011565566062927246,0.20746782422065735,0.5304494202136993,0.11821223795413971,-0.011203289031982422,0.2916702628135681,-0.04333016276359558,0.8557153940200806,0.028697550296783447,0.2253233790397644,0.5188521891832352,0.15230883657932281,-0.004281938076019287,0.31535059213638306,-0.08906275033950806,0.8335692286491394,0.03223186731338501,0.2119424045085907,0.4818916469812393,0.15499047935009003,0.007406890392303467,0.3021436929702759,-0.09636056423187256,0.8193203806877136,0.024084627628326416,0.2084898054599762,0.5078912675380707,0.1473473310470581,0.0018198490142822266,0.29301971197128296,-0.04089993238449097,0.7581236362457275,-0.0686955451965332,0.3240383267402649,0.5418826937675476,0.9998507499694824,-0.07399517297744751,0.3366076350212097,0.10885894298553467,0.9997546672821045,-0.07948237657546997,0.4507579803466797,0.616673469543457,0.7626966238021851,0.1086723804473877,0.4175061583518982,0.17340289056301117,0.9932675361633301,-0.2563862204551697,0.42165011167526245,0.8806262314319611,0.953909695148468,0.02041304111480713,0.5796101093292236,0.44369830191135406,0.9905039668083191,-0.3055642247200012,0.37116873264312744,0.90937939286232,0.9593467116355896,-0.003270387649536133,0.6142751574516296,0.470586359500885,0.9718896746635437,-0.27874186635017395,0.4423677325248718,0.906747430562973,0.9540988206863403,0.09956872463226318,0.6190012097358704,0.4510112404823303,0.9852188229560852,SQUAT
0.0,0.0,0.0,0.9997332692146301,-0.0006743073463439941,-0.01755666732788086,0.04742211103439331,0.9995648264884949,0.0010194182395935059,-0.017267227172851562,0.04731270670890808,0.9994390606880188,0.00863713026046753,-0.019987493753433228,0.04730483889579773,0.9995959997177124,-0.009788155555725098,-0.01900327205657959,-0.011829078197479248,0.9996201992034912,-0.01544719934463501,-0.019461601972579956,-0.0119037926197052,0.9995880126953125,-0.01677602529525757,-0.02310994267463684,-0.011962920427322388,0.9995852112770081,-0.007500052452087402,-0.014597594738006592,0.27178098261356354,0.9986987113952637,-0.044132888317108154,-0.01587262749671936,0.01612943410873413,0.9997507929801941,-0.003992795944213867,0.017862021923065186,0.08890002965927124,0.9994084239006042,-0.01608896255493164,0.01968318223953247,0.014782339334487915,0.9996455311775208,-0.04726231098175049,0.05549517273902893,0.5788495689630508,0.9997692704200745,-0.07243984937667847,0.07434037327766418,-0.06416454911231995,0.9999619722366333,-0.028851330280303955,0.15595585107803345,0.7268593311309814,0.029235687106847763,-0.07644975185394287,0.21815133094787598,-0.11954593658447266,0.9240607023239136,0.019930124282836914,0.1949758529663086,0.6669226288795471,0.13281652331352234,-0.022287726402282715,0.30992820858955383,-0.052962690591812134,0.8607268929481506,0.03655731678009033,0.2093508243560791,0.6723614931106567,0.16899006068706512,-0.006364643573760986,0.3385261595249176,-0.09613832831382751,0.8381709456443787,0.039241909980773926,0.20188060402870178,0.6766772568225861,0.17117956280708313,0.008582711219787598,0.3307590186595917,-0.11412006616592407,0.8253721594810486,0.03220558166503906,0.2001267373561859,0.6691553890705109,0.16148708760738373,-0.0016366839408874512,0.31989261507987976,-0.05231976509094238,0.7665312886238098,-0.06813228130340576,0.31795480847358704,0.6128053665161133,0.9998529553413391,-0.07146620750427246,0.3301282823085785,0.1801253706216812,0.9997744560241699,-0.12653741240501404,0.4526415765285492,0.6913100183010101,0.7838050127029419,0.11876809597015381,0.3908539116382599,0.25917141139507294,0.9936746954917908,-0.28909146785736084,0.3854571282863617,0.8477915227413177,0.9553431272506714,0.021213948726654053,0.5537861287593842,0.535902202129364,0.9903172850608826,-0.3018251061439514,0.3835162818431854,0.8629528880119324,0.9608249068260193,-0.004607737064361572,0.5884558260440826,0.5629826933145523,0.9732197523117065,-0.35021716356277466,0.40723422169685364,0.8616158068180084,0.9534715414047241,0.09179747104644775,0.5924099385738373,0.5894979685544968,0.9834450483322144,SQUAT
0.0,0.0,0.0,0.9997474551200867,-0.003052949905395508,-0.020169496536254883,0.033295825123786926,0.9995946884155273,-0.002681255340576172,-0.020412862300872803,0.03338180482387543,0.9994798898696899,-0.000808417797088623,-0.020812630653381348,0.03334343433380127,0.9996249079704285,-0.008706986904144287,-0.020485132932662964,-0.030504852533340454,0.9996520280838013,-0.01279139518737793,-0.020700722932815552,-0.030477195978164673,0.9996235370635986,-0.015805423259735107,-0.02090388536453247,-0.030751824378967285,0.9996215105056763,-0.01649075746536255,-0.01897379755973816,0.2219609171152115,0.9988126158714294,-0.040822505950927734,-0.017598599195480347,-0.06832721829414368,0.9997702836990356,-0.006035983562469482,0.01573142409324646,0.07383455336093903,0.9994248747825623,-0.013325870037078857,0.015701651573181152,-0.010902971029281616,0.9996528029441833,-0.06865924596786499,0.07066982984542847,0.49266476929187775,0.9997528195381165,-0.07314294576644897,0.07912299036979675,-0.13239869475364685,0.9999598860740662,-0.04856109619140625,0.19768095016479492,0.5728414058685303,0.03188329562544823,-0.07370710372924805,0.24262183904647827,-0.135077565908432,0.9235321879386902,0.014717161655426025,0.2722599506378174,0.4283671975135803,0.13374216854572296,-0.02902686595916748,0.33007246255874634,0.0011771917343139648,0.8481075167655945,0.03036975860595703,0.28930556774139404,0.42422088980674744,0.17018723487854004,-0.012139558792114258,0.3541775345802307,-0.03276720643043518,0.8265346884727478,0.03554433584213257,0.28837281465530396,0.38437335193157196,0.17185473442077637,-0.004355132579803467,0.34892523288726807,-0.0354103147983551,0.8158130049705505,0.028106987476348877,0.2842409610748291,0.4042535573244095,0.1614386886358261,-0.01505368947982788,0.33927297592163086,0.006691694259643555,0.7574990391731262,-0.0993736982345581,0.3194880485534668,0.4861944913864136,0.9998505711555481,-0.08057677745819092,0.32484114170074463,0.07022830843925476,0.9997881054878235,-0.1748182773590088,0.48330914974212646,0.4840599596500397,0.804450273513794,0.11441338062286377,0.3799302577972412,0.1045607328414917,0.9939929842948914,-0.29876431822776794,0.37948673963546753,0.537179172039032,0.9582050442695618,0.022071659564971924,0.5349011421203613,0.3213503062725067,0.9893235564231873,-0.2984219491481781,0.3636862635612488,0.5422776937484741,0.9630085825920105,-0.00876307487487793,0.5746937990188599,0.35170207917690277,0.9728685617446899,-0.3737539201974869,0.3976445198059082,0.5232465118169785,0.9539612531661987,0.09162300825119019,0.5699549317359924,0.3470935896039009,0.9790348410606384,SQUAT
0.0,0.0,0.0,0.9997723698616028,0.00022923946380615234,-0.020098716020584106,0.052612483501434326,0.9996348023414612,0.0026795268058776855,-0.020095258951187134,0.0524522066116333,0.9995312690734863,0.005392014980316162,-0.02031230926513672,0.052392274141311646,0.9996618032455444,-0.013250529766082764,-0.021671801805496216,0.002201586961746216,0.9996866583824158,-0.020840942859649658,-0.022227495908737183,0.0021216869354248047,0.9996610283851624,-0.029769837856292725,-0.02275487780570984,0.0021553337574005127,0.9996591806411743,-0.007905006408691406,-0.01525375247001648,0.28863196074962616,0.9989302158355713,-0.052126169204711914,-0.016067028045654297,0.054271817207336426,0.9997931122779846,-0.0001544356346130371,0.01668989658355713,0.0935695469379425,0.9994771480560303,-0.014142394065856934,0.01724916696548462,0.030615270137786865,0.9996846318244934,-0.06190580129623413,0.075173020362854,0.5848643183708191,0.9997439980506897,-0.06639355421066284,0.0812828540802002,-0.003581702709197998,0.999957799911499,-0.03698855638504028,0.18864810466766357,0.664197713136673,0.03138694912195206,-0.06464558839797974,0.2147214114665985,0.015445023775100708,0.9227778315544128,0.017858922481536865,0.2505250871181488,0.48299428820610046,0.1303473562002182,0.01135319471359253,0.25296905636787415,0.16408002376556396,0.8261641263961792,0.03177046775817871,0.27071043848991394,0.46621207892894745,0.16640745103359222,0.03816956281661987,0.25896456837654114,0.13469940423965454,0.8059464693069458,0.03564155101776123,0.26438406109809875,0.4290444180369377,0.16767266392707825,0.04154932498931885,0.2356955111026764,0.13300538063049316,0.7974950075149536,0.029410958290100098,0.25921180844306946,0.4576958864927292,0.15759888291358948,0.028402388095855713,0.23508808016777039,0.17152097821235657,0.7421379685401917,-0.08782345056533813,0.3237605392932892,0.5412990301847458,0.9998605847358704,-0.07391995191574097,0.32572582364082336,0.1299724131822586,0.9998068809509277,-0.15794622898101807,0.48528406023979187,0.5156746953725815,0.822365939617157,0.12111133337020874,0.38349732756614685,0.12377355992794037,0.9944531917572021,-0.2911056578159332,0.3977492153644562,0.6126181185245514,0.9606945514678955,0.031508803367614746,0.54064080119133,0.29667605832219124,0.9899274706840515,-0.2948026955127716,0.3778686225414276,0.619851142168045,0.9651913046836853,0.006626009941101074,0.5761001408100128,0.31136992387473583,0.9746080040931702,-0.3544168770313263,0.39807572960853577,0.6066723167896271,0.9540140628814697,0.10422462224960327,0.5795562565326691,0.327953458763659,0.9794195294380188,SQUAT
0.0,0.0,0.0,0.9997948408126831,0.00028067827224731445,-0.02160876989364624,0.05577462911605835,0.9996707439422607,0.0031725168228149414,-0.02120843529701233,0.05564573407173157,0.9995774030685425,0.006199300289154053,-0.020968317985534668,0.05560705065727234,0.9996947646141052,-0.014846265316009521,-0.024054765701293945,0.009338557720184326,0.9997177124023438,-0.02259528636932373,-0.024788498878479004,0.009276807308197021,0.9996947050094604,-0.03129667043685913,-0.025387495756149292,0.009358823299407959,0.999692976474762,-0.008438408374786377,-0.016300857067108154,0.3076110854744911,0.9990354180335999,-0.05371755361557007,-0.0180547833442688,0.10784143209457397,0.9998136162757874,0.00029969215393066406,0.016452759504318237,0.09692147374153137,0.9995266795158386,-0.014896988868713379,0.01586213707923889,0.03918403387069702,0.9997146725654602,-0.05585944652557373,0.07896193861961365,0.6287234574556351,0.9997453093528748,-0.06836283206939697,0.08405029773712158,0.038310080766677856,0.99996018409729,-0.03642195463180542,0.20815417170524597,0.6843948662281036,0.031107071787118912,-0.07414013147354126,0.22312378883361816,0.02387213706970215,0.9247241020202637,0.013248264789581299,0.3006003499031067,0.5077258944511414,0.12622183561325073,0.006147980690002441,0.3003591299057007,0.10088306665420532,0.8102198839187622,0.028034567832946777,0.33032214641571045,0.49346667528152466,0.1608343869447708,0.02972620725631714,0.3243897557258606,0.03188043832778931,0.7888146042823792,0.032121241092681885,0.33057308197021484,0.4463632460683584,0.16161498427391052,0.02554476261138916,0.3149929642677307,0.02599194645881653,0.7814562916755676,0.023231923580169678,0.3223465085029602,0.47910090535879135,0.15260477364063263,0.021468520164489746,0.3062537908554077,0.0986906886100769,0.7292330861091614,-0.08251887559890747,0.31872689723968506,0.6379335671663284,0.999871015548706,-0.0744890570640564,0.324687659740448,0.22091762721538544,0.9998249411582947,-0.15177571773529053,0.4616681933403015,0.6708504259586334,0.8335602879524231,0.11344438791275024,0.3829869031906128,0.20320293307304382,0.9949222803115845,-0.29858362674713135,0.3847678303718567,0.8086581528186798,0.9577115178108215,0.031810641288757324,0.5430537462234497,0.37496117874979973,0.9906551837921143,-0.30348074436187744,0.3329446315765381,0.8149984776973724,0.9638086557388306,0.008632659912109375,0.5790596604347229,0.38937249034643173,0.9764003753662109,-0.3550504446029663,0.3981132507324219,0.8257693648338318,0.9480290412902832,0.09671050310134888,0.5803254246711731,0.39139318093657494,0.9806323647499084,SQUAT
0.0,0.0,0.0,0.9998148083686829,0.0013100504875183105,-0.020327657461166382,0.04962128400802612,0.9997028112411499,0.0049471259117126465,-0.019771546125411987,0.04950058460235596,0.999618649482727,0.008369088172912598,-0.019331634044647217,0.049466609954833984,0.999724268913269,-0.015819668769836426,-0.022680193185806274,-0.002685636281967163,0.9997454881668091,-0.023604750633239746,-0.023107320070266724,-0.002777785062789917,0.9997248649597168,-0.031510114669799805,-0.023324579000473022,-0.002792835235595703,0.9997232556343079,-0.00582808256149292,-0.01669985055923462,0.27169219404459,0.9991301894187927,-0.04779398441314697,-0.017742246389389038,0.043625980615615845,0.9998319745063782,0.0023519396781921387,0.016729503870010376,0.08496153354644775,0.9995716214179993,-0.01465606689453125,0.016992270946502686,0.01873946189880371,0.9997418522834778,-0.04540294408798218,0.07882046699523926,0.5418905019760132,0.9997535347938538,-0.06970453262329102,0.08289089798927307,-0.03320583701133728,0.9999608397483826,-0.01948624849319458,0.21038773655891418,0.5850639939308167,0.03679796680808067,-0.08066260814666748,0.2336553931236267,-0.03587150573730469,0.923041045665741,0.014851570129394531,0.30570483207702637,0.39813088439404964,0.13180086016654968,-0.0517391562461853,0.2966984510421753,0.05020606517791748,0.7901986837387085,0.028225362300872803,0.3375028371810913,0.3776527578011155,0.16522331535816193,-0.036785006523132324,0.3176116943359375,-0.013012737035751343,0.7684711813926697,0.03180563449859619,0.33381253480911255,0.3333127573132515,0.1661723554134369,-0.029305696487426758,0.30829310417175293,-0.020239204168319702,0.7620716094970703,0.024438977241516113,0.3239249587059021,0.371243504807353,0.1578885167837143,-0.032971739768981934,0.29967576265335083,0.05343398451805115,0.7138736248016357,-0.0675278902053833,0.3211061954498291,0.5897989720106125,0.9998784065246582,-0.07290345430374146,0.3298819065093994,0.18848101794719696,0.9998403191566467,-0.12463808059692383,0.45069044828414917,0.7097341418266296,0.8412078022956848,0.11214357614517212,0.386558473110199,0.17520754039287567,0.9953194260597229,-0.280366450548172,0.39310765266418457,0.7941626310348511,0.9565007090568542,0.030671358108520508,0.5461908578872681,0.3377109169960022,0.9912811517715454,-0.296382874250412,0.337066650390625,0.7974565625190735,0.9638675451278687,0.009107887744903564,0.5811975002288818,0.3533414267003536,0.9780961871147156,-0.3278336226940155,0.4043498635292053,0.8061745464801788,0.9441922903060913,0.0974012017250061,0.5828462839126587,0.35691118612885475,0.9815113544464111,SQUAT
0.0,0.0,0.0,0.999774158000946,-0.021797358989715576,-0.029345721006393433,0.03133915364742279,0.9996748566627502,-0.017990589141845703,-0.029389142990112305,0.03115282952785492,0.9995750188827515,-0.008278191089630127,-0.032099515199661255,0.030927807092666626,0.9996740818023682,-0.03549051284790039,-0.030541256070137024,-0.028759896755218506,0.9997174143791199,-0.04185968637466431,-0.022579342126846313,-0.028798967599868774,0.9996925592422485,-0.03125482797622681,-0.03857742249965668,-0.028890222311019897,0.9996943473815918,-0.025377333164215088,-0.029776662588119507,0.1827031746506691,0.998990535736084,-0.061338722705841064,-0.03239159286022186,-0.07485899329185486,0.9998113512992859,-0.018228650093078613,0.00852784514427185,0.06308837234973907,0.9994552731513977,-0.016861379146575928,0.011486262083053589,-0.017370641231536865,0.999683141708374,-0.04290574789047241,0.06518864631652832,0.4311819523572922,0.9997435212135315,-0.0886501669883728,0.062392085790634155,-0.16694536805152893,0.9999467134475708,-0.02287226915359497,0.18148282170295715,0.5040503740310669,0.03668003901839256,-0.09920883178710938,0.2289663851261139,-0.22465696930885315,0.9121061563491821,0.015755176544189453,0.19543462991714478,0.5078235268592834,0.1424679011106491,-0.06398195028305054,0.2480984628200531,-0.21646910905838013,0.7824345827102661,0.02560347318649292,0.21385380625724792,0.5296027064323425,0.1812625378370285,-0.055227577686309814,0.2667364180088043,-0.2653276026248932,0.762351930141449,0.023340046405792236,0.17704355716705322,0.4748232960700989,0.18257972598075867,-0.045393168926239014,0.24963852763175964,-0.26118066906929016,0.7549492120742798,0.019120633602142334,0.17861858010292053,0.4853319972753525,0.1720723807811737,-0.04877889156341553,0.242213636636734,-0.21239280700683594,0.7022221088409424,-0.05267333984375,0.30970117449760437,0.4471331834793091,0.9998714327812195,-0.09383690357208252,0.31327763199806213,0.05900950729846954,0.9998189210891724,0.05267828702926636,0.386878103017807,0.5296346545219421,0.850909948348999,-0.13114306330680847,0.44595929980278015,-0.22756853699684143,0.995659589767456,-0.0015108585357666016,0.5356460511684418,0.5903705954551697,0.959703803062439,-0.30859553813934326,0.3704216182231903,-0.07783794403076172,0.9913912415504456,-0.022398412227630615,0.5698927938938141,0.5893774926662445,0.9650238752365112,-0.32520562410354614,0.32667872309684753,-0.05736097693443298,0.9764994978904724,0.07788550853729248,0.5723738968372345,0.5733945965766907,0.9479864239692688,-0.37202250957489014,0.4054381549358368,-0.0523209273815155,0.9818851947784424,SQUAT
0.0,0.0,0.0,0.9996243715286255,-0.011348426342010498,-0.022161588072776794,0.03024059534072876,0.9994792342185974,-0.01052623987197876,-0.0224427729845047,0.030063673853874207,0.9992902278900146,-0.008983790874481201,-0.021578669548034668,0.030022919178009033,0.9995524287223816,-0.019281983375549316,-0.022938326001167297,-0.035565972328186035,0.9996451735496521,-0.025085747241973877,-0.022926270961761475,-0.03566181659698486,0.9995983242988586,-0.028201162815093994,-0.02440492808818817,-0.035878121852874756,0.9996404051780701,-0.042815446853637695,-0.07057293504476547,0.17221961170434952,0.9986814260482788,-0.061559438705444336,-0.021104708313941956,-0.10517403483390808,0.9997109174728394,-0.012607336044311523,0.015627413988113403,0.062180593609809875,0.9993361234664917,-0.01998889446258545,0.016032785177230835,-0.022068798542022705,0.9996347427368164,-0.05401110649108887,0.07869724929332733,0.4068277031183243,0.9994375109672546,-0.10933655500411987,0.08304066956043243,-0.20784270763397217,0.9999171495437622,-0.05187445878982544,0.19450081884860992,0.5126374959945679,0.03712719678878784,-0.11897748708724976,0.2515414208173752,-0.28303828835487366,0.9147025942802429,-0.007816493511199951,0.24999384582042694,0.47910192608833313,0.1510520875453949,-0.0842248797416687,0.334353044629097,-0.3022432029247284,0.7929463386535645,0.005156278610229492,0.24855972826480865,0.4891723394393921,0.19290798902511597,-0.08261668682098389,0.35539384186267853,-0.35551193356513977,0.7734918594360352,0.003258645534515381,0.24411769211292267,0.4501935988664627,0.19454599916934967,-0.06762701272964478,0.3439776450395584,-0.36335137486457825,0.766652524471283,0.004298985004425049,0.25056882202625275,0.458618700504303,0.18294739723205566,-0.06959903240203857,0.3288874179124832,-0.30267253518104553,0.7158845067024231,-0.08207929134368896,0.33243216574192047,0.40336187183856964,0.9996888041496277,-0.11650651693344116,0.3386334329843521,0.0305759459733963,0.999780535697937,-0.051423728466033936,0.45675869286060333,0.3626657575368881,0.8531873822212219,-0.08869701623916626,0.4581426531076431,-0.22857394814491272,0.9939829111099243,-0.3088790774345398,0.44255270063877106,0.43315786123275757,0.9574753642082214,-0.04423260688781738,0.612372949719429,0.05463586747646332,0.990302324295044,-0.3351883888244629,0.41438253223896027,0.4415106326341629,0.9622960090637207,-0.06424111127853394,0.6504905372858047,0.06988610327243805,0.9765533208847046,-0.36748722195625305,0.5050884038209915,0.382593035697937,0.9488030672073364,0.047212839126586914,0.6454212218523026,-0.011212512850761414,0.9815746545791626,SQUAT
0.0,0.0,0.0,0.9996401071548462,-0.0028137564659118652,-0.015387669205665588,0.0370539128780365,0.9994878768920898,-0.000979781150817871,-0.015187762677669525,0.036896079778671265,0.9993113875389099,0.0006224513053894043,-0.014838561415672302,0.036802589893341064,0.9995550513267517,-0.014658570289611816,-0.014683231711387634,-0.00565984845161438,0.9996444582939148,-0.021626293659210205,-0.013921156525611877,-0.005729556083679199,0.9996004700660706,-0.029997527599334717,-0.012729264795780182,-0.005922287702560425,0.9996376037597656,-0.009855508804321289,-0.009557656943798065,0.25707845389842987,0.9986710548400879,-0.054228782653808594,0.0010996609926223755,0.05051398277282715,0.9997027516365051,0.0024849772453308105,0.02201521396636963,0.08695799112319946,0.9993838667869568,-0.012060463428497314,0.022121459245681763,0.030455976724624634,0.9996567964553833,0.03459024429321289,0.11786916106939316,0.4802069887518883,0.9994573593139648,-0.12217104434967041,0.11090879887342453,0.0333172082901001,0.9999150037765503,0.03237813711166382,0.24630170315504074,0.5846059918403625,0.07422859221696854,-0.13844245672225952,0.24202018231153488,-0.027728676795959473,0.9205620884895325,0.06545418500900269,0.3505888804793358,0.4010172672569752,0.18291719257831573,-0.1311921775341034,0.37074198573827744,-0.17154452204704285,0.8053426146507263,0.0737500786781311,0.37559305876493454,0.3667088298825547,0.21641504764556885,-0.1346961259841919,0.4095797464251518,-0.23876646161079407,0.7840856313705444,0.07694417238235474,0.3727456256747246,0.30035145580768585,0.2208259403705597,-0.12281152606010437,0.4082667753100395,-0.27609196305274963,0.7778823375701904,0.07041072845458984,0.3700680062174797,0.36709612363483757,0.2097814977169037,-0.11627304553985596,0.39253001660108566,-0.18800494074821472,0.7282788157463074,0.014103353023529053,0.3850449249148369,0.5154988765716553,0.9995266795158386,-0.08169019222259521,0.38249295204877853,0.22140535712242126,0.999649167060852,0.005190074443817139,0.5613496825098991,0.5056863725185394,0.8517138361930847,-0.08733505010604858,0.5821625515818596,0.12173298001289368,0.99004065990448,-0.03831052780151367,0.7685635611414909,0.6828238070011139,0.9514437913894653,-0.08036243915557861,0.7965949103236198,0.34797665290534496,0.9876460433006287,-0.056420713663101196,0.7944645807147026,0.6893834471702576,0.9509063363075256,-0.08670127391815186,0.8242339417338371,0.3516482301056385,0.9568226337432861,0.02290022373199463,0.8249694034457207,0.5329795479774475,0.9467282891273499,-0.030117332935333252,0.8483002707362175,0.11579117178916931,0.9795816540718079,CURL
0.0,0.0,0.0,0.9996565580368042,-0.0005673766136169434,-0.010953389108181,0.037970513105392456,0.999502956867218,0.0020464062690734863,-0.010195150971412659,0.037843674421310425,0.9993382692337036,0.004470229148864746,-0.009530767798423767,0.03778722882270813,0.9995629191398621,-0.013654768466949463,-0.012703515589237213,-0.006063580513000488,0.9996484518051147,-0.020534873008728027,-0.012700654566287994,-0.006145000457763672,0.9996078610420227,-0.028547227382659912,-0.012152068316936493,-0.006356298923492432,0.9996416568756104,-0.005036115646362305,-0.0010405629873275757,0.25347814708948135,0.9986886978149414,-0.05098000168800354,0.0002952292561531067,0.052713871002197266,0.9996970295906067,0.002406001091003418,0.020949140191078186,0.08397865295410156,0.9994282722473145,-0.014816641807556152,0.020229659974575043,0.026072800159454346,0.9996775984764099,0.03716081380844116,0.1227472797036171,0.4719778746366501,0.9994605779647827,-0.11577770113945007,0.11333189159631729,0.024269044399261475,0.9999119639396667,0.03987836837768555,0.2512620761990547,0.5600250363349915,0.1053960844874382,-0.13335037231445312,0.24339000135660172,-0.03086477518081665,0.9267611503601074,0.06879639625549316,0.36091605573892593,0.37116295634768903,0.21399559080600739,-0.13118714094161987,0.3757241442799568,-0.1644567847251892,0.8191800713539124,0.07936125993728638,0.390447236597538,0.3371182046830654,0.2397792935371399,-0.13254880905151367,0.41720864921808243,-0.2340412139892578,0.7965118885040283,0.08120661973953247,0.3898592069745064,0.2736743614077568,0.24658340215682983,-0.12454041838645935,0.41582152992486954,-0.2692030668258667,0.7907460331916809,0.07404804229736328,0.38185615092515945,0.33829905837774277,0.23612342774868011,-0.12096691131591797,0.40065518766641617,-0.18032795190811157,0.7425078749656677,0.016999244689941406,0.3903321400284767,0.5232378244400024,0.9994535446166992,-0.07572785019874573,0.3880832865834236,0.22419723868370056,0.9995710253715515,0.007773399353027344,0.5797968283295631,0.5216584950685501,0.8475041389465332,-0.07606139779090881,0.5966393128037453,0.177419975399971,0.9877433776855469,-0.017706573009490967,0.7821930423378944,0.8039876520633698,0.945536196231842,-0.07855680584907532,0.8035345450043678,0.43488727509975433,0.9867139458656311,-0.03387966752052307,0.8046908155083656,0.8199405074119568,0.9410650730133057,-0.08556780219078064,0.8317833319306374,0.44434887915849686,0.9463738203048706,0.04599034786224365,0.8353517428040504,0.5976773798465729,0.9458178877830505,-0.03582313656806946,0.8570672050118446,0.19108176231384277,0.9792484045028687,CURL
0.0,0.0,0.0,0.9996347427368164,-0.005249083042144775,-0.01528777927160263,0.0378088653087616,0.999436616897583,-0.0034876465797424316,-0.014856711030006409,0.037641942501068115,0.9992777705192566,-0.0019817352294921875,-0.014404088258743286,0.03758004307746887,0.9994932413101196,-0.01617485284805298,-0.01506873220205307,-0.000513613224029541,0.9995753765106201,-0.022597193717956543,-0.014397397637367249,-0.0005532205104827881,0.9995401501655579,-0.029985427856445312,-0.013398222625255585,-0.0008654296398162842,0.9995636343955994,-0.01691436767578125,-0.002731889486312866,0.25889499485492706,0.9984591007232666,-0.05825096368789673,0.002500884234905243,0.05147653818130493,0.9996153712272644,0.0013672113418579102,0.021211043000221252,0.0859660804271698,0.9994322061538696,-0.013051271438598633,0.02270631492137909,0.030897200107574463,0.9996657371520996,0.02324998378753662,0.12230353057384491,0.4563692510128021,0.9994478821754456,-0.12650850415229797,0.11144599318504333,0.006419956684112549,0.9999032616615295,0.025034010410308838,0.2552516907453537,0.5555097609758377,0.12011488527059555,-0.13851472735404968,0.24090249836444855,-0.02670896053314209,0.9311165809631348,0.05766737461090088,0.36740143597126007,0.39079685509204865,0.22339953482151031,-0.13311704993247986,0.37335599958896637,-0.12829577922821045,0.8267638683319092,0.06921267509460449,0.39534108340740204,0.36275314912199974,0.24454492330551147,-0.13385456800460815,0.4145592898130417,-0.1983051896095276,0.8018133640289307,0.07244551181793213,0.39158083498477936,0.301856255158782,0.2527996003627777,-0.12491637468338013,0.4135872572660446,-0.30578410625457764,0.7963846325874329,0.06370210647583008,0.38613490760326385,0.35911161452531815,0.2443855106830597,-0.12331628799438477,0.3994431048631668,-0.1596529185771942,0.7481639981269836,0.004454255104064941,0.3935225158929825,0.47155703604221344,0.9993445873260498,-0.08657723665237427,0.39333729445934296,0.15766340494155884,0.9994410872459412,-0.004755139350891113,0.5824063867330551,0.48397983610630035,0.8422979712486267,-0.08427584171295166,0.6070679277181625,0.14706112444400787,0.9856024384498596,-0.022570312023162842,0.7762545198202133,0.7848756313323975,0.9399199485778809,-0.09139642119407654,0.8042300194501877,0.38195382058620453,0.9851391315460205,-0.042873263359069824,0.7980401962995529,0.8020651638507843,0.9340802431106567,-0.10114866495132446,0.8318121284246445,0.39076825976371765,0.9327278137207031,0.04345548152923584,0.8343601673841476,0.6210630536079407,0.9442880749702454,-0.03897303342819214,0.8626497238874435,0.15149560570716858,0.978011429309845,CURL
0.0,0.0,0.0,0.9996238350868225,-0.0017516613006591797,-0.017275258898735046,0.040508925914764404,0.9994019865989685,0.0007903575897216797,-0.016864672303199768,0.0403522253036499,0.9992457032203674,0.0031498074531555176,-0.016510657966136932,0.04029074311256409,0.9994450807571411,-0.014671146869659424,-0.01805717498064041,-0.0015479624271392822,0.9995352029800415,-0.021700620651245117,-0.018109746277332306,-0.0015856027603149414,0.9995052814483643,-0.029592812061309814,-0.017946451902389526,-0.0017994940280914307,0.9995216727256775,-0.010779738426208496,-0.006565280258655548,0.26700032502412796,0.9982970356941223,-0.05719226598739624,-0.005929931998252869,0.06408905982971191,0.9995704889297485,0.0003025531768798828,0.020356424152851105,0.08927503228187561,0.9994282722473145,-0.014556825160980225,0.020663700997829437,0.032907307147979736,0.9996558427810669,0.01979506015777588,0.1116449311375618,0.47557249665260315,0.9994344115257263,-0.12843364477157593,0.10202176123857498,0.04541498422622681,0.9998931884765625,0.020879149436950684,0.24199802428483963,0.5755881369113922,0.13533316552639008,-0.14528942108154297,0.2325601950287819,-0.024977922439575195,0.934955894947052,0.05776524543762207,0.35473761707544327,0.39620860666036606,0.24551555514335632,-0.13769981265068054,0.3607036843895912,-0.1792496144771576,0.8350099921226501,0.06717431545257568,0.38487065583467484,0.3633103296160698,0.2623642385005951,-0.1394246518611908,0.402569480240345,-0.25019773840904236,0.8090199828147888,0.07057976722717285,0.3816847577691078,0.29593135602772236,0.2725464403629303,-0.12914139032363892,0.40152300149202347,-0.29057225584983826,0.8040571212768555,0.06290572881698608,0.37462667375802994,0.3622254207730293,0.26415592432022095,-0.12451866269111633,0.3864713981747627,-0.1972053349018097,0.7566710710525513,0.005433201789855957,0.38283661752939224,0.47208501398563385,0.9991757273674011,-0.08134666085243225,0.3841928020119667,0.17190662026405334,0.999274492263794,-0.004977881908416748,0.5690984800457954,0.49116963148117065,0.8411744832992554,-0.08182200789451599,0.5932754352688789,0.17618942260742188,0.9831486940383911,-0.023049116134643555,0.7648084834218025,0.7496079802513123,0.9363231658935547,-0.0914873480796814,0.7912076190114021,0.40983153879642487,0.9831293225288391,-0.04259151220321655,0.7877500727772713,0.7624010145664215,0.9291420578956604,-0.09951719641685486,0.8173608258366585,0.4186604619026184,0.9174920320510864,0.039771318435668945,0.8228941038250923,0.5945404767990112,0.9433087110519409,-0.03745463490486145,0.8441889360547066,0.17441554367542267,0.9758703112602234,CURL
0.0,0.0,0.0,0.9996415376663208,0.0004483461380004883,-0.01628786325454712,0.04460349678993225,0.999431312084198,0.0034093260765075684,-0.01542171835899353,0.044487953186035156,0.9992856383323669,0.006073951721191406,-0.014622993767261505,0.04447007179260254,0.9994655847549438,-0.013506948947906494,-0.018393635749816895,0.007234364748001099,0.9995441436767578,-0.020647764205932617,-0.01893714815378189,0.00715482234954834,0.9995183944702148,-0.0287284255027771,-0.019369587302207947,0.006993502378463745,0.9995312094688416,-0.006412029266357422,-0.0050468966364860535,0.2998413033783436,0.9983840584754944,-0.0551779568195343,-0.010681383311748505,0.11429573595523834,0.9995796084403992,0.00041419267654418945,0.02089599519968033,0.09887513518333435,0.9994592666625977,-0.01573580503463745,0.020222924649715424,0.048122286796569824,0.9996684193611145,0.02010977268218994,0.10852617770433426,0.5138095319271088,0.9994383454322815,-0.125520259141922,0.09932621568441391,0.11782556772232056,0.9998748302459717,0.020263612270355225,0.24302569776773453,0.6137507855892181,0.16484296321868896,-0.14231014251708984,0.2342064157128334,-0.017597347497940063,0.9374390244483948,0.057580411434173584,0.35102490335702896,0.4128735661506653,0.2821081876754761,-0.12220412492752075,0.22501326352357864,-0.3216550648212433,0.8457139134407043,0.06702554225921631,0.3836044445633888,0.372928187251091,0.2942150831222534,-0.11898729205131531,0.21887684613466263,-0.40406468510627747,0.821009635925293,0.06954169273376465,0.37809593230485916,0.30671752989292145,0.3056791126728058,-0.11610379815101624,0.20784131437540054,-0.4291357696056366,0.8167309165000916,0.05977898836135864,0.3709145560860634,0.37946869246661663,0.2974483370780945,-0.11426126956939697,0.2087632492184639,-0.3367539346218109,0.7714954018592834,0.009117841720581055,0.38109565526247025,0.5006182044744492,0.9990755319595337,-0.07726243138313293,0.38325557857751846,0.21224737167358398,0.99916011095047,-0.002924680709838867,0.5690120533108711,0.5153781026601791,0.8470168113708496,-0.0814538300037384,0.5943433120846748,0.2087513655424118,0.9821310639381409,-0.01932966709136963,0.7625817134976387,0.8021790981292725,0.9369198083877563,-0.08938467502593994,0.7946730330586433,0.4647987261414528,0.9822766184806824,-0.04145842790603638,0.7875754907727242,0.8171258270740509,0.9275513291358948,-0.09803315997123718,0.8203848078846931,0.47586919367313385,0.9059666991233826,0.046122193336486816,0.8231474831700325,0.6283385157585144,0.9446940422058105,-0.03330919146537781,0.8471533730626106,0.21434363722801208,0.9748470187187195,CURL
0.0,0.0,0.0,0.999645471572876,0.0019819140434265137,-0.016045160591602325,0.04330584406852722,0.9994373917579651,0.005489230155944824,-0.015094377100467682,0.043208152055740356,0.9992988109588623,0.00881284475326538,-0.014072887599468231,0.043197840452194214,0.9994626641273499,-0.012988448143005371,-0.01786404848098755,0.008436024188995361,0.9995266199111938,-0.01977163553237915,-0.017993338406085968,0.008360028266906738,0.9995079040527344,-0.027676314115524292,-0.01799698919057846,0.008215755224227905,0.9995125532150269,-0.0002956986427307129,-0.0033166036009788513,0.2948215641081333,0.9984378814697266,-0.051580190658569336,-0.008434422314167023,0.13805697858333588,0.9995511770248413,0.002316772937774658,0.02242112159729004,0.09723076224327087,0.9994682669639587,-0.015456080436706543,0.021593302488327026,0.04736357927322388,0.9996561408042908,0.02437877655029297,0.11051952838897705,0.5079981535673141,0.9994038343429565,-0.1178702712059021,0.0984673798084259,0.13475516438484192,0.9998272061347961,0.023524820804595947,0.2426171600818634,0.6089525818824768,0.20160281658172607,-0.13777369260787964,0.21756303310394287,-0.12850111722946167,0.9409700632095337,0.06127196550369263,0.34358450770378113,0.435929611325264,0.3224157989025116,-0.11352679133415222,0.18348601460456848,-0.5508117377758026,0.8583992719650269,0.07256048917770386,0.3801768720149994,0.4067891128361225,0.3279862105846405,-0.1117057204246521,0.17845690250396729,-0.6441498100757599,0.8351308107376099,0.07499819993972778,0.3765745162963867,0.34467945573851466,0.3401315212249756,-0.11093127727508545,0.16698801517486572,-0.6509727537631989,0.8313066959381104,0.0667220950126648,0.3687933385372162,0.4056439623236656,0.3315523862838745,-0.10767072439193726,0.16671159863471985,-0.5619954764842987,0.788906991481781,0.013165593147277832,0.3820207715034485,0.4839559495449066,0.9989430904388428,-0.07010719180107117,0.38555482029914856,0.21714472770690918,0.9989862442016602,0.0006752610206604004,0.5721409916877747,0.46912529319524765,0.8526199460029602,-0.07797622680664062,0.5976173877716064,0.2077750414609909,0.9802613854408264,-0.0184251070022583,0.7651256918907166,0.7902888357639313,0.9358615279197693,-0.08516722917556763,0.7961156368255615,0.4544975087046623,0.9802097678184509,-0.040895700454711914,0.7921931743621826,0.8059594631195068,0.9229435324668884,-0.09304967522621155,0.8237704038619995,0.4653609022498131,0.8906742930412292,0.047613441944122314,0.8263537287712097,0.5612104535102844,0.9443585872650146,-0.02916550636291504,0.8475390076637268,0.20736053586006165,0.9726523756980896,CURL
0.0,0.0,0.0,0.9996507167816162,0.0018036365509033203,-0.016234375536441803,0.04222291707992554,0.9994459748268127,0.005036294460296631,-0.015255987644195557,0.042109400033950806,0.9993153214454651,0.008113265037536621,-0.014207884669303894,0.04208055138587952,0.9994650483131409,-0.012221992015838623,-0.01818019151687622,0.0016692876815795898,0.9995133280754089,-0.018846452236175537,-0.01832764595746994,0.0015956759452819824,0.9994994401931763,-0.026348531246185303,-0.018285319209098816,0.0014445483684539795,0.9994980692863464,-0.0015371441841125488,-0.0038803741335868835,0.290378175675869,0.9984869956970215,-0.05041155219078064,-0.009141117334365845,0.13801711797714233,0.9995248913764954,0.0014681220054626465,0.021401487290859222,0.09303039312362671,0.9994742274284363,-0.015241444110870361,0.02052014321088791,0.04419994354248047,0.9996428489685059,0.022157490253448486,0.10943735390901566,0.49969714879989624,0.9993773698806763,-0.11619272828102112,0.09608817845582962,0.14041897654533386,0.9997818470001221,0.021483182907104492,0.2419661357998848,0.5990496575832367,0.2308190017938614,-0.13675183057785034,0.22292784601449966,-0.11770284175872803,0.9428204298019409,0.05916798114776611,0.34171054512262344,0.4375617653131485,0.3571672737598419,-0.11983561515808105,0.18803999572992325,-0.5021275877952576,0.8686618804931641,0.07076263427734375,0.3758217766880989,0.4109104797244072,0.3573242723941803,-0.11534056067466736,0.18242234736680984,-0.5928500294685364,0.8466551899909973,0.0738837718963623,0.3732299283146858,0.3496496006846428,0.37003475427627563,-0.11531925201416016,0.16386238485574722,-0.6036316156387329,0.8432698249816895,0.06476891040802002,0.365164615213871,0.40782539546489716,0.360807329416275,-0.11267924308776855,0.16370952874422073,-0.5144299268722534,0.8030827641487122,0.011562824249267578,0.3768784776329994,0.47337979078292847,0.9987983107566833,-0.06854811310768127,0.37931204587221146,0.20430424809455872,0.9988056421279907,-0.0024409890174865723,0.5740647986531258,0.47182025015354156,0.8554337024688721,-0.07330825924873352,0.5935126021504402,0.20153240859508514,0.978073000907898,-0.022955656051635742,0.7621159628033638,0.7560132145881653,0.9335747361183167,-0.08696490526199341,0.7940718606114388,0.43841008841991425,0.9779776930809021,-0.045425862073898315,0.7907677367329597,0.7691831886768341,0.9174074530601501,-0.09734320640563965,0.8227939680218697,0.4490918219089508,0.8758088946342468,0.0440787672996521,0.8236270621418953,0.5629994720220566,0.9431394338607788,-0.02604442834854126,0.8467744067311287,0.19679275155067444,0.9700769782066345,CURL
0.0,0.0,0.0,0.9996477365493774,0.00316542387008667,-0.015432730317115784,0.04251366853713989,0.9994457364082336,0.006967425346374512,-0.014196746051311493,0.04240730404853821,0.9993206858634949,0.010528743267059326,-0.01298244297504425,0.042383015155792236,0.9994580745697021,-0.012047648429870605,-0.01788804680109024,0.011963486671447754,0.9994872212409973,-0.01894932985305786,-0.018021680414676666,0.0118941068649292,0.9994774460792542,-0.026754558086395264,-0.017946869134902954,0.011754661798477173,0.9994680285453796,0.0030821561813354492,-0.0017703399062156677,0.29898789525032043,0.9985173344612122,-0.05004847049713135,-0.007459752261638641,0.15465110540390015,0.999488353729248,0.0027524828910827637,0.02176302671432495,0.0969010591506958,0.9994720816612244,-0.01501917839050293,0.020824402570724487,0.05606153607368469,0.9996235370635986,0.0257951021194458,0.11111071705818176,0.5042218714952469,0.9993380308151245,-0.11445191502571106,0.09617377817630768,0.15974748134613037,0.9997291564941406,0.02446615695953369,0.24462665617465973,0.597299724817276,0.25441569089889526,-0.13608404994010925,0.21810485422611237,-0.10219761729240417,0.944172739982605,0.06450295448303223,0.34331245720386505,0.4235287681221962,0.38644587993621826,-0.1123981773853302,0.1870592087507248,-0.5035618841648102,0.876619279384613,0.07415294647216797,0.3785673528909683,0.39033613726496696,0.3824009299278259,-0.10884329676628113,0.1825971156358719,-0.5945223867893219,0.8552134037017822,0.07739275693893433,0.3757152706384659,0.32675182446837425,0.3956775665283203,-0.10808178782463074,0.16374383866786957,-0.6030341684818268,0.8521921038627625,0.06908178329467773,0.3660324960947037,0.3934510163962841,0.385857492685318,-0.10542622208595276,0.16330482065677643,-0.5153379738330841,0.8136556148529053,0.01479494571685791,0.38034670054912567,0.4825514405965805,0.9986663460731506,-0.06650850176811218,0.38213349878787994,0.2235918939113617,0.9986562728881836,0.0005323290824890137,0.5749814957380295,0.48327338695526123,0.858651340007782,-0.07487422227859497,0.594779297709465,0.21756218373775482,0.9767671227455139,-0.018386244773864746,0.7621320337057114,0.7672100365161896,0.9324076175689697,-0.08447802066802979,0.7950076907873154,0.4545973464846611,0.9761496186256409,-0.04147094488143921,0.790863499045372,0.7800985872745514,0.9129711985588074,-0.0935637354850769,0.8232923597097397,0.46500667184591293,0.8609622120857239,0.048427462577819824,0.8242251724004745,0.5588647425174713,0.9424377679824829,-0.023978114128112793,0.8481807559728622,0.2088012397289276,0.9678605794906616,CURL
0.0,0.0,0.0,0.9996333122253418,0.0017716288566589355,-0.016024276614189148,0.04379826784133911,0.9994277358055115,0.005214035511016846,-0.014874443411827087,0.04369440674781799,0.9993076920509338,0.008453547954559326,-0.013696007430553436,0.04367205500602722,0.9994338154792786,-0.012427687644958496,-0.018242396414279938,0.013224750757217407,0.9994425177574158,-0.019057035446166992,-0.01827339082956314,0.013149768114089966,0.9994369149208069,-0.026610523462295532,-0.01802833378314972,0.012997478246688843,0.9994176030158997,0.00022715330123901367,-0.00210464745759964,0.30374036729335785,0.9985054135322571,-0.051160603761672974,-0.006598852574825287,0.15509504079818726,0.999437689781189,0.0025976896286010742,0.02195722609758377,0.09832143783569336,0.9994600415229797,-0.014605700969696045,0.021526508033275604,0.056729137897491455,0.9995993971824646,0.025402545928955078,0.11243978887796402,0.5078004896640778,0.9992861747741699,-0.11800548434257507,0.09841839224100113,0.1552848219871521,0.9996652603149414,0.02452552318572998,0.2469467893242836,0.6009318232536316,0.2728634178638458,-0.13820219039916992,0.22014132887125015,-0.08739009499549866,0.9440075159072876,0.06360340118408203,0.3464764431118965,0.4202026501297951,0.40710482001304626,-0.11154258251190186,0.19812626391649246,-0.4611775577068329,0.8805562257766724,0.07297968864440918,0.3803608790040016,0.38380827475339174,0.3997815251350403,-0.10746458172798157,0.1929406002163887,-0.5492615401744843,0.8595700263977051,0.07635068893432617,0.3772195652127266,0.3193594068288803,0.41374000906944275,-0.10789850354194641,0.1810535565018654,-0.5630391538143158,0.856979489326477,0.06858032941818237,0.3683100715279579,0.3891173657029867,0.40395644307136536,-0.10561054944992065,0.18113509565591812,-0.4742882549762726,0.8191898465156555,0.01382380723953247,0.3840531185269356,0.5009452253580093,0.9985357522964478,-0.07015982270240784,0.3861534669995308,0.2423340529203415,0.9985020756721497,-0.00020456314086914062,0.5767720714211464,0.505826324224472,0.8613736629486084,-0.07739990949630737,0.5967889800667763,0.24104751646518707,0.9753021001815796,-0.018764197826385498,0.7620793357491493,0.7804950177669525,0.9318773150444031,-0.0852232575416565,0.7957994118332863,0.4924849718809128,0.97444748878479,-0.04190292954444885,0.7912342920899391,0.7931328117847443,0.9096853137016296,-0.09388270974159241,0.8237736001610756,0.5037266314029694,0.8470163345336914,0.04663747549057007,0.824076808989048,0.5865651071071625,0.9420328140258789,-0.025644361972808838,0.8485725298523903,0.23351489007472992,0.9655866026878357,CURL
0.0,0.0,0.0,0.9995847344398499,0.0006865859031677246,-0.015982739627361298,0.044322580099105835,0.999347448348999,0.003653585910797119,-0.01499137282371521,0.04417848587036133,0.9992309212684631,0.006469845771789551,-0.013919904828071594,0.044118732213974,0.9993382692337036,-0.012418925762176514,-0.01777048408985138,0.009015262126922607,0.9993566274642944,-0.018754303455352783,-0.017659828066825867,0.00896543264389038,0.999357283115387,-0.02600938081741333,-0.017186209559440613,0.008802950382232666,0.99932861328125,-0.0032535195350646973,-0.002239145338535309,0.2961948737502098,0.9982216358184814,-0.05141323804855347,-0.00509779155254364,0.14595548808574677,0.9993538856506348,0.001558840274810791,0.021633021533489227,0.09535592794418335,0.9993920922279358,-0.014664888381958008,0.021560199558734894,0.04823625087738037,0.9995546936988831,0.024924516677856445,0.1151362881064415,0.505149781703949,0.9992265105247498,-0.12029018998146057,0.10131538659334183,0.13429677486419678,0.9996537566184998,0.023945987224578857,0.25013823062181473,0.5978523790836334,0.26907914876937866,-0.1377619206905365,0.23084522038698196,0.03890809416770935,0.9453585147857666,0.06278121471405029,0.3521209731698036,0.39376300387084484,0.4101494550704956,-0.1280701756477356,0.3400536850094795,-0.15987032651901245,0.8797538876533508,0.07083159685134888,0.38418570905923843,0.35039476305246353,0.4029589295387268,-0.12436628341674805,0.39122868329286575,-0.2310025691986084,0.8566439747810364,0.0738910436630249,0.38388124853372574,0.28070447593927383,0.41793546080589294,-0.11482751369476318,0.3935009315609932,-0.26539522409439087,0.8542572259902954,0.06437128782272339,0.3758489862084389,0.35833999142050743,0.4077576696872711,-0.11259818077087402,0.3769683912396431,-0.17667877674102783,0.8160063028335571,0.013190269470214844,0.38730261474847794,0.5009336173534393,0.9984219670295715,-0.07211902737617493,0.38884568959474564,0.23384462296962738,0.9984732866287231,-0.0011634230613708496,0.57982287555933,0.5160471051931381,0.8585734367370605,-0.07763174176216125,0.598422683775425,0.2227712720632553,0.9741305708885193,-0.02041804790496826,0.7606634870171547,0.8102174401283264,0.9297978281974792,-0.0857921838760376,0.7985798493027687,0.484463632106781,0.9733351469039917,-0.042516857385635376,0.7894822135567665,0.825324535369873,0.9061155319213867,-0.09452128410339355,0.8269021883606911,0.4792759642004967,0.8346659541130066,0.04493260383605957,0.8245612755417824,0.6342423558235168,0.940475583076477,-0.026544809341430664,0.8502787724137306,0.18921366333961487,0.9637782573699951,CURL
0.0,0.0,0.0,0.9995238184928894,0.0005824565887451172,-0.015558399260044098,0.047364115715026855,0.9992738962173462,0.0034502744674682617,-0.014520719647407532,0.04720696806907654,0.9991618394851685,0.006173908710479736,-0.013339996337890625,0.047120243310928345,0.9992627501487732,-0.012333810329437256,-0.01711355149745941,0.011690109968185425,0.9992642402648926,-0.018560469150543213,-0.016858719289302826,0.011642217636108398,0.9992673993110657,-0.025908172130584717,-0.01617768406867981,0.011456161737442017,0.99923175573349,-0.003672301769256592,-0.000638812780380249,0.30569445341825485,0.9980520009994507,-0.05123704671859741,-0.002611130475997925,0.13747161626815796,0.9992709159851074,0.0015541911125183105,0.021697767078876495,0.09915317595005035,0.9993315935134888,-0.01440197229385376,0.021845191717147827,0.0510389506816864,0.9995025992393494,0.026362478733062744,0.11713925749063492,0.5032800287008286,0.9991976022720337,-0.11810457706451416,0.1033562645316124,0.1300894170999527,0.9996331930160522,0.02513277530670166,0.2501000389456749,0.5770632773637772,0.26857292652130127,-0.13493067026138306,0.2246508225798607,0.003928154706954956,0.9457337260246277,0.06463778018951416,0.3553377017378807,0.36537886410951614,0.4145404100418091,-0.12484234571456909,0.3351089581847191,-0.21489229798316956,0.8769321441650391,0.06870293617248535,0.3879779502749443,0.31857578083872795,0.40690553188323975,-0.12242698669433594,0.38345133513212204,-0.2914890944957733,0.8517275452613831,0.07120633125305176,0.3869793340563774,0.2499735727906227,0.42278239130973816,-0.11125534772872925,0.38616084307432175,-0.31704017519950867,0.8493623733520508,0.05990725755691528,0.37794049829244614,0.3299029339104891,0.41219204664230347,-0.10954204201698303,0.3660760745406151,-0.2291490137577057,0.8102729916572571,0.01436692476272583,0.38811858743429184,0.47599901258945465,0.998359203338623,-0.07297968864440918,0.3881218060851097,0.20646490156650543,0.9984717965126038,-0.0006273984909057617,0.5837528333067894,0.491056427359581,0.8592570424079895,-0.07561174035072327,0.6006951555609703,0.1908312737941742,0.973863959312439,-0.019886374473571777,0.7623274549841881,0.7756073176860809,0.9296019077301025,-0.08329913020133972,0.8020484670996666,0.4482609033584595,0.9732740521430969,-0.040349483489990234,0.789343498647213,0.7900410592556,0.9049509763717651,-0.09230202436447144,0.830210767686367,0.4490225315093994,0.8276130557060242,0.04446631669998169,0.8271321877837181,0.6065155267715454,0.9403030872344971,-0.02629193663597107,0.8518449887633324,0.1542084664106369,0.9632472991943359,CURL
0.0,0.0,0.0,0.9994850754737854,0.0003554821014404297,-0.013955414295196533,0.04764166474342346,0.9992094039916992,0.003240227699279785,-0.012894310057163239,0.04749685525894165,0.9991092681884766,0.00593721866607666,-0.011695154011249542,0.0474206805229187,0.9992014169692993,-0.012736141681671143,-0.015549182891845703,0.012032479047775269,0.9991755485534668,-0.019226491451263428,-0.015277616679668427,0.011997193098068237,0.9991817474365234,-0.027061671018600464,-0.014700807631015778,0.011846184730529785,0.9991351962089539,-0.004004955291748047,0.0012630671262741089,0.3135511390864849,0.9978573322296143,-0.05252876877784729,-0.0008368119597434998,0.14932110905647278,0.9991728663444519,0.002206563949584961,0.022408515214920044,0.09944245219230652,0.9992843270301819,-0.013863682746887207,0.021738968789577484,0.05205675959587097,0.9994509220123291,0.02754366397857666,0.11935454607009888,0.5156575441360474,0.9991762638092041,-0.11760705709457397,0.1049177497625351,0.15312594175338745,0.9996010661125183,0.026528596878051758,0.2474280744791031,0.6002314686775208,0.27493971586227417,-0.13406512141227722,0.22071288526058197,0.14872203767299652,0.9462626576423645,0.059970080852508545,0.3581826239824295,0.3814240898936987,0.4164935052394867,-0.12637090682983398,0.3370933085680008,0.05566301941871643,0.8658002614974976,0.06829994916915894,0.3918237239122391,0.33180714026093483,0.4062618911266327,-0.12661981582641602,0.3840413838624954,-0.0006043314933776855,0.8355290293693542,0.07087063789367676,0.3914589136838913,0.2633908912539482,0.42313721776008606,-0.11529096961021423,0.38513295352458954,-0.039999306201934814,0.8333410620689392,0.059645116329193115,0.3807736486196518,0.34527847170829773,0.41261157393455505,-0.11264079809188843,0.37609465420246124,0.03945615887641907,0.7941254377365112,0.015544593334197998,0.37987564504146576,0.4904792159795761,0.9982149600982666,-0.07441732287406921,0.3799571543931961,0.2317332774400711,0.9983803629875183,-0.0029631853103637695,0.5848845392465591,0.48786206543445587,0.8572214245796204,-0.07470390200614929,0.6023708134889603,0.2095903605222702,0.9731018543243408,-0.02062767744064331,0.7665687948465347,0.7438867390155792,0.9284482002258301,-0.08217784762382507,0.8041023761034012,0.4273983910679817,0.9724938869476318,-0.040531158447265625,0.79311902821064,0.7546955049037933,0.9005337953567505,-0.09104174375534058,0.8323496133089066,0.42753496766090393,0.8164665102958679,0.04183173179626465,0.8319049030542374,0.5473680347204208,0.939468502998352,-0.029310643672943115,0.8546232134103775,0.14397257566452026,0.9620632529258728,CURL
0.0,0.0,0.0,0.9985809326171875,0.009448707103729248,-0.013550788164138794,0.006182074546813965,0.9986521005630493,0.01388329267501831,-0.017105787992477417,0.006098389625549316,0.9983230829238892,0.018735170364379883,-0.0212191641330719,0.005949497222900391,0.9984745383262634,-0.005084574222564697,-0.012207835912704468,-0.041542887687683105,0.9987799525260925,-0.011570215225219727,-0.014684915542602539,-0.04201078414916992,0.9986459016799927,-0.017918825149536133,-0.017388522624969482,-0.04231762886047363,0.9985338449478149,0.01219475269317627,-0.06159523129463196,0.18136608600616455,0.9966965913772583,-0.047188401222229004,-0.044149935245513916,-0.04167354106903076,0.9987549185752869,-0.0021561384201049805,-0.00463336706161499,0.08347535133361816,0.9981305599212646,-0.022216379642486572,-0.004651665687561035,0.017533540725708008,0.9981655478477478,-0.008166372776031494,-0.056250154972076416,0.49474000930786133,0.9981001615524292,-0.20560643076896667,-0.025948047637939453,0.21662026643753052,0.9970636367797852,0.06267255544662476,0.044771283864974976,0.7392792403697968,0.26837244629859924,-0.2956649363040924,0.09290647506713867,0.30131620168685913,0.9407781958580017,0.11412477493286133,0.12278717756271362,0.6820691823959351,0.40819576382637024,-0.36696499586105347,0.19007837772369385,0.3053632378578186,0.8609996438026428,0.14597982168197632,0.14479321241378784,0.6651122868061066,0.39458340406417847,-0.4018445163965225,0.2076404094696045,0.2524716854095459,0.8300716876983643,0.15316754579544067,0.16208487749099731,0.5878180265426636,0.41378119587898254,-0.38708704710006714,0.21720659732818604,0.20110154151916504,0.8287788033485413,0.12789344787597656,0.14601445198059082,0.6479799747467041,0.4081375002861023,-0.36830613017082214,0.21033555269241333,0.28193432092666626,0.793015718460083,-0.10102784633636475,-0.012118518352508545,1.2343069314956665,0.9982426762580872,-0.22197595238685608,-0.006625652313232422,1.0469514206051826,0.9984140396118164,0.06498819589614868,0.06664246320724487,1.1791922263801098,0.8161788582801819,-0.3232625424861908,0.13325101137161255,0.985031008720398,0.9419096112251282,0.16771042346954346,0.221188485622406,1.4178612232208252,0.8938493132591248,-0.43552741408348083,0.33088529109954834,1.2084314450621605,0.9579095244407654,0.1699545979499817,0.2569856643676758,1.4321888387203217,0.8673086166381836,-0.4352812021970749,0.35982710123062134,1.2151753529906273,0.7790248990058899,0.2712756395339966,0.2502078413963318,1.220740258693695,0.9037497639656067,-0.5117124170064926,0.3791881799697876,0.9436874538660049,0.9331832528114319,PUSH UP
0.0,0.0,0.0,0.9986395239830017,0.011063337326049805,-0.013914436101913452,0.013341784477233887,0.9987041354179382,0.016254961490631104,-0.01725691556930542,0.013239145278930664,0.9983570575714111,0.022837817668914795,-0.021040648221969604,0.01316690444946289,0.9985141158103943,-0.0048615336418151855,-0.01370510458946228,-0.02199840545654297,0.9988090991973877,-0.012972772121429443,-0.018811851739883423,-0.02221161127090454,0.9986391067504883,-0.01874697208404541,-0.021740972995758057,-0.022478163242340088,0.9985626339912415,0.014582514762878418,-0.04872715473175049,0.18520957231521606,0.996826171875,-0.060070037841796875,-0.0512981116771698,0.02128201723098755,0.9988229870796204,-0.005775749683380127,-0.0065257251262664795,0.0788680911064148,0.9982628226280212,-0.02766507863998413,-0.00942191481590271,0.030656933784484863,0.9983081221580505,0.007017672061920166,-0.04402357339859009,0.38112688064575195,0.9982721209526062,-0.22078916430473328,-0.04454776644706726,0.19264423847198486,0.997351348400116,0.07387131452560425,0.07307577133178711,0.26568400859832764,0.2478829324245453,-0.33618754148483276,0.11044064164161682,0.1102895736694336,0.9328445792198181,0.13217473030090332,0.17309042811393738,-0.09665220975875854,0.38380101323127747,-0.4134235382080078,0.2545500695705414,-0.013460040092468262,0.8593841195106506,0.16521918773651123,0.19346460700035095,-0.1647774577140808,0.37539374828338623,-0.46184854209423065,0.2669871151447296,-0.07056504487991333,0.8276101350784302,0.1514606475830078,0.19337335228919983,-0.22362393140792847,0.39497676491737366,-0.4421378970146179,0.2783052623271942,-0.13140302896499634,0.8276700973510742,0.13189369440078735,0.18999889492988586,-0.13043373823165894,0.3893357515335083,-0.4169476479291916,0.26052168011665344,-0.040291786193847656,0.7940419912338257,-0.08149063587188721,0.026061594486236572,0.8227972239255905,0.998409628868103,-0.2262357473373413,-0.012219607830047607,0.6992347873747349,0.998568058013916,0.03195309638977051,0.10851660370826721,0.24158519506454468,0.7578437924385071,-0.3137180507183075,0.16518041491508484,0.17206227779388428,0.9048530459403992,0.11204701662063599,0.2106957733631134,0.22863370180130005,0.8344156742095947,-0.439699724316597,0.31227895617485046,0.13521230220794678,0.9303841590881348,0.10656869411468506,0.24535170197486877,0.21880513429641724,0.8354066014289856,-0.4294213652610779,0.3571479618549347,0.12086337804794312,0.7608165144920349,0.1761479377746582,0.20220336318016052,-0.014400243759155273,0.864082396030426,-0.533063717186451,0.3499049246311188,-0.12350499629974365,0.9133488535881042,PUSH UP
0.0,0.0,0.0,0.9987747669219971,0.009808778762817383,-0.015796422958374023,0.017641186714172363,0.9988319873809814,0.025048911571502686,-0.012966126203536987,0.017414331436157227,0.9985191822052002,0.03167688846588135,-0.013356238603591919,0.017221570014953613,0.9986593127250671,-0.006515800952911377,-0.01894444227218628,-0.012957453727722168,0.9989268183708191,-0.011990845203399658,-0.022231340408325195,-0.013256549835205078,0.9987736940383911,-0.021639883518218994,-0.024718403816223145,-0.013443350791931152,0.9987037777900696,0.025367140769958496,-0.0389065146446228,0.30117881298065186,0.997135579586029,-0.057196974754333496,-0.047250986099243164,0.1535625457763672,0.9989394545555115,-0.001193702220916748,0.0011307597160339355,0.1210564374923706,0.9984363317489624,-0.02069687843322754,-0.002921551465988159,0.07780241966247559,0.9984772205352783,0.036539435386657715,-0.03875729441642761,0.5869788527488708,0.9984387159347534,-0.20996180176734924,-0.03075912594795227,0.4800121784210205,0.9976159334182739,0.08564919233322144,0.10616075992584229,0.2764577865600586,0.2937377691268921,-0.3199544847011566,0.1272241771221161,0.19786059856414795,0.9388499855995178,0.13502633571624756,0.18797633051872253,-0.23748993873596191,0.38875606656074524,-0.3968830555677414,0.2925299108028412,-0.17133426666259766,0.8661803603172302,0.1587197184562683,0.20686516165733337,-0.35347628593444824,0.40111058950424194,-0.44224226474761963,0.3116183578968048,-0.2805734872817993,0.8373913168907166,0.14198505878448486,0.20004430413246155,-0.4236125946044922,0.4186548590660095,-0.4290218651294708,0.3158487379550934,-0.3524717092514038,0.8374033570289612,0.12521392107009888,0.19672080874443054,-0.2762366533279419,0.408118337392807,-0.41138511896133423,0.30735620856285095,-0.20779871940612793,0.8049196004867554,-0.030752062797546387,0.1161436140537262,1.5837210938334465,0.998539388179779,-0.18590256571769714,0.11515632271766663,1.5109179615974426,0.9987052083015442,0.09494537115097046,0.14323946833610535,0.9400345087051392,0.7802270650863647,-0.2712687849998474,0.19385495781898499,0.6092258095741272,0.9138391613960266,0.1012755036354065,0.1974976360797882,0.5731821656227112,0.8355197310447693,-0.39414533972740173,0.3292213976383209,-0.20041024684906006,0.9354627728462219,0.08716452121734619,0.25024667382240295,0.5132875442504883,0.8482895493507385,-0.3935597538948059,0.40926429629325867,-0.30561280250549316,0.7845931649208069,0.13548493385314941,0.13343432545661926,0.3709834814071655,0.8748647570610046,-0.46284063160419464,0.2488572895526886,-0.48757314682006836,0.9219187498092651,PUSH UP
0.0,0.0,0.0,0.9988436698913574,0.017068028450012207,-0.010934025049209595,0.0026341676712036133,0.9988701939582825,0.02386796474456787,-0.009132146835327148,0.0024951696395874023,0.998547375202179,0.029467284679412842,-0.007464706897735596,0.0024334192276000977,0.9986428022384644,-0.001612544059753418,-0.019587010145187378,-0.01938307285308838,0.998991847038269,-0.008288025856018066,-0.02465587854385376,-0.01969778537750244,0.9988516569137573,-0.015566408634185791,-0.029560834169387817,-0.02010369300842285,0.9987937808036804,0.023741543292999268,-0.02313530445098877,0.15932637453079224,0.9971179366111755,-0.046339452266693115,-0.052178531885147095,0.05225849151611328,0.9990130066871643,-0.008966386318206787,0.005191177129745483,0.07177555561065674,0.9985492825508118,-0.028378963470458984,-0.006777435541152954,0.04036056995391846,0.9986212849617004,0.027558624744415283,-0.016536206007003784,0.3405293822288513,0.9984990954399109,-0.20286166667938232,-0.025079995393753052,0.2642211318016052,0.9978525638580322,0.04347085952758789,0.10779830813407898,0.24984592199325562,0.28435689210891724,-0.3202848434448242,0.1446738839149475,0.15099161863327026,0.9436978101730347,0.007769405841827393,0.19609874486923218,0.060120463371276855,0.3554588556289673,-0.39818911254405975,0.3127472400665283,0.02623891830444336,0.8712315559387207,0.0008134245872497559,0.22631239891052246,-0.0027551651000976562,0.36852124333381653,-0.46647579967975616,0.3318476676940918,-0.03700697422027588,0.8391948938369751,-0.03297114372253418,0.21101921796798706,-0.033417344093322754,0.38415849208831787,-0.4421702176332474,0.33882415294647217,-0.09874248504638672,0.840042233467102,-0.032815635204315186,0.20330888032913208,0.0451892614364624,0.37443360686302185,-0.4128233790397644,0.32993924617767334,-0.0011518001556396484,0.8115535378456116,-0.02484816312789917,0.1288434863090515,1.1471722647547722,0.9986748099327087,-0.16968625783920288,0.14122122526168823,1.0538415871560574,0.9988312125205994,0.12700814008712769,0.13814571499824524,0.8662755787372589,0.7834679484367371,-0.20200392603874207,0.1872984766960144,0.5654962062835693,0.9003671407699585,0.13357502222061157,0.18221455812454224,0.7606509327888489,0.7944058775901794,-0.232386976480484,0.21277332305908203,0.11279082298278809,0.9144931435585022,0.11719256639480591,0.2198585867881775,0.7390263676643372,0.8430121541023254,-0.23056277632713318,0.26597607135772705,0.06203949451446533,0.8017325401306152,0.16931229829788208,0.1391342282295227,0.6478389203548431,0.8663008213043213,-0.2524663507938385,0.11618995666503906,-0.0701225996017456,0.9260895848274231,PUSH UP
0.0,0.0,0.0,0.9989528656005859,0.020475327968597412,-0.005976319313049316,0.00508803129196167,0.998971700668335,0.0245324969291687,-0.00728839635848999,0.0050247907638549805,0.9986655116081238,0.02835261821746826,-0.01001274585723877,0.004897415637969971,0.998761773109436,0.011381864547729492,-0.008346199989318848,-0.03754723072052002,0.9990907311439514,0.006770670413970947,-0.012584984302520752,-0.03769463300704956,0.9989645481109619,0.002696216106414795,-0.017994046211242676,-0.03802460432052612,0.9989137053489685,0.02333831787109375,-0.04404169321060181,0.124264657497406,0.9973781108856201,-0.023247480392456055,-0.06481188535690308,-0.06759673357009888,0.9991104602813721,-0.017801344394683838,-0.014169752597808838,0.05717843770980835,0.9986862540245056,-0.02500593662261963,-0.02112138271331787,0.0016475319862365723,0.9987574815750122,-0.02028757333755493,-0.11235076189041138,0.334550142288208,0.9986006617546082,-0.17149031162261963,-0.12381696701049805,-0.016167879104614258,0.9980661273002625,0.005771279335021973,-0.13518035411834717,0.6612038910388947,0.29951581358909607,-0.3305670917034149,-0.08523350954055786,-0.01645869016647339,0.9492439031600952,0.03271806240081787,-0.19008278846740723,0.8605262450873852,0.3470354378223419,-0.48190629482269287,0.013652205467224121,-0.05465686321258545,0.8840134143829346,0.04909205436706543,-0.20285019278526306,0.860715713351965,0.35698461532592773,-0.5235237777233124,0.026834726333618164,-0.14277368783950806,0.85498046875,0.04510307312011719,-0.19635656476020813,0.8360195197165012,0.370776504278183,-0.5141832679510117,0.04218262434005737,-0.14758199453353882,0.8556661605834961,0.02925974130630493,-0.18392685055732727,0.8553022108972073,0.35426175594329834,-0.49331003427505493,0.032957494258880615,-0.06032449007034302,0.8296079039573669,-0.26530611515045166,-0.17948073148727417,0.9128758236765862,0.9987685680389404,-0.3194752633571625,-0.19274818897247314,0.6920363456010818,0.9989364147186279,-0.3947632908821106,-0.17252421379089355,1.2558602392673492,0.7200688719749451,-0.4396606683731079,-0.2036755383014679,1.0906037986278534,0.8708511590957642,-0.5305298417806625,-0.2194761037826538,1.7201837301254272,0.751006543636322,-0.551551878452301,-0.24975532293319702,1.5677666664123535,0.9097285270690918,-0.5490116775035858,-0.23940640687942505,1.7698503732681274,0.8165568113327026,-0.5621370226144791,-0.2748808264732361,1.6186140179634094,0.8089678883552551,-0.5827797055244446,-0.1661837100982666,1.7262110710144043,0.8255945444107056,-0.6110562086105347,-0.1881396770477295,1.5432215332984924,0.9145388007164001,PUSH UP
0.0,0.0,0.0,0.9990459084510803,0.018639683723449707,-0.006539404392242432,0.02173018455505371,0.9990466833114624,0.022448420524597168,-0.007934927940368652,0.021729111671447754,0.9987337589263916,0.026106595993041992,-0.01033008098602295,0.021578669548034668,0.9988391995429993,0.009169220924377441,-0.009790480136871338,-0.04027986526489258,0.9991778135299683,0.004700422286987305,-0.014203488826751709,-0.04052853584289551,0.999064028263092,0.0004194974899291992,-0.019534766674041748,-0.040957093238830566,0.9990202784538269,0.023012518882751465,-0.044192492961883545,0.2535649538040161,0.9975268840789795,-0.018114686012268066,-0.05991220474243164,-0.028519034385681152,0.9991933107376099,-0.013410568237304688,-0.010860204696655273,0.10446465015411377,0.9987510442733765,-0.022561490535736084,-0.017659306526184082,0.022060632705688477,0.9988693594932556,0.0005248188972473145,-0.12009656429290771,0.6045475006103516,0.998585045337677,-0.1745922565460205,-0.11850696802139282,0.0931774377822876,0.9982512593269348,0.024335086345672607,-0.18113410472869873,1.142080694437027,0.2859664857387543,-0.32606416940689087,-0.11977183818817139,0.04984235763549805,0.954032838344574,0.04085040092468262,-0.19211351871490479,1.5005730986595154,0.33062198758125305,-0.4228466749191284,-0.020666062831878662,-0.022446632385253906,0.8953322768211365,0.06183826923370361,-0.20278796553611755,1.5165371298789978,0.3432544767856598,-0.45133882761001587,-0.006546318531036377,-0.14715516567230225,0.8687376976013184,0.05496382713317871,-0.19616520404815674,1.4707853645086288,0.3536529242992401,-0.42088431119918823,0.016451656818389893,-0.16364765167236328,0.8691453337669373,0.03850322961807251,-0.18401801586151123,1.4910168796777725,0.33431482315063477,-0.4049810767173767,0.011331260204315186,-0.03367042541503906,0.844157874584198,-0.26439368724823,-0.1899404525756836,1.4924534261226654,0.9988440275192261,-0.32488468289375305,-0.19296860694885254,1.2052900344133377,0.9990188479423523,-0.4176659882068634,-0.20019397139549255,2.0699411630630493,0.6620470881462097,-0.4684997498989105,-0.20436912775039673,1.8318358063697815,0.8619102835655212,-0.5603975355625153,-0.24649977684020996,2.827285408973694,0.7164327502250671,-0.5879296809434891,-0.25145602226257324,2.5731778144836426,0.9134287238121033,-0.5702265650033951,-0.271241158246994,2.906180739402771,0.7927166223526001,-0.587931752204895,-0.2817589044570923,2.6521413326263428,0.8184414505958557,-0.5992148369550705,-0.18978023529052734,2.8222708702087402,0.7923821210861206,-0.635796070098877,-0.19509166479110718,2.5339425802230835,0.9097777605056763,PUSH UP
0.0,0.0,0.0,0.9991205334663391,0.01895350217819214,-0.007096052169799805,0.008141279220581055,0.9991071820259094,0.02263110876083374,-0.00856935977935791,0.008059859275817871,0.9987909197807312,0.02629399299621582,-0.010677576065063477,0.007935762405395508,0.9989074468612671,0.009249210357666016,-0.011159658432006836,-0.02976810932159424,0.9992527961730957,0.005447983741760254,-0.015777945518493652,-0.029919147491455078,0.9991493225097656,0.0014957189559936523,-0.02108466625213623,-0.030289292335510254,0.9991138577461243,0.023904800415039062,-0.04548865556716919,0.15076059103012085,0.9976863861083984,-0.013979792594909668,-0.05997258424758911,-0.04423856735229492,0.9992648363113403,-0.011252999305725098,-0.01076650619506836,0.06255853176116943,0.998797595500946,-0.02069908380508423,-0.017605066299438477,0.015597105026245117,0.998960018157959,0.0029677748680114746,-0.12984579801559448,0.3164290189743042,0.9986412525177002,-0.16376805305480957,-0.10994094610214233,0.01881873607635498,0.9984213709831238,0.03283858299255371,-0.1791965365409851,0.9171932861208916,0.27368494868278503,-0.3180888891220093,-0.11721813678741455,-0.008840322494506836,0.9580703377723694,0.043702542781829834,-0.18314141035079956,1.1968062818050385,0.30916014313697815,-0.38498571515083313,-0.02349323034286499,-0.06458985805511475,0.9045627117156982,0.06426835060119629,-0.1971551775932312,1.2050513923168182,0.3224126398563385,-0.4408511817455292,-0.005924344062805176,-0.17096126079559326,0.878933846950531,0.05795103311538696,-0.1906585395336151,1.1640186160802841,0.33145424723625183,-0.41220366954803467,0.01277315616607666,-0.18239831924438477,0.8787311911582947,0.04149341583251953,-0.17970767617225647,1.186018854379654,0.31141045689582825,-0.399324506521225,0.007612168788909912,-0.07272326946258545,0.8522708415985107,-0.26784393191337585,-0.20149603486061096,1.1826838999986649,0.9989078640937805,-0.3321024179458618,-0.1892441213130951,0.8725052773952484,0.9990994334220886,-0.4272191822528839,-0.20350775122642517,1.6901121735572815,0.6025155782699585,-0.4669053852558136,-0.20420438051223755,1.4260648787021637,0.8488722443580627,-0.5538570284843445,-0.24395650625228882,2.3070203065872192,0.6697112321853638,-0.5798024982213974,-0.25334781408309937,2.033456325531006,0.9129697680473328,-0.5691455751657486,-0.267530232667923,2.3716663122177124,0.7676324844360352,-0.5872943550348282,-0.2813977599143982,2.0979334115982056,0.825040340423584,-0.5952426344156265,-0.18574151396751404,2.3196051120758057,0.7443404793739319,-0.6295917183160782,-0.19743648171424866,2.016328454017639,0.8991150856018066,PUSH UP
0.0,0.0,0.0,0.9988133311271667,0.019769906997680664,-0.006715118885040283,0.017760738730430603,0.9989438056945801,0.022107958793640137,-0.008727788925170898,0.01747409999370575,0.998588502407074,0.02505171298980713,-0.010783791542053223,0.01734130084514618,0.998715341091156,0.012767791748046875,-0.0072234272956848145,-0.050937339663505554,0.9991278648376465,0.012422621250152588,-0.012426793575286865,-0.05093882977962494,0.9989591240882874,0.011465311050415039,-0.015882790088653564,-0.05120846629142761,0.9990183115005493,0.02446770668029785,-0.04494297504425049,0.11706967651844025,0.9961000084877014,0.0008835196495056152,-0.048952698707580566,-0.19798415899276733,0.9989960789680481,-0.013017833232879639,-0.015194952487945557,0.04851306974887848,0.9984151124954224,-0.020405709743499756,-0.02004420757293701,-0.043288424611091614,0.998892068862915,-0.03855180740356445,-0.118710458278656,0.296405553817749,0.9987682700157166,-0.09847605228424072,-0.10024499893188477,-0.3244921863079071,0.9985788464546204,-0.18036878108978271,-0.1618826985359192,0.3631327897310257,0.24739310145378113,-0.27703261375427246,-0.1010470986366272,-0.3577236831188202,0.9195634126663208,-0.2574111223220825,-0.11198967695236206,0.2538062408566475,0.2809291183948517,-0.3842591941356659,-0.014428377151489258,-0.302219957113266,0.8751983642578125,-0.2776472270488739,-0.10573321580886841,0.23627957329154015,0.2934030592441559,-0.42597267031669617,0.0031694769859313965,-0.35506364703178406,0.8526933789253235,-0.2731184661388397,-0.09489589929580688,0.18804072309285402,0.30164241790771484,-0.4081527292728424,0.02224498987197876,-0.3539465367794037,0.8521089553833008,-0.2687510848045349,-0.09685957431793213,0.22625567391514778,0.28301072120666504,-0.3947891592979431,0.013014614582061768,-0.29657039046287537,0.810878336429596,-0.31367412209510803,-0.1880682110786438,0.36020009219646454,0.9990028738975525,-0.3323807120323181,-0.19770559668540955,-0.01149904727935791,0.9991893172264099,-0.431652694940567,-0.14245474338531494,0.912767082452774,0.5503163933753967,-0.4361969530582428,-0.18305540084838867,-0.5485319793224335,0.8286992907524109,-0.5363972038030624,-0.049018263816833496,1.330503672361374,0.611107349395752,-0.5797479152679443,-0.1724623441696167,-0.8362692892551422,0.879778265953064,-0.5576834231615067,-0.05542182922363281,1.3740058839321136,0.7056496143341064,-0.6033472716808319,-0.18487301468849182,-0.8664033710956573,0.7780773043632507,-0.5539856255054474,0.04286074638366699,1.316424697637558,0.6955591440200806,-0.6168267279863358,-0.11470848321914673,-1.102917343378067,0.8978955745697021,PUSH UP
0.0,0.0,0.0,0.9986653327941895,0.01680690050125122,0.003053992986679077,0.009455561637878418,0.9988661408424377,0.02056044340133667,0.007910668849945068,0.009372472763061523,0.9983646869659424,0.0242653489112854,0.012857407331466675,0.008778095245361328,0.9986303448677063,0.008054733276367188,-0.010667532682418823,0.014174580574035645,0.9990391135215759,0.005627572536468506,-0.015098989009857178,0.014027118682861328,0.9985393285751343,0.0031628012657165527,-0.019440025091171265,0.013817906379699707,0.9987728595733643,0.03128349781036377,0.024280130863189697,0.2876359224319458,0.9961200952529907,0.004387855529785156,-0.021405458450317383,0.3189711570739746,0.9975504279136658,-0.0068839192390441895,0.013062357902526855,0.12644553184509277,0.9983068108558655,-0.017502665519714355,-0.0007852017879486084,0.13379716873168945,0.9983937740325928,-0.0018905401229858398,0.052663177251815796,0.7095047235488892,0.9987934231758118,-0.04798370599746704,-0.03399816155433655,0.6631704568862915,0.9985756874084473,-0.1556340456008911,0.08497533202171326,0.9382011294364929,0.24455009400844574,-0.2343142330646515,0.06056734919548035,0.7043742537498474,0.9215189218521118,-0.26716914772987366,0.14070579409599304,0.9815429449081421,0.27643072605133057,-0.3916901648044586,0.1960742175579071,0.564026951789856,0.8854236006736755,-0.27737101912498474,0.15759530663490295,0.9483622312545776,0.29134801030158997,-0.4327036142349243,0.22237566113471985,0.4788963794708252,0.8631891012191772,-0.2793014645576477,0.1566285789012909,0.87396639585495,0.3042445182800293,-0.4005897045135498,0.2316470444202423,0.45792579650878906,0.8630133867263794,-0.28316107392311096,0.15159180760383606,0.9608567357063293,0.2845548391342163,-0.39120879769325256,0.22829726338386536,0.5541398525238037,0.8229706287384033,-0.20094731450080872,0.00798526406288147,1.6793007450178266,0.9990155696868896,-0.233320415019989,-0.0675998330116272,1.6509940745308995,0.999186098575592,-0.27680426836013794,0.07389786839485168,1.6100484691560268,0.5668613910675049,-0.3559771180152893,-0.05770274996757507,1.9598565995693207,0.7878468036651611,-0.39500460028648376,0.15905103087425232,2.144083708524704,0.6114503741264343,-0.4757252633571625,0.02743929624557495,2.7807174921035767,0.8341862559318542,-0.41207605600357056,0.1622304618358612,2.1968376636505127,0.6853943467140198,-0.4947222173213959,-0.005195111036300659,2.863403797149658,0.7193291783332825,-0.4333096295595169,0.20941951870918274,2.0182064473629,0.7016380429267883,-0.5232225954532623,0.014343053102493286,2.729874014854431,0.8573015332221985,PUSH UP
0.0,0.0,0.0,0.9987878799438477,0.012648046016693115,-0.022612661123275757,-0.0006216764450073242,0.9989656805992126,0.021031439304351807,-0.022632062435150146,-0.0007942914962768555,0.9985024333000183,0.029136717319488525,-0.022557049989700317,-0.0014002323150634766,0.9987525343894958,-0.011235058307647705,-0.023866117000579834,-0.007889389991760254,0.9991272687911987,-0.019680440425872803,-0.02537679672241211,-0.007948160171508789,0.9986674785614014,-0.028074920177459717,-0.026846587657928467,-0.008051633834838867,0.9988846182823181,0.03697913885116577,-0.0306338369846344,0.20079529285430908,0.9964858293533325,-0.019063591957092285,-0.07083618640899658,0.168046236038208,0.997776448726654,0.0061836838722229,0.010919421911239624,0.0952143669128418,0.9984583258628845,-0.020099222660064697,0.009976416826248169,0.08566462993621826,0.9985390305519104,0.06339073181152344,-0.007856935262680054,0.5257940888404846,0.9988940358161926,-0.13209253549575806,-0.00548166036605835,0.4285995364189148,0.9986814856529236,-0.008150696754455566,0.074949711561203,0.7271139025688171,0.28917551040649414,-0.2574240565299988,0.09596472978591919,0.46689754724502563,0.9284089803695679,0.05620449781417847,0.1612902283668518,0.795439749956131,0.32476142048835754,-0.3716878741979599,0.24742108583450317,0.31877219676971436,0.8961890935897827,0.09568333625793457,0.1733611822128296,0.7772427797317505,0.34043440222740173,-0.41234633326530457,0.28339213132858276,0.2587118148803711,0.8755406737327576,0.06355875730514526,0.17717331647872925,0.7251344919204712,0.35267066955566406,-0.39088262617588043,0.2914794087409973,0.23644816875457764,0.8753373622894287,0.03587186336517334,0.17593365907669067,0.7818197011947632,0.3300086557865143,-0.3726879358291626,0.28164905309677124,0.30272847414016724,0.8383726477622986,-0.15523728728294373,-0.025320470333099365,1.3032382559031248,0.9991011023521423,-0.23012539744377136,-0.058738499879837036,1.260990209877491,0.9992561936378479,-0.24123159050941467,0.121151864528656,1.2525615897029638,0.5498599410057068,-0.36263009905815125,0.009257733821868896,1.3259254954755306,0.7265480756759644,-0.3607974648475647,0.23234522342681885,1.7370664477348328,0.5783398151397705,-0.4332262724637985,0.09826523065567017,1.8600736260414124,0.7773358225822449,-0.3740127831697464,0.24426573514938354,1.7897021770477295,0.647331714630127,-0.44504687190055847,0.09507954120635986,1.9215502738952637,0.6700803637504578,-0.39893122017383575,0.2951969504356384,1.7251489162445068,0.6558091044425964,-0.4669433534145355,0.14035719633102417,1.8680357933044434,0.7947350144386292,PUSH UP
0.0,0.0,0.0,0.998908281326294,0.014177799224853516,-0.029041588306427002,0.010890722274780273,0.9990678429603577,0.02220010757446289,-0.027805179357528687,0.010758519172668457,0.9986495971679688,0.028166353702545166,-0.02699562907218933,0.010212182998657227,0.9988759756088257,-0.01912069320678711,-0.040621936321258545,-0.004970550537109375,0.9992141127586365,-0.02912306785583496,-0.041071295738220215,-0.005105376243591309,0.9987999200820923,-0.03910273313522339,-0.041337400674819946,-0.005173921585083008,0.9989957213401794,0.01695173978805542,-0.061254680156707764,0.2751908302307129,0.996833860874176,-0.05441492795944214,-0.0814853310585022,0.20583844184875488,0.9979973435401917,0.004017293453216553,0.011135488748550415,0.11932241916656494,0.9986085891723633,-0.02487766742706299,0.0026390552520751953,0.09785103797912598,0.9986832737922668,0.04081010818481445,-0.06021931767463684,0.6638731360435486,0.9989964962005615,-0.1783771514892578,-0.02014276385307312,0.47147274017333984,0.9988094568252563,0.040615081787109375,0.03061661124229431,0.9548032283782959,0.3281245827674866,-0.3060058355331421,0.10619989037513733,0.49219226837158203,0.9350187182426453,0.12108582258224487,0.15437749028205872,1.0735471546649933,0.3740660846233368,-0.39117734134197235,0.2649972140789032,0.34825992584228516,0.9061814546585083,0.1667468547821045,0.16666945815086365,1.0467047989368439,0.38813596963882446,-0.43424463272094727,0.3076868951320648,0.24521923065185547,0.8871477246284485,0.13768678903579712,0.17227092385292053,0.9908449649810791,0.3996647000312805,-0.41471272706985474,0.3112611472606659,0.2260202169418335,0.8868651986122131,0.10739600658416748,0.17264655232429504,1.0560561120510101,0.3727249801158905,-0.3997545391321182,0.2974567711353302,0.33259856700897217,0.8525453805923462,-0.19730901718139648,-0.05522453784942627,1.5399360284209251,0.9991774559020996,-0.28498440980911255,-0.05856725573539734,1.4450605884194374,0.999323308467865,-0.284721702337265,0.11227288842201233,1.87974613904953,0.5111000537872314,-0.36603519320487976,0.0279826819896698,1.892534613609314,0.6944621801376343,-0.37528684735298157,0.2294333279132843,2.5288604497909546,0.5515835285186768,-0.44659462571144104,0.08366802334785461,2.522581458091736,0.774825394153595,-0.39087171852588654,0.23973068594932556,2.5993207693099976,0.6318554282188416,-0.45577700436115265,0.0721709132194519,2.5919978618621826,0.67202228307724,-0.3826644718647003,0.3138013780117035,2.5346827507019043,0.6187872886657715,-0.465568408370018,0.1301647126674652,2.504500985145569,0.7649616003036499,PUSH UP
0.0,0.0,0.0,0.9990166425704956,0.01849377155303955,-0.02134186029434204,0.010253190994262695,0.9991593956947327,0.02477574348449707,-0.02107962965965271,0.010165810585021973,0.9987802505493164,0.03079599142074585,-0.020655661821365356,0.00971364974975586,0.998986542224884,-0.007618546485900879,-0.030772387981414795,-0.012777209281921387,0.9992923736572266,-0.014973878860473633,-0.03802680969238281,-0.012944340705871582,0.9989192485809326,-0.023471951484680176,-0.043826133012771606,-0.013094425201416016,0.9990958571434021,0.028897345066070557,-0.03725707530975342,0.23103570938110352,0.9971421957015991,-0.03975558280944824,-0.06754779815673828,0.1252843141555786,0.9981964826583862,0.00015217065811157227,0.009849846363067627,0.10154056549072266,0.9987428188323975,-0.037809014320373535,-0.007007330656051636,0.06986236572265625,0.9988135099411011,0.041410088539123535,-0.02129986882209778,0.539877712726593,0.9990799427032471,-0.15799880027770996,-0.033225834369659424,0.3103044033050537,0.9989245533943176,0.09115421772003174,0.06518355011940002,0.7647897601127625,0.3708050847053528,-0.297057569026947,0.11651584506034851,0.26793372631073,0.9408629536628723,0.17551594972610474,0.1741199791431427,0.8195231556892395,0.42305320501327515,-0.40180642902851105,0.2820132076740265,0.12649405002593994,0.9142084121704102,0.2091856598854065,0.1893651783466339,0.7725731730461121,0.428804874420166,-0.4414129704236984,0.32137563824653625,0.015473484992980957,0.8948945999145508,0.20794349908828735,0.19295331835746765,0.7275722622871399,0.4410472810268402,-0.43326397240161896,0.3292712867259979,0.009401798248291016,0.89457106590271,0.1863706111907959,0.1851767599582672,0.8008163869380951,0.41256213188171387,-0.4152459055185318,0.3155898153781891,0.11523377895355225,0.8599720001220703,-0.19678401947021484,-0.03995072841644287,1.3386744894087315,0.9992181062698364,-0.2869409918785095,-0.055459946393966675,1.2175731621682644,0.9993777275085449,-0.28768014907836914,0.08531001210212708,1.738831341266632,0.47241267561912537,-0.3664957582950592,0.025729328393936157,1.6876619160175323,0.6530090570449829,-0.3631927967071533,0.19954362511634827,2.3528075218200684,0.506568431854248,-0.43550586700439453,0.005249142646789551,2.313180685043335,0.7508218288421631,-0.38061319291591644,0.2237659990787506,2.421240210533142,0.5891924500465393,-0.44143158197402954,-0.012099534273147583,2.3798552751541138,0.6512884497642517,-0.3852872997522354,0.2784699499607086,2.371213912963867,0.5906965136528015,-0.4555273503065109,0.04042154550552368,2.2985759973526,0.7515789270401001,PUSH UP
0.0,0.0,0.0,0.9991100430488586,0.023943960666656494,-0.01882147789001465,0.0046634674072265625,0.9992343187332153,0.030271530151367188,-0.01747003197669983,0.004603147506713867,0.9988822340965271,0.03654670715332031,-0.016039788722991943,0.00421595573425293,0.9990794062614441,0.004247307777404785,-0.02670830488204956,-0.026978373527526855,0.9993610978126526,-0.0028293728828430176,-0.03199970722198486,-0.02720355987548828,0.9990238547325134,-0.010043084621429443,-0.03702455759048462,-0.027397871017456055,0.9991846084594727,0.03633195161819458,-0.034093260765075684,0.19924235343933105,0.9973979592323303,-0.02847599983215332,-0.07584154605865479,0.054405927658081055,0.9983720183372498,0.0071509480476379395,0.0024890899658203125,0.09388518333435059,0.9988453388214111,-0.029754459857940674,-0.004058122634887695,0.051825761795043945,0.9989259839057922,0.04292386770248413,-0.03504902124404907,0.4888070225715637,0.9991346597671509,-0.14118102192878723,-0.04566746950149536,0.21407532691955566,0.9990220665931702,0.10462087392807007,0.03030046820640564,0.7183651328086853,0.40334078669548035,-0.2673642635345459,0.10046514868736267,0.17100560665130615,0.9460977911949158,0.18075937032699585,0.15622350573539734,0.7394103705883026,0.46866846084594727,-0.3676067143678665,0.2631937563419342,0.043566226959228516,0.920417845249176,0.21794599294662476,0.16460731625556946,0.685153067111969,0.46769627928733826,-0.4007505178451538,0.3082583248615265,-0.07632589340209961,0.8992279171943665,0.20660614967346191,0.16454169154167175,0.6336594820022583,0.4801744818687439,-0.40274423360824585,0.3171450197696686,-0.08429324626922607,0.8986643552780151,0.18756353855133057,0.17159166932106018,0.7164730429649353,0.45079752802848816,-0.3714059442281723,0.29782792925834656,0.03193390369415283,0.8622015118598938,-0.194212406873703,-0.030606180429458618,1.3056195229291916,0.9991862773895264,-0.2902098298072815,-0.05578571557998657,1.1184803321957588,0.9994123578071594,-0.2919031083583832,0.07125815749168396,1.8326066136360168,0.43288424611091614,-0.37015028297901154,0.023738443851470947,1.651012897491455,0.6367341876029968,-0.3592599481344223,0.11645051836967468,2.5122333765029907,0.4604509472846985,-0.4262865334749222,0.0036908984184265137,2.272610902786255,0.7261755466461182,-0.3739951401948929,0.11965003609657288,2.5876264572143555,0.5412100553512573,-0.4347280263900757,-0.00881969928741455,2.338313937187195,0.6342310309410095,-0.37197349965572357,0.17877164483070374,2.5561825037002563,0.5512708425521851,-0.43761321902275085,0.07775387167930603,2.264389157295227,0.7376067042350769,PUSH UP
0.0,0.0,0.0,0.9991919994354248,0.025720417499542236,-0.03297901153564453,0.0002751350402832031,0.9992959499359131,0.03263503313064575,-0.03387245535850525,0.0002117156982421875,0.9989641904830933,0.03916507959365845,-0.034122318029403687,-0.00016236305236816406,0.999157726764679,0.004460036754608154,-0.02609342336654663,-0.0334244966506958,0.9994213581085205,-0.002907991409301758,-0.030867725610733032,-0.033666372299194336,0.9991157650947571,-0.012328386306762695,-0.04918685555458069,-0.03382694721221924,0.9992631077766418,0.04061543941497803,-0.05280992388725281,0.18356502056121826,0.9976165294647217,-0.02800929546356201,-0.07872030138969421,0.03109288215637207,0.9985256195068359,0.005704760551452637,-0.0036287307739257812,0.09196257591247559,0.9989303946495056,-0.018440842628479004,-0.009803444147109985,0.04712378978729248,0.9990245699882507,0.04677373170852661,-0.03758418560028076,0.4510310888290405,0.9991602897644043,-0.15005889534950256,-0.05251210927963257,0.17781031131744385,0.9991040229797363,0.10418820381164551,0.02641358971595764,0.6637683510780334,0.4276111125946045,-0.271553099155426,0.08717361092567444,0.13837409019470215,0.9501667022705078,0.18217265605926514,0.15209639072418213,0.6761715412139893,0.5016226768493652,-0.3643663823604584,0.2519996762275696,-0.0021322965621948242,0.9253810048103333,0.2197895050048828,0.17553573846817017,0.6139013767242432,0.492986798286438,-0.39629536867141724,0.29429954290390015,-0.13245129585266113,0.902262806892395,0.20847570896148682,0.1740410327911377,0.560432493686676,0.5066601634025574,-0.4022540748119354,0.3034648299217224,-0.14474165439605713,0.9015322327613831,0.18555545806884766,0.16866552829742432,0.6509454846382141,0.47738116979599,-0.3676665872335434,0.28715455532073975,-0.0175400972366333,0.863114595413208,-0.19055262207984924,-0.02915060520172119,1.3103361055254936,0.9990969896316528,-0.292847603559494,-0.05152487754821777,1.1041890010237694,0.9994386434555054,-0.2835666537284851,0.051311492919921875,1.9274632930755615,0.3954755365848541,-0.36699798703193665,0.020881980657577515,1.7386820912361145,0.6193921566009521,-0.35457199811935425,0.06763768196105957,2.663005828857422,0.4180636703968048,-0.43118277192115784,0.0029035210609436035,2.415873169898987,0.7092562317848206,-0.367435023188591,0.06292036175727844,2.745201826095581,0.4971220791339874,-0.44336213171482086,-0.00975114107131958,2.487635374069214,0.6226689219474792,-0.36400654911994934,0.12190395593643188,2.717461347579956,0.5155426263809204,-0.43694309890270233,0.09277760982513428,2.410884976387024,0.7272878885269165,PUSH UP
0.0,0.0,0.0,0.9991762638092041,0.018990397453308105,-0.01986783742904663,0.003444075584411621,0.9991090297698975,0.024924159049987793,-0.02097707986831665,0.0033365488052368164,0.9986366033554077,0.030768096446990967,-0.02165171504020691,0.0029979944229125977,0.9990280866622925,-0.0012589097023010254,-0.022987723350524902,-0.0338287353515625,0.9994164109230042,-0.009172797203063965,-0.027884244918823242,-0.03408408164978027,0.9991275072097778,-0.017318367958068848,-0.03425610065460205,-0.03430163860321045,0.9992908239364624,0.026850879192352295,-0.04262804985046387,0.19765865802764893,0.9971402883529663,-0.03661090135574341,-0.0641086995601654,0.02719581127166748,0.9985294342041016,-0.002166450023651123,0.004385709762573242,0.09458959102630615,0.9985931515693665,-0.023475468158721924,-0.0005487203598022461,0.04418587684631348,0.9989863634109497,0.030017614364624023,-0.03202971816062927,0.4767354726791382,0.9990394711494446,-0.168759286403656,-0.03320884704589844,0.16521596908569336,0.9991365075111389,0.08263993263244629,0.04586479067802429,0.6614101529121399,0.44633930921554565,-0.298878937959671,0.09238788485527039,0.12068963050842285,0.9522256851196289,0.15565109252929688,0.16748082637786865,0.6285275220870972,0.5328589081764221,-0.3788069784641266,0.24759602546691895,-0.04211115837097168,0.9281444549560547,0.19358080625534058,0.189406156539917,0.5553351640701294,0.5180649161338806,-0.41185736656188965,0.2924177050590515,-0.18664312362670898,0.9022568464279175,0.18784046173095703,0.19393938779830933,0.4926164746284485,0.5327927470207214,-0.40058407187461853,0.3012731075286865,-0.20039570331573486,0.9007719159126282,0.16075295209884644,0.1829737424850464,0.5975019931793213,0.5026233196258545,-0.38000020384788513,0.287807822227478,-0.06059682369232178,0.858544647693634,-0.21539628505706787,-0.013951718807220459,1.4015920013189316,0.9988524913787842,-0.3115369379520416,-0.03861698508262634,1.1740946620702744,0.9994059205055237,-0.2993205487728119,0.03884470462799072,2.095081865787506,0.36046361923217773,-0.38006360828876495,0.01813468337059021,1.8871288299560547,0.6056957840919495,-0.37201865017414093,0.02851918339729309,2.9216991662979126,0.38043707609176636,-0.447456493973732,-0.019500702619552612,2.6543447971343994,0.6972364187240601,-0.3840772211551666,0.018178552389144897,3.0129443407058716,0.45841071009635925,-0.4608484208583832,-0.043263256549835205,2.7347506284713745,0.6132866740226746,-0.3867858499288559,0.08261629939079285,2.9743417501449585,0.48671942949295044,-0.46346916258335114,0.06611591577529907,2.6516993045806885,0.7176129221916199,PUSH UP
0.0,0.0,0.0,0.9989752769470215,0.020416975021362305,-0.025855153799057007,0.004750728607177734,0.9984846115112305,0.02742016315460205,-0.026940494775772095,0.00451350212097168,0.9976320862770081,0.03236675262451172,-0.027361363172531128,0.004128575325012207,0.9985166192054749,-0.00045502185821533203,-0.029640495777130127,-0.023032307624816895,0.9992745518684387,-0.018677353858947754,-0.015189021825790405,-0.023279309272766113,0.9989678859710693,-0.026692628860473633,-0.019489705562591553,-0.023548245429992676,0.9992039799690247,0.02618509531021118,-0.050423890352249146,0.2365272045135498,0.9956055283546448,-0.05054366588592529,-0.04714697599411011,0.10851919651031494,0.9983069896697998,-0.003213226795196533,0.004092216491699219,0.11006295680999756,0.9978945851325989,-0.041542768478393555,0.007775455713272095,0.07206392288208008,0.9987711310386658,0.023379623889923096,-0.05760940909385681,0.5764786601066589,0.9990010261535645,-0.19005325436592102,-0.03418642282485962,0.3168160915374756,0.9991160035133362,0.08182710409164429,0.028821438550949097,0.7742723822593689,0.4702671766281128,-0.31679025292396545,0.10274556279182434,0.332116961479187,0.9500381350517273,0.15441936254501343,0.1533028781414032,0.694248616695404,0.556812047958374,-0.3888115733861923,0.25083038210868835,0.1530848741531372,0.9262996315956116,0.19673651456832886,0.17368391156196594,0.6016743779182434,0.5372410416603088,-0.41629959642887115,0.28762033581733704,0.0061626434326171875,0.8963276743888855,0.1891983151435852,0.17725524306297302,0.534095823764801,0.5525245666503906,-0.3931761234998703,0.2910861074924469,-0.025534510612487793,0.8935459852218628,0.15979743003845215,0.17108950018882751,0.6604836583137512,0.5209305286407471,-0.3791036605834961,0.27754005789756775,0.1277381181716919,0.8457156419754028,-0.22302579879760742,-0.025406092405319214,1.601061150431633,0.9987645149230957,-0.31746870279312134,-0.051359087228775024,1.3742846995592117,0.9993869066238403,-0.3187144994735718,0.006874293088912964,2.363284111022949,0.32755962014198303,-0.3993808329105377,0.001588582992553711,2.156162917613983,0.5715954899787903,-0.38460205495357513,-0.023150116205215454,3.302794098854065,0.3450472354888916,-0.4563641846179962,-0.05327415466308594,3.03810715675354,0.6721216440200806,-0.3972630202770233,-0.038073450326919556,3.4037219285964966,0.4199781119823456,-0.45784078538417816,-0.06729471683502197,3.1303569078445435,0.600669801235199,-0.38657133281230927,0.027971118688583374,3.331304907798767,0.4507977366447449,-0.47138790786266327,0.03314244747161865,3.0173444747924805,0.6929055452346802,PUSH UP
0.0,0.0,0.0,0.9985439777374268,0.004042983055114746,-0.020780622959136963,-0.03470206260681152,0.9976176023483276,0.009368062019348145,-0.029574692249298096,-0.03496909141540527,0.9965783357620239,0.014454364776611328,-0.03867802023887634,-0.0351179838180542,0.9974464178085327,-0.013245105743408203,-0.000602424144744873,-0.05019104480743408,0.9990424513816833,-0.021327555179595947,0.007039785385131836,-0.05058920383453369,0.9987908601760864,-0.028194129467010498,0.012586772441864014,-0.051090240478515625,0.9990530610084534,0.008495509624481201,-0.07442104816436768,-0.01886141300201416,0.9943665266036987,-0.05192631483078003,0.0036629140377044678,-0.01565396785736084,0.9982796311378479,-0.004152953624725342,-0.017349183559417725,0.06563293933868408,0.9976208806037903,-0.02262800931930542,0.00816693902015686,0.04411184787750244,0.9987637996673584,0.03273296356201172,-0.1283876597881317,0.3176090717315674,0.999032735824585,-0.1733567714691162,0.01417773962020874,0.21039587259292603,0.9991676807403564,0.1075698733329773,-0.056476444005966187,0.5336852669715881,0.4764264225959778,-0.30084285140037537,0.09745490550994873,0.37935972213745117,0.9357415437698364,0.1990540623664856,0.08569145202636719,0.46517425775527954,0.5858307480812073,-0.3516452759504318,0.15135639905929565,0.33589446544647217,0.9135773777961731,0.2455616593360901,0.09668797254562378,0.3752601146697998,0.5698897838592529,-0.37760889530181885,0.1584722399711609,0.23995786905288696,0.8847059011459351,0.2374531626701355,0.10898643732070923,0.32414358854293823,0.5841289758682251,-0.35643720626831055,0.15167301893234253,0.18719500303268433,0.8808642625808716,0.21735656261444092,0.10701441764831543,0.4385983943939209,0.5490543842315674,-0.3435063511133194,0.1483580470085144,0.309872567653656,0.8326666355133057,-0.22305068373680115,-0.10291305184364319,1.2275480180978775,0.998881995677948,-0.30681127309799194,-0.047456592321395874,1.0111045986413956,0.9994457364082336,-0.2820788025856018,-0.060939908027648926,1.8045817613601685,0.30031025409698486,-0.35619916021823883,0.01981663703918457,1.6780529618263245,0.5401515364646912,-0.36670754849910736,-0.08882391452789307,2.5963237285614014,0.3209781348705292,-0.4166118800640106,-0.0390109121799469,2.425645112991333,0.6530333757400513,-0.3713280260562897,-0.0942157506942749,2.683575391769409,0.40008363127708435,-0.42059917747974396,-0.0606597363948822,2.503333806991577,0.5951806306838989,-0.3533706068992615,-0.053176313638687134,2.655313730239868,0.4134787321090698,-0.39780132472515106,0.005247205495834351,2.454167366027832,0.6452143788337708,PUSH UP
0.0,0.0,0.0,0.9959098100662231,-0.003130614757537842,0.01938951015472412,-0.022915124893188477,0.9965962171554565,-0.00757986307144165,0.022215843200683594,-0.02301335334777832,0.995751142501831,-0.012045502662658691,0.025065064430236816,-0.023249685764312744,0.996319591999054,0.009804129600524902,0.013766050338745117,-0.00938403606414795,0.9976205825805664,0.013565868139266968,0.012960195541381836,-0.009484052658081055,0.9971814751625061,0.01731353998184204,0.012140333652496338,-0.009603023529052734,0.9956910610198975,-0.02347239851951599,0.04241698980331421,0.04545193910598755,0.9937546849250793,0.020929187536239624,0.02183055877685547,0.10290145874023438,0.9945501089096069,-0.0131436288356781,-0.0011767148971557617,0.04506403207778931,0.996437132358551,-0.0004031956195831299,-0.0072054266929626465,0.06183135509490967,0.9969422221183777,-0.06360504031181335,0.03177696466445923,0.17498350143432617,0.9991235136985779,0.01802155375480652,-0.006585180759429932,0.2997628152370453,0.9991942644119263,-0.0966036319732666,-0.048779845237731934,0.03420126438140869,0.5147452354431152,-0.03560417890548706,-0.0656091570854187,0.2049262523651123,0.8642308712005615,-0.0895770788192749,-0.09023445844650269,-0.13432538509368896,0.5747087597846985,-0.10071897506713867,-0.04968231916427612,0.008593440055847168,0.8328791260719299,-0.09219273924827576,-0.100780189037323,-0.18671005964279175,0.5594578385353088,-0.1142406165599823,-0.046310603618621826,-0.02572953701019287,0.807417631149292,-0.075590580701828,-0.08782750368118286,-0.18829184770584106,0.5721145272254944,-0.1132081151008606,-0.03182041645050049,-0.017318785190582275,0.8034138679504395,-0.07627883553504944,-0.0849628746509552,-0.13331443071365356,0.5273662209510803,-0.10965007543563843,-0.0328221321105957,0.011699438095092773,0.7575089335441589,-0.11691319942474365,-0.09281253814697266,0.780856647528708,0.9989931583404541,-0.047994762659072876,-0.11905744671821594,0.7880848774220794,0.999491274356842,-0.16668802499771118,-0.06641680002212524,0.33532747626304626,0.34618502855300903,0.03417351841926575,-0.08741253614425659,0.6969455704092979,0.5326350927352905,-0.2634105533361435,-0.13100293278694153,0.06152641773223877,0.3685397803783417,0.043738722801208496,-0.10065323114395142,0.7282031029462814,0.6123053431510925,-0.28109847009181976,-0.16659829020500183,0.03375864028930664,0.45465800166130066,0.03037208318710327,-0.12093397974967957,0.7317636609077454,0.5802470445632935,-0.28375470638275146,-0.08112210035324097,-0.11014324426651001,0.4674241542816162,0.07564020156860352,-0.06262141466140747,0.664205476641655,0.6273409724235535,PUSH UP
0.0,0.0,0.0,0.9962504506111145,0.011581569910049438,-0.0004038214683532715,-0.06854981184005737,0.9968897104263306,0.01789453625679016,-0.0035799741744995117,-0.06873273849487305,0.9961207509040833,0.02416345477104187,-0.0069258809089660645,-0.06898581981658936,0.9966384768486023,0.0007483363151550293,0.005234360694885254,-0.0647541880607605,0.9978415369987488,-0.005226939916610718,0.005279064178466797,-0.06479787826538086,0.9974455237388611,-0.012401282787322998,0.0052983760833740234,-0.06492996215820312,0.9961066842079163,0.027715712785720825,-0.028023719787597656,-0.21513915061950684,0.9942194819450378,-0.02768084406852722,0.0028485655784606934,-0.18961018323898315,0.9950641393661499,0.0015929937362670898,-0.02003467082977295,-0.027913570404052734,0.9966862201690674,-0.00998803973197937,-0.014948785305023193,-0.02086848020553589,0.997171938419342,0.046470701694488525,-0.11906498670578003,-0.17458367347717285,0.9990001916885376,-0.10653144121170044,-0.07230556011199951,-0.12807738780975342,0.9991468191146851,0.1468569040298462,-0.16234514117240906,-0.17838221788406372,0.5631264448165894,-0.22087505459785461,-0.054502785205841064,-0.08575576543807983,0.8772962093353271,0.25791478157043457,-0.12884271144866943,-0.2967701554298401,0.616705060005188,-0.253485307097435,0.019754111766815186,-0.16664594411849976,0.8486202955245972,0.29930436611175537,-0.11418354511260986,-0.40644145011901855,0.6030248403549194,-0.2687358111143112,0.05114227533340454,-0.259097158908844,0.824641764163971,0.3004764914512634,-0.0988580584526062,-0.41076600551605225,0.6143273711204529,-0.25700967013835907,0.05847620964050293,-0.28157949447631836,0.8204168677330017,0.2805248498916626,-0.10510754585266113,-0.30761831998825073,0.5724494457244873,-0.24477161467075348,0.044661879539489746,-0.18045169115066528,0.7784339785575867,-0.05576410889625549,-0.21408724784851074,0.435137327760458,0.999062180519104,-0.11415371298789978,-0.18948128819465637,0.5097770243883133,0.9994474649429321,0.005882203578948975,-0.1807805597782135,0.747351735830307,0.3461652994155884,-0.09719181060791016,-0.11691945791244507,0.9503452777862549,0.4914647936820984,0.0916932225227356,-0.221978098154068,1.1993457078933716,0.4240952134132385,-0.11625155806541443,-0.1287873387336731,1.5087489485740662,0.6079206466674805,0.10444414615631104,-0.24349898099899292,1.2475169897079468,0.5024817585945129,-0.12599775195121765,-0.13361406326293945,1.5693705677986145,0.5996717214584351,0.12898945808410645,-0.1797928512096405,1.16598242521286,0.4350936710834503,-0.1185106635093689,-0.10707974433898926,1.5281450152397156,0.5707228183746338,PUSH UP
0.0,0.0,0.0,0.9966219663619995,0.01224866509437561,-0.015507131814956665,-0.10659277439117432,0.9971973896026611,0.019913583993911743,-0.018532782793045044,-0.10684436559677124,0.996505618095398,0.02728608250617981,-0.021821916103363037,-0.10722684860229492,0.9969719648361206,-0.010324537754058838,-0.01002955436706543,-0.11007946729660034,0.9980552792549133,-0.019656896591186523,-0.009585738182067871,-0.11007905006408691,0.9976986646652222,-0.031120210886001587,-0.009249091148376465,-0.11019647121429443,0.9964936971664429,0.03335931897163391,-0.041974812746047974,-0.21351110935211182,0.9947906732559204,-0.058663010597229004,-0.024682581424713135,-0.20995765924453735,0.9955544471740723,0.006122797727584839,-0.009576797485351562,-0.04492616653442383,0.9970149397850037,-0.02012622356414795,-0.002615690231323242,-0.04915827512741089,0.9974523186683655,0.06628844141960144,-0.07200866937637329,-0.12686783075332642,0.9990928173065186,-0.12115579843521118,-0.04140573740005493,-0.09903889894485474,0.9992294311523438,0.17137399315834045,-0.09294965863227844,-0.13400864601135254,0.606731116771698,-0.23441877961158752,0.046113014221191406,-0.09610873460769653,0.8894962072372437,0.2539149820804596,0.011078119277954102,-0.28527599573135376,0.6547443866729736,-0.276330903172493,0.1449798345565796,-0.25822460651397705,0.8635491728782654,0.2946109473705292,0.03241020441055298,-0.4004787802696228,0.6423093676567078,-0.2982603907585144,0.1810286045074463,-0.38536888360977173,0.8416299819946289,0.2823955714702606,0.049026548862457275,-0.4224218726158142,0.6523633599281311,-0.2819148004055023,0.18921393156051636,-0.3877940773963928,0.8376651406288147,0.25987496972084045,0.040233075618743896,-0.3027445673942566,0.6133959889411926,-0.26938341557979584,0.1765691637992859,-0.2697674632072449,0.7995508313179016,-0.02949342131614685,-0.09692323207855225,0.6646153116598725,0.9991534948348999,-0.1325993835926056,-0.08480864763259888,0.6875237990170717,0.9995017647743225,0.02036193013191223,-0.030738860368728638,1.2168044447898865,0.3177235424518585,-0.13960549235343933,0.031318604946136475,1.1040302515029907,0.47794273495674133,0.03167220950126648,-0.04074326157569885,1.9481871724128723,0.4167659878730774,-0.19084173440933228,0.03492623567581177,1.7282827496528625,0.5969737768173218,0.023963361978530884,-0.05340760946273804,2.0295920968055725,0.4977926015853882,-0.2086602747440338,0.02873915433883667,1.7955202460289001,0.6024284362792969,0.05874118208885193,0.007849693298339844,2.019086539745331,0.3961622416973114,-0.19043031334877014,0.08120238780975342,1.7664757370948792,0.5229178667068481,PUSH UP
0.0,0.0,0.0,0.9968626499176025,0.007735133171081543,-0.022817492485046387,-0.030575931072235107,0.9974088668823242,0.011912703514099121,-0.027557969093322754,-0.030633628368377686,0.996762216091156,0.0158921480178833,-0.03258424997329712,-0.031028151512145996,0.9972121119499207,-0.011985242366790771,-0.012363642454147339,-0.032509028911590576,0.9981980919837952,-0.02009403705596924,-0.010863304138183594,-0.032562434673309326,0.9978479146957397,-0.02863895893096924,-0.0094357430934906,-0.03257793188095093,0.9967741370201111,0.0033990144729614258,-0.05406925082206726,-0.018965065479278564,0.99519282579422,-0.06761372089385986,-0.019587039947509766,-0.024331271648406982,0.9958460927009583,-0.00852656364440918,-0.003865957260131836,0.021331608295440674,0.9972530603408813,-0.029875874519348145,0.006998658180236816,0.01886618137359619,0.9976385831832886,-0.006606101989746094,-0.05832803249359131,0.18756163120269775,0.9988088607788086,-0.17177703976631165,0.02194690704345703,0.14760559797286987,0.9992461800575256,0.006928682327270508,-0.04554194211959839,0.35712212324142456,0.6062833666801453,-0.26647767424583435,0.09330099821090698,0.22939777374267578,0.8995651602745056,0.01809108257293701,3.4183263778686523e-05,0.5246596336364746,0.6466403603553772,-0.34563328325748444,0.21444180607795715,0.3055330514907837,0.8762586712837219,0.03453940153121948,-0.00011542439460754395,0.5061719119548798,0.6423510313034058,-0.3400041460990906,0.2736212909221649,0.23799675703048706,0.8557424545288086,0.03054523468017578,0.01202806830406189,0.46728500723838806,0.6472650170326233,-0.32397156953811646,0.25606170296669006,0.2351493239402771,0.8518514037132263,0.01841181516647339,0.014085263013839722,0.5139835774898529,0.6054653525352478,-0.30096086859703064,0.22439947724342346,0.3010396361351013,0.8176909685134888,-0.061680495738983154,-0.04532381892204285,0.911429456435144,0.9992090463638306,-0.1577836573123932,0.0008483827114105225,0.88297373149544,0.9995306134223938,0.059546470642089844,0.08502921462059021,0.9922199547290802,0.32331937551498413,-0.12452918291091919,0.15503457188606262,1.139309510588646,0.5042913556098938,0.12342333793640137,0.1789894998073578,1.2935267388820648,0.44216132164001465,-0.09992152452468872,0.2476675808429718,1.328703761100769,0.6103588342666626,0.12364542484283447,0.19009354710578918,1.3297216892242432,0.5120286345481873,-0.10557594895362854,0.250993937253952,1.3639176189899445,0.6138923168182373,0.17950594425201416,0.22472241520881653,1.2529947459697723,0.40355968475341797,-0.03565472364425659,0.30135080218315125,1.317885160446167,0.5319747924804688,PUSH UP
0.0,0.0,0.0,0.9966254830360413,0.003158360719680786,-0.01123356819152832,-0.031160950660705566,0.9974899291992188,0.007541477680206299,-0.01234424114227295,-0.03121805191040039,0.9969316124916077,0.011923998594284058,-0.013557136058807373,-0.031691789627075195,0.9973228573799133,-0.008332282304763794,-0.00866648554801941,-0.04140627384185791,0.9981467723846436,-0.012090355157852173,-0.00816798210144043,-0.04149293899536133,0.997823178768158,-0.01591932773590088,-0.0076950788497924805,-0.041466593742370605,0.9968689680099487,0.029460519552230835,-0.014780521392822266,0.037700653076171875,0.9955930709838867,-0.01503637433052063,-0.008121401071548462,-0.006484508514404297,0.996197521686554,0.01340484619140625,0.004508286714553833,0.05315864086151123,0.9973272085189819,-0.0033538639545440674,0.008578360080718994,0.0392603874206543,0.9976240992546082,0.0813574492931366,0.02396160364151001,0.35591650009155273,0.9986845254898071,-0.00916600227355957,0.028248459100723267,0.2556573748588562,0.9971866607666016,0.0921834409236908,0.1257932484149933,0.4698166251182556,0.6054816246032715,-0.012122392654418945,0.11686941981315613,0.4389183521270752,0.8254544734954834,0.10916635394096375,0.1756003201007843,0.4342268109321594,0.6323714256286621,0.004419565200805664,0.20814219117164612,0.550305187702179,0.8075795769691467,0.10724666714668274,0.18773779273033142,0.3956727385520935,0.6211773157119751,0.0060904622077941895,0.2300218641757965,0.5069220066070557,0.7938806414604187,0.08989116549491882,0.17972269654273987,0.36011964082717896,0.6211751699447632,0.0149422287940979,0.227898508310318,0.4970861077308655,0.7902839779853821,0.08572354912757874,0.17568066716194153,0.4201326370239258,0.5848535895347595,0.017804712057113647,0.2197958528995514,0.5476670861244202,0.7624185681343079,0.06003144383430481,-0.01758292317390442,1.12605494633317,0.999285876750946,0.017612159252166748,0.02534472942352295,1.0531960390508175,0.9995736479759216,0.08120909333229065,0.07621324062347412,1.2193135470151901,0.38623180985450745,0.012631982564926147,0.158054918050766,1.0932503957301378,0.5496407151222229,0.07131898403167725,0.1882997453212738,1.516437590122223,0.49519455432891846,-0.008993536233901978,0.3334740102291107,1.277050033211708,0.647275447845459,0.059446781873703,0.2103746235370636,1.5450742542743683,0.5529203414916992,-0.007166177034378052,0.3625622093677521,1.2943847328424454,0.6455392241477966,0.09641876816749573,0.21457287669181824,1.3981719315052032,0.45909640192985535,0.0043645501136779785,0.3783818781375885,1.1120874490588903,0.5762262344360352,LUNGE
0.0,0.0,0.0,0.9876082539558411,-0.002422899007797241,-0.03014504909515381,0.0010932497680187225,0.9883164167404175,-0.001843094825744629,-0.036216527223587036,0.0010297298431396484,0.9920357465744019,-0.001276463270187378,-0.043119996786117554,0.0007282048463821411,0.9891281723976135,-0.0039691925048828125,-0.02524930238723755,-0.012211931869387627,0.9876484274864197,-0.004282653331756592,-0.02799341082572937,-0.012275347486138344,0.9908815026283264,-0.004781603813171387,-0.03071114420890808,-0.012476062402129173,0.9874984622001648,0.005591869354248047,-0.04785013198852539,0.021850353106856346,0.9865207076072693,-0.0016523301601409912,-0.0405694842338562,-0.03846876509487629,0.9837488532066345,0.005311071872711182,-0.013201683759689331,0.01615898683667183,0.9689311385154724,0.0019383132457733154,-0.009299546480178833,-0.0028748977929353714,0.9572353363037109,0.034006327390670776,-0.020148009061813354,0.048213252797722816,0.994996190071106,0.023098111152648926,-0.03062531352043152,-0.04151545651257038,0.9951985478401184,0.009837746620178223,-0.0058088600635528564,0.15473043732345104,0.5470129251480103,0.03320688009262085,0.05554783344268799,-0.04185336269438267,0.7613141536712646,-0.020348578691482544,-0.03936845064163208,0.22182208113372326,0.5723656415939331,0.04085385799407959,0.14412295818328857,0.040760286152362823,0.747768759727478,-0.025141924619674683,-0.050952017307281494,0.22597396187484264,0.5632911324501038,0.04305538535118103,0.16671866178512573,0.03833109699189663,0.7412227392196655,-0.019922107458114624,-0.050235211849212646,0.22557814233005047,0.5633378624916077,0.04911446571350098,0.16865921020507812,0.054166436195373535,0.7374736070632935,-0.01790371537208557,-0.043874263763427734,0.22633561305701733,0.5315260887145996,0.04880836606025696,0.16454118490219116,0.047963907942175865,0.7160355448722839,0.021359026432037354,-0.04118138551712036,0.08264550752937794,0.9992935657501221,0.030880331993103027,-0.03954356908798218,-0.02456389181315899,0.999576985836029,0.02880600094795227,0.15281641483306885,0.09230691008269787,0.3930509686470032,0.03726911544799805,0.06128770112991333,-0.06361742503941059,0.5844613909721375,0.001775503158569336,0.32588839530944824,0.20272488705813885,0.5183585286140442,0.02063480019569397,0.25574415922164917,0.07270003296434879,0.6688400506973267,-0.0041201114654541016,0.3420771360397339,0.218192545697093,0.5760704874992371,0.01533535122871399,0.286848247051239,0.09388514421880245,0.6599137783050537,0.023045510053634644,0.3630818724632263,0.11980731599032879,0.49105218052864075,0.03257685899734497,0.3026292324066162,-0.014728384092450142,0.6051148772239685,LUNGE
0.0,0.0,0.0,0.9888446927070618,-0.009725570678710938,-0.017326444387435913,0.04639950394630432,0.9894835352897644,-0.009718775749206543,-0.018002092838287354,0.04649615287780762,0.9928296804428101,-0.009113311767578125,-0.01827085018157959,0.046358704566955566,0.9902132153511047,-0.0159112811088562,-0.015422850847244263,-0.007250547409057617,0.9888830780982971,-0.02154916524887085,-0.014615565538406372,-0.007376581430435181,0.9917928576469421,-0.02797698974609375,-0.012924283742904663,-0.007505327463150024,0.9887481927871704,-0.028251469135284424,-0.010275661945343018,0.26962336152791977,0.9878667593002319,-0.057052016258239746,-0.0020350217819213867,0.022713571786880493,0.9853736162185669,-0.0023708343505859375,0.017240673303604126,0.083314448595047,0.9720292687416077,-0.011765241622924805,0.019043564796447754,0.01081421971321106,0.9615074992179871,-0.022220611572265625,0.061078280210494995,0.5084736496210098,0.9951192736625671,-0.09819495677947998,0.08797970414161682,-0.06119886040687561,0.9955987930297852,-0.007843971252441406,0.08445817232131958,0.9111834764480591,0.5226702094078064,-0.1822872757911682,0.12777835130691528,-0.5017619729042053,0.7794281840324402,0.008666813373565674,0.06283310055732727,1.2556565999984741,0.5868591070175171,-0.14316469430923462,0.11156094074249268,-0.8617851138114929,0.7655196785926819,0.009062409400939941,0.05887186527252197,1.344175398349762,0.579272449016571,-0.13826388120651245,0.10915195941925049,-0.9228516221046448,0.7570182085037231,0.007968604564666748,0.05245429277420044,1.3242560029029846,0.5793249011039734,-0.12527918815612793,0.09807729721069336,-0.8988396525382996,0.7527211904525757,0.010021448135375977,0.055875688791275024,1.2592284083366394,0.5465240478515625,-0.1259635090827942,0.10053977370262146,-0.8572713732719421,0.7278401851654053,-0.044102609157562256,0.3053709864616394,0.4762261360883713,0.9993298053741455,-0.10740929841995239,0.31480687856674194,0.12683293223381042,0.9995756149291992,0.10608190298080444,0.3775392770767212,0.27858332730829716,0.45345550775527954,-0.2596660256385803,0.43809497356414795,0.03836560249328613,0.6256387829780579,0.031594812870025635,0.5178244709968567,0.49150562286376953,0.5662415027618408,-0.3954172134399414,0.5527161955833435,0.08963163197040558,0.7018521428108215,0.0022392868995666504,0.5423852205276489,0.5045185089111328,0.6178046464920044,-0.4212571978569031,0.5738654732704163,0.08896315097808838,0.6921713948249817,0.10790437459945679,0.5678735971450806,0.4108373150229454,0.5413957238197327,-0.37572285532951355,0.6064971089363098,-0.07612171769142151,0.6442511081695557,LUNGE
0.0,0.0,0.0,0.9899582862854004,-0.009175896644592285,-0.01686909794807434,0.043782755732536316,0.9905341863632202,-0.009059906005859375,-0.01725110411643982,0.04389403760433197,0.9935447573661804,-0.008422255516052246,-0.017366021871566772,0.043782398104667664,0.9911903738975525,-0.015322268009185791,-0.01567038893699646,-0.013573050498962402,0.9899944067001343,-0.020814597606658936,-0.015057265758514404,-0.013676941394805908,0.9926132559776306,-0.02719801664352417,-0.013909101486206055,-0.013797610998153687,0.9898731112480164,-0.027127742767333984,-0.009723037481307983,0.2593465163372457,0.9890785813331604,-0.056266844272613525,-0.002900838851928711,-0.003470778465270996,0.9868360161781311,-0.0023196935653686523,0.01819586753845215,0.08083207905292511,0.9748221635818481,-0.011344671249389648,0.019500434398651123,0.003553241491317749,0.9653550982475281,-0.01935410499572754,0.06322085857391357,0.48147323727607727,0.9953855872154236,-0.10274875164031982,0.08384111523628235,-0.09641757607460022,0.9959928393363953,-0.002900540828704834,0.08902060985565186,0.9006415605545044,0.515169620513916,-0.18612927198410034,0.13367581367492676,-0.5568422079086304,0.8004127144813538,0.020946741104125977,0.08207285404205322,1.2440003156661987,0.6024748086929321,-0.1260383129119873,0.10707062482833862,-0.9259229302406311,0.7861019968986511,0.026078522205352783,0.0815894603729248,1.3309690356254578,0.5960841774940491,-0.1111939549446106,0.10295084118843079,-0.9932250380516052,0.7766581773757935,0.024743258953094482,0.0763850212097168,1.3023688197135925,0.5965410470962524,-0.09878349304199219,0.0885016918182373,-0.9626172184944153,0.7723541259765625,0.025083482265472412,0.07853436470031738,1.2439324855804443,0.5639320611953735,-0.10263001918792725,0.0915655791759491,-0.9181756377220154,0.7462279200553894,-0.03973102569580078,0.30751335620880127,0.42860832810401917,0.9993705749511719,-0.1062777042388916,0.31638944149017334,0.0806075930595398,0.9995859861373901,0.1104465126991272,0.3795378804206848,0.23670213297009468,0.5078439116477966,-0.25712430477142334,0.442462682723999,-0.03543040156364441,0.6628701686859131,0.03344327211380005,0.5199570655822754,0.44548819959163666,0.6093059182167053,-0.39633068442344666,0.5564789175987244,-0.030812591314315796,0.7315717935562134,0.003554105758666992,0.5451553463935852,0.4583304673433304,0.6553934216499329,-0.4229434132575989,0.5759409666061401,-0.036351948976516724,0.7216470241546631,0.10823285579681396,0.56965172290802,0.36125092953443527,0.5866115093231201,-0.3788663148880005,0.6090143322944641,-0.21321341395378113,0.6794265508651733,LUNGE
0.0,0.0,0.0,0.9909568428993225,-0.008282482624053955,-0.015238165855407715,0.04428568482398987,0.9914777874946594,-0.007968127727508545,-0.015522897243499756,0.044398486614227295,0.9941842555999756,-0.007201194763183594,-0.015562742948532104,0.0443248450756073,0.9920663833618164,-0.015105783939361572,-0.014164507389068604,-0.00946742296218872,0.9909937977790833,-0.020615696907043457,-0.01349252462387085,-0.009570062160491943,0.9933508634567261,-0.026966094970703125,-0.012369394302368164,-0.009720057249069214,0.9908849596977234,-0.025655925273895264,-0.007704675197601318,0.2570131872780621,0.9901658296585083,-0.05516016483306885,-0.001102745532989502,0.010851874947547913,0.9881517291069031,-0.0015834569931030273,0.018316656351089478,0.07976517081260681,0.9773244857788086,-0.011487483978271484,0.019673943519592285,0.007527142763137817,0.9688136577606201,-0.01775568723678589,0.06604641675949097,0.48119355738162994,0.9954589009284973,-0.10103791952133179,0.08480894565582275,-0.09633868932723999,0.9963561296463013,-0.006228625774383545,0.09534895420074463,0.8892228603363037,0.48957157135009766,-0.1856309175491333,0.12785613536834717,-0.5433719754219055,0.8196132183074951,0.011820077896118164,0.09438353776931763,1.2340465784072876,0.6020666360855103,-0.11348360776901245,0.10756313800811768,-0.836638331413269,0.8062848448753357,0.01701110601425171,0.09488633275032043,1.3268629312515259,0.5947473645210266,-0.09621626138687134,0.1050746738910675,-0.8948870897293091,0.7962046265602112,0.012532711029052734,0.09081098437309265,1.2984710931777954,0.5949261784553528,-0.08440655469894409,0.09163558483123779,-0.8591126203536987,0.7920181155204773,0.012768387794494629,0.09252020716667175,1.2354825735092163,0.562747597694397,-0.08957135677337646,0.09485295414924622,-0.8244106769561768,0.765890896320343,-0.037263453006744385,0.3100365102291107,0.4232700318098068,0.9994142651557922,-0.10396832227706909,0.3188858926296234,0.08118967711925507,0.9995986819267273,0.11167281866073608,0.3823166787624359,0.19070037826895714,0.5567906498908997,-0.25515681505203247,0.4443541467189789,0.02012743055820465,0.6962029933929443,0.03486347198486328,0.5227315723896027,0.4074093848466873,0.648038923740387,-0.38975515961647034,0.5586529076099396,0.11180797219276428,0.7582823038101196,0.004988551139831543,0.5488047301769257,0.42232273519039154,0.6891483664512634,-0.4105326235294342,0.5783377587795258,0.11576427519321442,0.7472697496414185,0.109275221824646,0.5717593729496002,0.3268725499510765,0.6273697018623352,-0.37704694271087646,0.6111330687999725,-0.04413655400276184,0.711060106754303,LUNGE
0.0,0.0,0.0,0.9918571710586548,-0.008436024188995361,-0.015359222888946533,0.04886496067047119,0.9923279881477356,-0.008226454257965088,-0.015655875205993652,0.04888291656970978,0.9947623610496521,-0.007548213005065918,-0.01569950580596924,0.048774197697639465,0.9928569793701172,-0.015226006507873535,-0.01429605484008789,0.0013054311275482178,0.9918931126594543,-0.02072244882583618,-0.013671308755874634,0.001165136694908142,0.9940145611763,-0.027110695838928223,-0.0126553475856781,0.0010344088077545166,0.9917954206466675,-0.026150524616241455,-0.007844537496566772,0.2738751918077469,0.9911461472511292,-0.055600643157958984,-0.0017738044261932373,0.05848760902881622,0.9893355369567871,-0.0020557045936584473,0.018063098192214966,0.08324117958545685,0.9795777797698975,-0.011687636375427246,0.019469916820526123,0.0199601948261261,0.9719224572181702,-0.017918765544891357,0.0659211277961731,0.4815947711467743,0.9957142472267151,-0.09940212965011597,0.08492881059646606,-0.03854438662528992,0.9966378808021545,0.0007929205894470215,0.103779137134552,0.7745047807693481,0.4652280807495117,-0.15357840061187744,0.13127672672271729,-0.3908509612083435,0.8338175415992737,0.0077111124992370605,0.09840020537376404,1.0005362033843994,0.5719175338745117,-0.0914650559425354,0.10521325469017029,-0.5943435430526733,0.8196073770523071,0.008114099502563477,0.10053884983062744,1.052905023097992,0.5605412125587463,-0.07723158597946167,0.10073727369308472,-0.6416282057762146,0.8055996894836426,0.002364933490753174,0.09681957960128784,1.0398985147476196,0.560825765132904,-0.0733875036239624,0.08922028541564941,-0.6189813613891602,0.800929605960846,0.003474593162536621,0.09832113981246948,1.0008569359779358,0.53114253282547,-0.07765591144561768,0.09350952506065369,-0.5869776606559753,0.7710282206535339,-0.038904011249542236,0.30698251724243164,0.39384619891643524,0.9994494318962097,-0.101040780544281,0.3173730969429016,0.06258556246757507,0.9995924234390259,0.10827893018722534,0.38230276107788086,0.1433718428015709,0.6005459427833557,-0.24966615438461304,0.4387766718864441,-0.0012580156326293945,0.7260094285011292,0.034185588359832764,0.5233573913574219,0.36498649418354034,0.6826310753822327,-0.3730657696723938,0.5554957985877991,0.12772338837385178,0.7822761535644531,0.004163682460784912,0.5511860251426697,0.379889652132988,0.7186305522918701,-0.395788311958313,0.577563464641571,0.13554737716913223,0.7683891654014587,0.10870879888534546,0.571630597114563,0.2795942984521389,0.6634206771850586,-0.35426852107048035,0.6102391481399536,-0.02763727307319641,0.7394225001335144,LUNGE
0.0,0.0,0.0,0.9926168322563171,-0.007492244243621826,-0.015306860208511353,0.048917800188064575,0.9930586218833923,-0.007397472858428955,-0.015498310327529907,0.04881727695465088,0.9952278137207031,-0.006809830665588379,-0.015375733375549316,0.04870525002479553,0.9935213327407837,-0.014812827110290527,-0.015008270740509033,0.004300028085708618,0.9926775097846985,-0.02044844627380371,-0.014704227447509766,0.004176825284957886,0.9945879578590393,-0.02753657102584839,-0.013787597417831421,0.004046052694320679,0.9925931692123413,-0.025254249572753906,-0.008286267518997192,0.28983408957719803,0.9919602274894714,-0.05676448345184326,-0.00382387638092041,0.13062520325183868,0.9903822541236877,-0.0034369230270385742,0.017265230417251587,0.08969604969024658,0.981427013874054,-0.012859463691711426,0.018484771251678467,0.031374454498291016,0.9746195673942566,-0.018503665924072266,0.0645904541015625,0.4955555498600006,0.995530903339386,-0.10043132305145264,0.08375754952430725,0.009646773338317871,0.9965592622756958,0.008590102195739746,0.10270610451698303,0.6939716339111328,0.4318178594112396,-0.1288297176361084,0.1415708363056183,-0.2934982180595398,0.8418210744857788,0.005914509296417236,0.10202521085739136,0.7653777003288269,0.5373669266700745,-0.07422351837158203,0.1194036602973938,-0.4692428708076477,0.8202834129333496,0.0060700178146362305,0.10789555311203003,0.7787032425403595,0.5270552635192871,-0.062364161014556885,0.11843490600585938,-0.5265801548957825,0.8015267848968506,-0.0013951659202575684,0.10303869843482971,0.7580077052116394,0.5279764533042908,-0.058737099170684814,0.10655558109283447,-0.515429675579071,0.7964550256729126,-0.0004321932792663574,0.10248810052871704,0.7566483318805695,0.4999510645866394,-0.0633544921875,0.1091122031211853,-0.46696001291275024,0.7595824003219604,-0.041634321212768555,0.3034559190273285,0.4695354402065277,0.9994454979896545,-0.10012847185134888,0.31438329815864563,0.15348416566848755,0.999508798122406,0.10356605052947998,0.38181284070014954,0.2378639206290245,0.6395687460899353,-0.23127609491348267,0.42780426144599915,0.07637323439121246,0.7530120015144348,0.03268617391586304,0.5233568251132965,0.4560966342687607,0.7137147784233093,-0.3197048008441925,0.5460261404514313,0.21319600194692612,0.8038438558578491,0.002673029899597168,0.5526203811168671,0.4688684642314911,0.7448239922523499,-0.33932751417160034,0.5619798004627228,0.2217678278684616,0.7860308289527893,0.10900241136550903,0.5702888071537018,0.34907548129558563,0.6957592368125916,-0.3117629885673523,0.6014908850193024,0.049449026584625244,0.7647733092308044,LUNGE
0.0,0.0,0.0,0.9931148886680603,-0.006159782409667969,-0.014530807733535767,0.04469648003578186,0.993419349193573,-0.006221354007720947,-0.014534413814544678,0.04453301429748535,0.9952192902565002,-0.005799591541290283,-0.014145970344543457,0.04433697462081909,0.9937248826026917,-0.014313101768493652,-0.015361756086349487,0.0037817955017089844,0.9931978583335876,-0.020790159702301025,-0.015906810760498047,0.0036945641040802,0.9949076771736145,-0.027823328971862793,-0.015113800764083862,0.0035880208015441895,0.9931195378303528,-0.02538996934890747,-0.008423566818237305,0.2690935544669628,0.9919085502624512,-0.057090580463409424,-0.006474018096923828,0.13983072340488434,0.9911332726478577,-0.004453301429748535,0.016548633575439453,0.0843830406665802,0.9821115732192993,-0.013815879821777344,0.017375171184539795,0.0311720073223114,0.9765417575836182,-0.01853877305984497,0.06257900595664978,0.4636470079421997,0.9946330785751343,-0.10194641351699829,0.08142617344856262,0.045255303382873535,0.996021032333374,0.03877896070480347,0.1005634069442749,0.6068237721920013,0.4026014804840088,-0.12388676404953003,0.1595698595046997,-0.09621205925941467,0.8214811086654663,0.05243605375289917,0.09774795174598694,0.5636597126722336,0.4997034966945648,-0.09027838706970215,0.17763304710388184,-0.22457066178321838,0.7766138315200806,0.05956786870956421,0.10391360521316528,0.5545973926782608,0.49136853218078613,-0.0798078179359436,0.18818870186805725,-0.27493229508399963,0.760622501373291,0.05219548940658569,0.09708508849143982,0.521859735250473,0.4934226870536804,-0.08034181594848633,0.17745482921600342,-0.2950379550457001,0.7564640641212463,0.04933995008468628,0.09657686948776245,0.544969230890274,0.4685685932636261,-0.07730460166931152,0.17364037036895752,-0.23543110489845276,0.7166402339935303,-0.04537475109100342,0.2984071671962738,0.4751978814601898,0.9991365075111389,-0.10013329982757568,0.31149980425834656,0.18061988055706024,0.9987987279891968,0.09997314214706421,0.38022664189338684,0.2786978967487812,0.6716796159744263,-0.16404438018798828,0.4087280333042145,0.08725173771381378,0.7767028212547302,0.03226524591445923,0.5226282775402069,0.47864851355552673,0.7395892143249512,-0.2518599033355713,0.5424869358539581,0.25968875735998154,0.822762131690979,0.0023374557495117188,0.5525378882884979,0.4931667894124985,0.7652851939201355,-0.2709267735481262,0.560845285654068,0.26983968168497086,0.7989180088043213,0.10937577486038208,0.5682693421840668,0.3829967640340328,0.7215144038200378,-0.23699122667312622,0.5842407643795013,0.10669921338558197,0.7859585285186768,LUNGE
0.0,0.0,0.0,0.9908966422080994,-0.0021144747734069824,-0.011300474405288696,0.022801458835601807,0.9901002049446106,-0.0027881264686584473,-0.010970890522003174,0.022588729858398438,0.9912031292915344,-0.0035431981086730957,-0.010622799396514893,0.022379741072654724,0.990822970867157,-0.006521701812744141,-0.011974990367889404,-0.017643630504608154,0.9909582138061523,-0.01874220371246338,-0.014831900596618652,-0.017661184072494507,0.9921051859855652,-0.022952616214752197,-0.01464816927909851,-0.017841890454292297,0.990899920463562,-0.014119744300842285,-0.01667201519012451,0.1536811999976635,0.9879735112190247,-0.045089542865753174,-0.016311556100845337,-0.013084635138511658,0.989119291305542,-0.0060860514640808105,0.017124146223068237,0.0551774799823761,0.9794326424598694,-0.010756433010101318,0.0176469087600708,0.0038215965032577515,0.9762775897979736,-0.005076885223388672,0.06265652179718018,0.3248268812894821,0.9938597679138184,-0.0905601978302002,0.05863755941390991,-0.08175431191921234,0.996188223361969,0.03965836763381958,0.13000249862670898,0.42897021770477295,0.36483222246170044,-0.11228072643280029,0.16271084547042847,-0.11572638154029846,0.7858765125274658,0.05312103033065796,0.14798077940940857,0.3303195983171463,0.4513956308364868,-0.08345305919647217,0.2253098487854004,-0.0985875129699707,0.7126498222351074,0.05795043706893921,0.16134104132652283,0.31844066083431244,0.44474393129348755,-0.07741159200668335,0.24998897314071655,-0.1318698227405548,0.7003535032272339,0.055444300174713135,0.14652088284492493,0.2767822667956352,0.4466373324394226,-0.07303237915039062,0.24308514595031738,-0.14741727709770203,0.6956666707992554,0.05320334434509277,0.14175105094909668,0.3073453903198242,0.42447954416275024,-0.07221245765686035,0.233626127243042,-0.10412272810935974,0.6578471064567566,-0.03382784128189087,0.2833903431892395,0.31087006628513336,0.998638391494751,-0.08663922548294067,0.2917909622192383,0.011089861392974854,0.9983195662498474,0.10976707935333252,0.38376325368881226,0.20316507294774055,0.6809359192848206,-0.017832040786743164,0.3960046172142029,-0.057313472032547,0.7973822355270386,0.04357612133026123,0.5289870500564575,0.2863378971815109,0.7510801553726196,-0.04899954795837402,0.5625835061073303,0.058880895376205444,0.8390379548072815,0.013494670391082764,0.5608502626419067,0.2863340973854065,0.7760341167449951,-0.0232202410697937,0.5670210123062134,0.0629492923617363,0.8128523826599121,0.12348794937133789,0.5742302536964417,0.20127953216433525,0.7342864871025085,-0.008366823196411133,0.6097299456596375,-0.05640271306037903,0.8039701581001282,LUNGE
0.0,0.0,0.0,0.9918065071105957,0.018673181533813477,-0.015324801206588745,0.04634031653404236,0.9910899996757507,0.022331178188323975,-0.011875540018081665,0.0462375283241272,0.992082417011261,0.027017951011657715,-0.007559329271316528,0.04624295234680176,0.9917404055595398,0.005018472671508789,-0.020480096340179443,0.04840445518493652,0.9918622970581055,-0.00034427642822265625,-0.02166387438774109,0.048431187868118286,0.9928945302963257,-0.004915177822113037,-0.022448599338531494,0.04820862412452698,0.9918098449707031,0.04941779375076294,0.006479591131210327,0.19424325227737427,0.9891756772994995,-0.006733715534210205,-0.0135287344455719,0.2088589072227478,0.9902072548866272,0.008945465087890625,0.026041924953460693,0.04617628455162048,0.9814891815185547,-0.00866776704788208,0.020617157220840454,0.04998031258583069,0.9786497950553894,0.06798291206359863,0.0756562352180481,0.0667417049407959,0.9944654703140259,-0.09207749366760254,0.07246258854866028,0.19592905044555664,0.9965689778327942,0.06633579730987549,0.17118903994560242,-0.10330125689506531,0.40306806564331055,-0.22852790355682373,0.12043783068656921,0.11339938640594482,0.7759604454040527,-0.018702447414398193,0.18017777800559998,-0.2705412060022354,0.4399488568305969,-0.3410269021987915,0.15297678112983704,0.023558348417282104,0.7130420804023743,-0.038252413272857666,0.18767967820167542,-0.29669418931007385,0.44476741552352905,-0.3708757162094116,0.1560196578502655,0.009549885988235474,0.7054286599159241,-0.05604285001754761,0.1725500524044037,-0.29123109579086304,0.443716436624527,-0.36286452412605286,0.148066908121109,-0.008844614028930664,0.7018323540687561,-0.05426955223083496,0.17402347922325134,-0.2689245641231537,0.4226263165473938,-0.3442884683609009,0.15038177371025085,0.01694875955581665,0.6649330854415894,-7.855892181396484e-05,0.215291827917099,-0.47445282340049744,0.998773992061615,-0.08573287725448608,0.2204260528087616,-0.3703087382018566,0.9984872341156006,-0.011793375015258789,0.09425055980682373,-0.7290953099727631,0.7126969695091248,-0.07377803325653076,0.02373659610748291,-0.4224397324578604,0.8157979846000671,-0.29355719685554504,0.05531945824623108,-1.1687983274459839,0.7751954793930054,-0.15903884172439575,0.09201198816299438,-0.9707075953483582,0.8494275808334351,-0.3288588225841522,0.06638357043266296,-1.2028602361679077,0.7980770468711853,-0.1514008641242981,0.13469693064689636,-1.02499520778656,0.8288240432739258,-0.3331098258495331,-0.027096956968307495,-1.243067741394043,0.760114312171936,-0.13993972539901733,0.03503337502479553,-1.1090480089187622,0.8207348585128784,CRUNCH
0.0,0.0,0.0,0.9926133155822754,0.019425392150878906,-0.01330384612083435,0.004161268472671509,0.9919752478599548,0.023864269256591797,-0.009930670261383057,0.0044654011726379395,0.9928664565086365,0.03186607360839844,-0.006430238485336304,0.004230916500091553,0.992557942867279,0.005393505096435547,-0.01874488592147827,0.017016500234603882,0.9926731586456299,0.0005900859832763672,-0.019995540380477905,0.01691955327987671,0.9936022758483887,-0.003597438335418701,-0.02101314067840576,0.016679614782333374,0.9926255345344543,0.05973494052886963,0.0047855377197265625,0.11717692017555237,0.990251362323761,0.0012223124504089355,-0.01223599910736084,0.19319014251232147,0.9911837577819824,0.00953751802444458,0.020975559949874878,0.04597485065460205,0.9833301901817322,-0.008739054203033447,0.016081959009170532,0.06516359746456146,0.980779230594635,0.10600721836090088,0.0727573037147522,0.24728626757860184,0.9949443340301514,-0.0836133360862732,0.0473971962928772,0.32022602297365665,0.996897280216217,0.18285030126571655,0.07739591598510742,0.5005999952554703,0.3916987478733063,-0.1855921745300293,0.02811446785926819,0.4259115979075432,0.7147253155708313,0.11890006065368652,0.08763894438743591,0.7087918817996979,0.40258458256721497,-0.1968098282814026,0.082129567861557,0.6311339437961578,0.6535952091217041,0.10510969161987305,0.09398353099822998,0.856422632932663,0.40663984417915344,-0.20279616117477417,0.12906131148338318,0.6839705109596252,0.6467099189758301,0.09164661169052124,0.07475674152374268,0.8843920528888702,0.4054415822029114,-0.1960357427597046,0.09503445029258728,0.683735728263855,0.6430870294570923,0.09595602750778198,0.07601481676101685,0.6222994327545166,0.38747677206993103,-0.19085395336151123,0.1039493978023529,0.6426949799060822,0.6111273765563965,0.03605043888092041,0.2159118950366974,0.25040601193904877,0.9988961815834045,-0.07018017768859863,0.19695153832435608,0.37787607312202454,0.998637855052948,0.056405842304229736,0.0614071786403656,0.009505122900009155,0.7400940656661987,-0.10391998291015625,-0.028841614723205566,0.4339539557695389,0.798882782459259,-0.13670068979263306,0.048456430435180664,-0.03771311044692993,0.7921696901321411,-0.17903858423233032,0.056918442249298096,-0.10765793919563293,0.839246392250061,-0.16152989864349365,0.06370297074317932,-0.028096020221710205,0.8138414621353149,-0.16562020778656006,0.10224649310112,-0.07588344812393188,0.820315957069397,-0.22208046913146973,-0.004341691732406616,-0.06514415144920349,0.7801347970962524,-0.1876872181892395,0.008327305316925049,-0.05549585819244385,0.8205420970916748,CRUNCH
0.0,0.0,0.0,0.9924936890602112,0.022348105907440186,-0.013354241847991943,-0.015487432479858398,0.9925599694252014,0.0241662859916687,-0.010825157165527344,-0.01550227403640747,0.9931967258453369,0.028391599655151367,-0.009329915046691895,-0.015738368034362793,0.9930411577224731,0.01779085397720337,-0.016017377376556396,-0.002388179302215576,0.9932491183280945,0.017407357692718506,-0.016942858695983887,-0.0027039647102355957,0.9940038919448853,0.019182324409484863,-0.017140597105026245,-0.0028315186500549316,0.993180513381958,0.04397261142730713,0.008244723081588745,0.07645654678344727,0.9903962016105652,0.03566908836364746,0.0016536712646484375,0.13832467794418335,0.9917174577713013,0.0062944889068603516,0.013824462890625,0.04942476749420166,0.9845342040061951,-0.0022464394569396973,0.01005488634109497,0.06727051734924316,0.9824132323265076,0.008846938610076904,0.05830729007720947,0.32679784297943115,0.9949803948402405,0.021158695220947266,0.038517534732818604,0.3697713017463684,0.9968128800392151,0.025968551635742188,0.01026257872581482,0.4528048038482666,0.4029114246368408,-0.0072509050369262695,0.02019631862640381,0.4613288640975952,0.6663759350776672,0.08664721250534058,0.011175990104675293,0.5360254049301147,0.38133856654167175,-0.0016548633575439453,0.01606142520904541,0.576472669839859,0.6197687387466431,0.08341759443283081,0.010257929563522339,0.5048556923866272,0.3868631422519684,-0.006572246551513672,0.021335601806640625,0.6114988029003143,0.6127316951751709,0.07584625482559204,0.02320992946624756,0.4677313566207886,0.3868168592453003,0.003726065158843994,0.02689465880393982,0.5460985898971558,0.6092422604560852,0.0749853253364563,0.029477208852767944,0.521476149559021,0.37109366059303284,0.0034105777740478516,0.03334799408912659,0.5752680003643036,0.5821008086204529,-0.0390891432762146,0.20979446172714233,0.9086591191589832,0.9990012049674988,-0.03423982858657837,0.15741866827011108,1.014402773231268,0.9987620115280151,-0.10188668966293335,0.013393014669418335,0.6751067042350769,0.7603972554206848,-0.06855517625808716,-0.04500848054885864,0.9056032076478004,0.7583900690078735,-0.3133261501789093,0.0315324068069458,0.7337372899055481,0.8078849911689758,-0.20394408702850342,0.06287941336631775,0.9103515148162842,0.8016631603240967,-0.3358842730522156,0.054452091455459595,0.7425203323364258,0.8189259171485901,-0.2122565507888794,0.10563325881958008,0.9204934127628803,0.7605694532394409,-0.3337969183921814,-0.027283668518066406,0.6480212807655334,0.7958647012710571,-0.2244231104850769,0.012455493211746216,0.856814794242382,0.7851359844207764,CRUNCH
0.0,0.0,0.0,0.992961585521698,0.016181230545043945,-0.003565669059753418,-0.03753364458680153,0.9931491613388062,0.01813638210296631,-0.0020084381103515625,-0.0374172069132328,0.9936985969543457,0.024063706398010254,0.0035430192947387695,-0.0374685563147068,0.993583083152771,0.014886736869812012,-0.006801873445510864,0.01785122975707054,0.9938094019889832,0.01595330238342285,-0.007284581661224365,0.017856411635875702,0.9944667816162109,0.01751154661178589,-0.0073375403881073,0.017712034285068512,0.9937520623207092,0.04910576343536377,0.03348764777183533,-0.10686672106385231,0.9912187457084656,0.041318297386169434,0.017178356647491455,0.15036005899310112,0.9924455285072327,0.0032700300216674805,0.02366510033607483,-0.01740283891558647,0.9858614802360535,-0.0011927485466003418,0.015873491764068604,0.05663886945694685,0.983982503414154,0.02923506498336792,0.1167442798614502,-0.15257564559578896,0.9954661130905151,-0.003482639789581299,0.056213706731796265,0.2990119121968746,0.9970627427101135,-0.012519240379333496,0.046593308448791504,-0.14002016559243202,0.44130685925483704,-0.07210022211074829,-0.02677297592163086,0.45314842090010643,0.6251085996627808,0.024126052856445312,0.023252099752426147,0.13842232897877693,0.3660036027431488,-0.05734264850616455,0.02209964394569397,0.5175194703042507,0.5736047029495239,0.036266326904296875,0.014453262090682983,0.15461083129048347,0.3667656481266022,-0.05600118637084961,0.028200626373291016,0.5404818318784237,0.5645712018013,0.03449296951293945,0.02794584631919861,0.14158396795392036,0.36468181014060974,-0.044793009757995605,0.038866519927978516,0.546763863414526,0.5609321594238281,0.025357186794281006,0.031611502170562744,0.14192424342036247,0.3499563932418823,-0.04692983627319336,0.03978869318962097,0.5223802290856838,0.537672758102417,-0.20620030164718628,0.22160762548446655,-0.10604094341397285,0.9991000890731812,-0.20845264196395874,0.16181975603103638,0.22826729342341423,0.9988808631896973,-0.3956280052661896,0.16590458154678345,-0.31339261308312416,0.7842981815338135,-0.15306144952774048,0.042851775884628296,0.13027151301503181,0.7685568332672119,-0.6048154532909393,0.17286384105682373,-0.5271565951406956,0.8269577622413635,-0.31752726435661316,0.031275391578674316,0.06186281651025638,0.8095310926437378,-0.6313462257385254,0.1845220923423767,-0.5544891990721226,0.8356356620788574,-0.35531508922576904,0.05393737554550171,0.04690623842179775,0.7719222903251648,-0.6506697833538055,0.0967034101486206,-0.7502936758100986,0.816040575504303,-0.3524100184440613,-0.04981046915054321,-0.04890305921435356,0.8017292618751526,CRUNCH
0.0,0.0,0.0,0.9935817718505859,0.015375018119812012,-0.006256312131881714,-0.02584833651781082,0.9937862753868103,0.018838047981262207,-0.004175513982772827,-0.025684066116809845,0.9942763447761536,0.02422165870666504,0.00046375393867492676,-0.025796160101890564,0.9941737651824951,0.00978916883468628,-0.010173678398132324,0.02398262359201908,0.9943696856498718,0.009356200695037842,-0.011065512895584106,0.02406330220401287,0.994912326335907,0.008877396583557129,-0.011883765459060669,0.024005858227610588,0.9943034648895264,0.04564988613128662,0.018441826105117798,-0.04709332436323166,0.9920505881309509,0.0198325514793396,-0.0006226301193237305,0.18753141909837723,0.9931371212005615,0.0032772421836853027,0.020666897296905518,-0.0020378194749355316,0.9871941208839417,-0.002557992935180664,0.012844294309616089,0.0655157444998622,0.9854252934455872,0.05083310604095459,0.1228095293045044,-0.03447028249502182,0.99580979347229,-0.01518094539642334,0.053701311349868774,0.28725532442331314,0.997230589389801,0.10554277896881104,0.06619244813919067,-0.08355950564146042,0.4773869216442108,-0.06961637735366821,-0.029819399118423462,0.34114039689302444,0.6120301485061646,0.09951120615005493,0.042934417724609375,0.17208906263113022,0.3411582112312317,-0.011033892631530762,0.018630653619766235,0.3662464991211891,0.5261766314506531,0.10810196399688721,0.036106884479522705,0.19436202198266983,0.3367041349411011,0.013923466205596924,0.0246313214302063,0.3759216144680977,0.5144895911216736,0.09638375043869019,0.050816893577575684,0.19224823266267776,0.33470261096954346,0.011431396007537842,0.03482276201248169,0.4066483750939369,0.5108259916305542,0.08767902851104736,0.05398118495941162,0.17688465863466263,0.3218544125556946,0.0025603175163269043,0.03645262122154236,0.3765598013997078,0.4901857376098633,-0.18839049339294434,0.22917795181274414,-0.07474593073129654,0.9991359710693359,-0.2086849808692932,0.1956348419189453,0.17714416235685349,0.9989652037620544,-0.125199556350708,0.051255494356155396,-0.4135899171233177,0.8053622841835022,-0.3931143879890442,0.13585716485977173,0.13112644106149673,0.790054440498352,-0.323229044675827,0.055063068866729736,-0.5407483503222466,0.8423528671264648,-0.5971532016992569,0.15140748023986816,0.04085425101220608,0.8265299797058105,-0.3554428815841675,0.0770396888256073,-0.5596079751849174,0.8488811254501343,-0.6295120865106583,0.17087465524673462,0.026041990146040916,0.7890371084213257,-0.3475703001022339,-0.046031415462493896,-0.6729501411318779,0.8331194519996643,-0.6547492742538452,0.0898256003856659,-0.09916327148675919,0.8190913796424866,CRUNCH
0.0,0.0,0.0,0.9941730499267578,0.015648841857910156,-0.006760209798812866,-0.020580388605594635,0.9943785667419434,0.01962047815322876,-0.004564493894577026,-0.02039678394794464,0.9948186278343201,0.025661468505859375,-5.4210424423217773e-05,-0.020501509308815002,0.9947278499603271,0.007502913475036621,-0.011195600032806396,0.02922232449054718,0.9948901534080505,0.00606614351272583,-0.012513577938079834,0.02930022031068802,0.9953376650810242,0.0045566558837890625,-0.013853490352630615,0.029311977326869965,0.9948170185089111,0.04619753360748291,0.013473212718963623,-0.027333155274391174,0.9928140044212341,0.012393534183502197,-0.006980955600738525,0.21782267093658447,0.9937697052955627,0.0035993456840515137,0.0202273428440094,0.007091701030731201,0.9884137511253357,-0.004268169403076172,0.012272834777832031,0.07451791688799858,0.9867689609527588,0.06465160846710205,0.11162954568862915,-0.020313270390033722,0.9961643218994141,-0.02377241849899292,0.05353400111198425,0.3324712961912155,0.9973317980766296,0.1465485692024231,0.06271481513977051,-0.05431284010410309,0.5205758213996887,-0.07651853561401367,-0.05493319034576416,0.42526236176490784,0.6217058897018433,0.1030469536781311,0.054656773805618286,0.22836779057979584,0.318937748670578,0.002649545669555664,-0.004280358552932739,0.45415592193603516,0.4798867404460907,0.10475951433181763,0.05158966779708862,0.25242242217063904,0.3088928461074829,0.02051103115081787,0.017951488494873047,0.4773716628551483,0.466223806142807,0.0897412896156311,0.06612852215766907,0.2533644437789917,0.3071303367614746,0.02066880464553833,0.03116440773010254,0.5345961451530457,0.46272197365760803,0.08293211460113525,0.06805378198623657,0.23466478288173676,0.2958768904209137,0.010137200355529785,0.03031212091445923,0.44529470801353455,0.4444483816623688,-0.18250221014022827,0.23345714807510376,-0.042577698826789856,0.9991510510444641,-0.21089118719100952,0.21572530269622803,0.23152373731136322,0.9990343451499939,-0.11181068420410156,0.04055213928222656,-0.27065280079841614,0.8233693242073059,-0.40495744347572327,0.1586076021194458,0.18931114673614502,0.8087241053581238,-0.3146052658557892,0.04731258749961853,-0.30552154779434204,0.855980634689331,-0.5947848111391068,0.1648680567741394,0.08266828488558531,0.8420805335044861,-0.34433403611183167,0.06763732433319092,-0.3075793981552124,0.8611493706703186,-0.6287055015563965,0.18447738885879517,0.0680340826511383,0.80655837059021,-0.34552207589149475,-0.05404692888259888,-0.383089542388916,0.8480057716369629,-0.6461637020111084,0.10177075862884521,-0.04632580280303955,0.8349946141242981,CRUNCH
0.0,0.0,0.0,0.9947533011436462,0.01784735918045044,-0.004886403679847717,0.03186479210853577,0.9949316382408142,0.02259773015975952,-0.0007497817277908325,0.031685084104537964,0.9953297972679138,0.02683889865875244,0.003484383225440979,0.03158015012741089,0.9952461123466492,0.0011946558952331543,-0.018971294164657593,0.028565675020217896,0.9953902959823608,-0.00496286153793335,-0.023926734924316406,0.028629988431930542,0.995792031288147,-0.011568725109100342,-0.02785484492778778,0.028628528118133545,0.9953184723854065,0.024019718170166016,0.01807136833667755,0.25286826491355896,0.9935235381126404,-0.036701738834381104,-0.02800549566745758,0.24310052394866943,0.9943831562995911,-0.0064048171043396,0.023711219429969788,0.08348599076271057,0.9895704984664917,-0.02370774745941162,0.005228891968727112,0.08117714524269104,0.988089919090271,-0.0033162832260131836,0.15142153203487396,0.3669766038656235,0.9965445399284363,-0.13782060146331787,0.0003307461738586426,0.3518347665667534,0.9975779056549072,0.02437734603881836,0.23600240051746368,0.10829341411590576,0.5656036138534546,-0.26243722438812256,0.05374188721179962,0.34267883747816086,0.6545860171318054,0.04699432849884033,0.29714278876781464,-0.41524648666381836,0.3794477880001068,-0.36092886328697205,0.13969673216342926,0.1715589165687561,0.5158685445785522,0.06696885824203491,0.31516651809215546,-0.5162429213523865,0.36530712246894836,-0.39884305000305176,0.1657802015542984,0.1319563388824463,0.4941614866256714,0.05768847465515137,0.309381827712059,-0.5502514243125916,0.3648855984210968,-0.3905777037143707,0.17810402810573578,0.0761408805847168,0.49168097972869873,0.04693180322647095,0.3001280277967453,-0.4439934492111206,0.3531160056591034,-0.3763348162174225,0.17256106436252594,0.14870139956474304,0.47329896688461304,-0.27816998958587646,0.28260479867458344,0.4584107231348753,0.9991890788078308,-0.34061357378959656,0.19929032027721405,0.472845621407032,0.9990203380584717,-0.45336100459098816,0.3735404461622238,0.4085433930158615,0.8291389346122742,-0.5282122194766998,0.33250151574611664,0.44170239567756653,0.8173229098320007,-0.6223388314247131,0.48338721692562103,0.667804941534996,0.8598530292510986,-0.6880865022540092,0.4618772715330124,0.7034031301736832,0.8474348187446594,-0.6454059779644012,0.4940173476934433,0.6770133227109909,0.8312231302261353,-0.7074045389890671,0.47779063880443573,0.7161940932273865,0.786589503288269,-0.6750864088535309,0.5336369723081589,0.3972349688410759,0.8503897190093994,-0.7329301610589027,0.5023389905691147,0.4458300359547138,0.838606595993042,PLANK
0.0,0.0,0.0,0.9952579736709595,0.01818150281906128,-0.0010275840759277344,0.035595834255218506,0.995356023311615,0.022885024547576904,0.005106911063194275,0.035382866859436035,0.9957318305969238,0.02641516923904419,0.010073289275169373,0.03524330258369446,0.9956506490707397,0.0021803975105285645,-0.018268480896949768,0.03238636255264282,0.9957598447799683,-0.0038943886756896973,-0.02366650104522705,0.032450854778289795,0.9961163997650146,-0.01046687364578247,-0.028402745723724365,0.03244221210479736,0.9956709742546082,0.02385878562927246,0.025738373398780823,0.2552948594093323,0.994052529335022,-0.03719991445541382,-0.024340450763702393,0.24874010682106018,0.994835376739502,-0.0062580108642578125,0.02503792941570282,0.08262196183204651,0.9905860424041748,-0.02639758586883545,0.006635949015617371,0.08023494482040405,0.9892521500587463,-0.012833952903747559,0.15084414184093475,0.37051204591989517,0.9968709945678711,-0.1522771716117859,0.0006855428218841553,0.36609455198049545,0.9977450966835022,-0.0002282857894897461,0.25326575338840485,0.1273638904094696,0.601719319820404,-0.2726500630378723,0.05528499186038971,0.40882550179958344,0.6785458922386169,0.04802572727203369,0.3304340988397598,-0.36913225054740906,0.4178745448589325,-0.3772691786289215,0.15396173298358917,0.31626205146312714,0.5197606086730957,0.06339246034622192,0.3590579181909561,-0.4634869396686554,0.39524462819099426,-0.4125540554523468,0.18027882277965546,0.2864454388618469,0.4869347810745239,0.05982452630996704,0.3482753187417984,-0.508279949426651,0.3977328836917877,-0.40875038504600525,0.19161592423915863,0.23043181002140045,0.48615989089012146,0.048960864543914795,0.33756209909915924,-0.40340396761894226,0.3859700560569763,-0.3940526247024536,0.18466253578662872,0.2937725782394409,0.46868205070495605,-0.29482609033584595,0.28532882034778595,0.4580167777603492,0.9991852045059204,-0.35571715235710144,0.1971457153558731,0.4595982620958239,0.9989268779754639,-0.4887383282184601,0.40174438059329987,0.4244874455034733,0.8376197814941406,-0.5334429144859314,0.346523180603981,0.4385510552674532,0.8299824595451355,-0.6559224426746368,0.5115676671266556,0.6830224245786667,0.8679440021514893,-0.6934766247868538,0.47919638454914093,0.7325078845024109,0.8536921739578247,-0.682306095957756,0.5209520012140274,0.6926689147949219,0.8090178966522217,-0.7128068059682846,0.49771638214588165,0.7450492084026337,0.757753312587738,-0.7125432044267654,0.5711910873651505,0.3925757259130478,0.85695481300354,-0.7496695518493652,0.5282085686922073,0.4589716196496738,0.84384685754776,PLANK
0.0,0.0,0.0,0.9957146048545837,0.018879234790802002,-0.0018299967050552368,0.03905084729194641,0.9957597851753235,0.023388206958770752,0.003966078162193298,0.03883805871009827,0.9961119294166565,0.02778536081314087,0.010167315602302551,0.03868156671524048,0.9960370063781738,0.0050408244132995605,-0.016302868723869324,0.03791812062263489,0.9961065053939819,-0.0005848407745361328,-0.021231651306152344,0.03799882531166077,0.9964216947555542,-0.006601989269256592,-0.025778338313102722,0.03799194097518921,0.9959977865219116,0.02523934841156006,0.025733843445777893,0.2444838434457779,0.9945455193519592,-0.03316432237625122,-0.024859696626663208,0.2602309286594391,0.9952378869056702,-0.008237659931182861,0.023747310042381287,0.08160507678985596,0.9915031790733337,-0.02470189332962036,0.004857912659645081,0.08118778467178345,0.9902979135513306,-0.018071770668029785,0.14547623693943024,0.35948123037815094,0.9971699714660645,-0.1535608172416687,-0.005358174443244934,0.3719865530729294,0.9978820085525513,-0.008156776428222656,0.2500685304403305,0.11406135559082031,0.6344636082649231,-0.26718324422836304,0.057118043303489685,0.4041094798594713,0.6925872564315796,0.032914698123931885,0.31634481251239777,-0.3978087902069092,0.4624512791633606,-0.3638050854206085,0.15102238953113556,0.28762368857860565,0.5101999044418335,0.06540662050247192,0.35295476019382477,-0.5026776790618896,0.43555423617362976,-0.39749079942703247,0.1776794046163559,0.2514234930276871,0.4711918532848358,0.06827634572982788,0.3416009098291397,-0.5478217601776123,0.44009438157081604,-0.3898327052593231,0.1890699714422226,0.19700266420841217,0.4718318581581116,0.05630618333816528,0.33064092695713043,-0.4336761236190796,0.4277133643627167,-0.3802835941314697,0.18324391543865204,0.26409173011779785,0.45529866218566895,-0.29700392484664917,0.279797688126564,0.426188834477216,0.9991760849952698,-0.35673388838768005,0.19637610018253326,0.4236198893049732,0.9987956285476685,-0.48499810695648193,0.39943666756153107,0.3646741397678852,0.8410805463790894,-0.527441531419754,0.34187741577625275,0.39656439051032066,0.837577223777771,-0.6635053008794785,0.509856715798378,0.6553568691015244,0.870931088924408,-0.696176640689373,0.47623391449451447,0.7158624231815338,0.8503050208091736,-0.6890641748905182,0.5156401544809341,0.6699674874544144,0.7826902270317078,-0.7144342660903931,0.4928768426179886,0.7312569320201874,0.7167724967002869,-0.7174879759550095,0.5647721439599991,0.3797578327357769,0.8579002618789673,-0.7442665323615074,0.5197847634553909,0.45059818774461746,0.838621199131012,PLANK
0.0,0.0,0.0,0.9961254596710205,0.019835829734802246,-0.0016322433948516846,0.041951656341552734,0.9961277842521667,0.024713873863220215,0.004344537854194641,0.04172399640083313,0.9964573383331299,0.028855562210083008,0.01028481125831604,0.04156610369682312,0.9963870644569397,0.0043808817863464355,-0.017991185188293457,0.039280861616134644,0.9964244365692139,-0.0009227395057678223,-0.022748500108718872,0.03935244679450989,0.9967024326324463,-0.005527198314666748,-0.02614063024520874,0.03935405611991882,0.9962985515594482,0.02614039182662964,0.025132447481155396,0.26576055586338043,0.9949936866760254,-0.028840601444244385,-0.025643661618232727,0.2684267908334732,0.9956134557723999,-0.0066283345222473145,0.023734480142593384,0.08556246757507324,0.9923291802406311,-0.024541497230529785,0.0016513615846633911,0.0834704041481018,0.9912394881248474,-0.017754793167114258,0.1432766318321228,0.37929457426071167,0.9974396824836731,-0.15152859687805176,-0.005028679966926575,0.3786296881735325,0.99798983335495,-0.013474822044372559,0.24755865335464478,0.13007792830467224,0.66485995054245,-0.26016396284103394,0.056788116693496704,0.4183385018259287,0.7081555128097534,0.041667819023132324,0.31481683254241943,-0.4069843590259552,0.5056554079055786,-0.35608741641044617,0.15261214971542358,0.3080628141760826,0.5078628659248352,0.06241673231124878,0.3438548445701599,-0.519887238740921,0.47576650977134705,-0.38955965638160706,0.17977958917617798,0.2672702670097351,0.4614417850971222,0.06445497274398804,0.33031392097473145,-0.5653895437717438,0.4818001091480255,-0.3824411928653717,0.1912192702293396,0.2127731591463089,0.46340176463127136,0.05349159240722656,0.3195580840110779,-0.44381335377693176,0.4687996804714203,-0.3688108026981354,0.18416982889175415,0.2848877012729645,0.4471365213394165,-0.29494911432266235,0.28122901916503906,0.433851576410234,0.9991844296455383,-0.3560177981853485,0.19640183448791504,0.42119797924533486,0.9987130761146545,-0.486225426197052,0.402856707572937,0.37809235975146294,0.8453012704849243,-0.526869386434555,0.3444586396217346,0.38592255860567093,0.8453353643417358,-0.6661012768745422,0.5125080347061157,0.6942844390869141,0.8743261098861694,-0.6935559511184692,0.4778459072113037,0.7465727925300598,0.8468703627586365,-0.6900748312473297,0.5185768008232117,0.7113915979862213,0.7648221254348755,-0.7118585705757141,0.4932851195335388,0.7663806080818176,0.6812697649002075,-0.7152164056897163,0.5654125213623047,0.42122500808909535,0.8593661189079285,-0.7413373216986656,0.5171211957931519,0.4849981926381588,0.8330015540122986,PLANK
0.0,0.0,0.0,0.9965007901191711,0.019710838794708252,-0.002902120351791382,0.03943786025047302,0.9964684844017029,0.024667322635650635,0.0024145394563674927,0.0392569899559021,0.9967754483222961,0.02911466360092163,0.007967129349708557,0.03916442394256592,0.9967078566551208,0.004462838172912598,-0.018067270517349243,0.04046711325645447,0.9967295527458191,-0.0006011128425598145,-0.022991493344306946,0.040547311305999756,0.9969771504402161,-0.005798935890197754,-0.02750346064567566,0.04053899645805359,0.9966010451316833,0.02628028392791748,0.021168723702430725,0.27701540291309357,0.9954171776771545,-0.02679198980331421,-0.025637581944465637,0.28096552193164825,0.9959825277328491,-0.005941271781921387,0.02435566484928131,0.08479130268096924,0.9930824637413025,-0.024224519729614258,0.003434985876083374,0.08763927221298218,0.9921000003814697,-0.018594980239868164,0.14551259577274323,0.38650234788656235,0.9976833462715149,-0.14860045909881592,0.00033263862133026123,0.4049525186419487,0.9981600642204285,-0.015021681785583496,0.24774448573589325,0.11403930187225342,0.6942185759544373,-0.2632657289505005,0.057437583804130554,0.4232858084142208,0.7334213852882385,0.036237478256225586,0.2962690442800522,-0.460843563079834,0.5477502942085266,-0.35573315620422363,0.14955605566501617,0.2528105527162552,0.542203426361084,0.05791342258453369,0.3194694370031357,-0.5792208313941956,0.516123354434967,-0.39920124411582947,0.17607592046260834,0.20159006118774414,0.48932692408561707,0.06518250703811646,0.305212065577507,-0.6156072020530701,0.5228102207183838,-0.39374762773513794,0.187675341963768,0.14387297630310059,0.49212291836738586,0.05040222406387329,0.29672251641750336,-0.4931471347808838,0.5091930031776428,-0.37873515486717224,0.18135635554790497,0.2272104173898697,0.474793940782547,-0.2936359643936157,0.27774642407894135,0.4629859772394411,0.9991747140884399,-0.35145074129104614,0.19396193325519562,0.4622860877716448,0.9986472129821777,-0.47991427779197693,0.3971879333257675,0.3938395082950592,0.8498001098632812,-0.5237683653831482,0.33595119416713715,0.422572273761034,0.8546910881996155,-0.6650333553552628,0.5090421885251999,0.6837636679410934,0.877259373664856,-0.6921418458223343,0.47508691251277924,0.7375335991382599,0.8471973538398743,-0.687806561589241,0.5137394517660141,0.6973447054624557,0.7524788975715637,-0.7122505307197571,0.48854105174541473,0.7512481510639191,0.6571992039680481,-0.7103870287537575,0.5616850107908249,0.4012219272553921,0.8610092401504517,-0.7387712150812149,0.5159188359975815,0.4725648229941726,0.8307448029518127,PLANK
0.0,0.0,0.0,0.9968388080596924,0.01979166269302368,-0.003128647804260254,0.03838396072387695,0.9967787861824036,0.024821937084197998,0.0020762979984283447,0.03821250796318054,0.9970644116401672,0.029340267181396484,0.007517635822296143,0.03811615705490112,0.9970003366470337,0.004452526569366455,-0.018117904663085938,0.03926858305931091,0.9970065355300903,-0.0006120204925537109,-0.023049280047416687,0.03934583067893982,0.997226357460022,-0.0060536861419677734,-0.027699962258338928,0.03933754563331604,0.9968757629394531,0.02651071548461914,0.020431414246559143,0.27315573394298553,0.9958013892173767,-0.025719940662384033,-0.025848761200904846,0.2785765826702118,0.996315062046051,-0.0055994391441345215,0.024170294404029846,0.08482381701469421,0.9937599897384644,-0.023984432220458984,0.003425225615501404,0.08767718076705933,0.9928731322288513,-0.01943790912628174,0.1469520777463913,0.4056302085518837,0.9979022145271301,-0.1469908356666565,0.0011469274759292603,0.4013459086418152,0.9983052015304565,-0.01540595293045044,0.24810488522052765,0.12626412510871887,0.7193043828010559,-0.26197385787963867,0.057528600096702576,0.4154113754630089,0.7553053498268127,0.031900107860565186,0.2927986830472946,-0.43238356709480286,0.5830813646316528,-0.3539835512638092,0.14998875558376312,0.24890489876270294,0.5687776803970337,0.04151356220245361,0.31557266414165497,-0.548803299665451,0.5490744709968567,-0.3958481252193451,0.17600210011005402,0.1958930790424347,0.5086119174957275,0.049192070960998535,0.29921941459178925,-0.5857014358043671,0.5566169023513794,-0.3919500410556793,0.18822459876537323,0.14112266898155212,0.5122246742248535,0.0397915244102478,0.290641650557518,-0.46453186869621277,0.5422132015228271,-0.37637120485305786,0.18162859976291656,0.22445377707481384,0.493844211101532,-0.2931641936302185,0.28013835847377777,0.49289706101990305,0.9991793036460876,-0.3515816330909729,0.19538427889347076,0.49324418418109417,0.9986072182655334,-0.48121151328086853,0.3990226238965988,0.44508782401680946,0.8554521203041077,-0.5214111506938934,0.3375905007123947,0.4699129331856966,0.8637990951538086,-0.665462389588356,0.5072488039731979,0.7410113960504532,0.8822411298751831,-0.6892178505659103,0.47391270101070404,0.8030833601951599,0.8495102524757385,-0.687649741768837,0.5114524811506271,0.7549738585948944,0.7422314286231995,-0.708426758646965,0.4864240735769272,0.8190851211547852,0.6362584829330444,-0.711694598197937,0.556582435965538,0.454661026597023,0.8648796677589417,-0.7400392219424248,0.5104995220899582,0.53370226547122,0.8316777348518372,PLANK
0.0,0.0,0.0,0.9971409440040588,0.019932687282562256,-0.00318889319896698,0.03925490379333496,0.997050940990448,0.024999022483825684,0.0020661354064941406,0.03907814621925354,0.9973195195198059,0.029607176780700684,0.0076337456703186035,0.038965702056884766,0.9972583651542664,0.00439530611038208,-0.018218860030174255,0.04006552696228027,0.9972468018531799,-0.0006961822509765625,-0.023170694708824158,0.0401364266872406,0.9974409937858582,-0.006119787693023682,-0.027630671858787537,0.040132761001586914,0.9971097111701965,0.02678126096725464,0.020978480577468872,0.26901282370090485,0.9961456656455994,-0.024872243404388428,-0.02559332549571991,0.2777510732412338,0.9966023564338684,-0.005344092845916748,0.024479418992996216,0.08423832058906555,0.9943673610687256,-0.023800432682037354,0.0034543275833129883,0.08683574199676514,0.9935652017593384,-0.020226597785949707,0.1479707658290863,0.38710352033376694,0.9980983138084412,-0.14659816026687622,0.0007216036319732666,0.3996129482984543,0.9984194040298462,-0.015239596366882324,0.2525084614753723,0.11957001686096191,0.7428874969482422,-0.2615966796875,0.0561690628528595,0.4123653471469879,0.7736925482749939,0.02964496612548828,0.29163357615470886,-0.4221263527870178,0.615594744682312,-0.3543105721473694,0.1512182652950287,0.2482476681470871,0.5853369235992432,0.040447354316711426,0.31334397196769714,-0.5362111926078796,0.5789874792098999,-0.39676108956336975,0.17707481980323792,0.19654259085655212,0.5168930292129517,0.044880211353302,0.296773761510849,-0.5718253254890442,0.5871976613998413,-0.38948139548301697,0.1888914406299591,0.1439724564552307,0.5212777256965637,0.03562396764755249,0.28842493891716003,-0.45357078313827515,0.5722712874412537,-0.3763725459575653,0.18253818154335022,0.22429105639457703,0.5022081136703491,-0.2928190231323242,0.2809750735759735,0.4797423668205738,0.9991665482521057,-0.3524920344352722,0.1951109766960144,0.4861755126621574,0.9985235929489136,-0.4827074706554413,0.39685407280921936,0.42665640264749527,0.8573732376098633,-0.5219845473766327,0.33595678210258484,0.4661124087870121,0.8698477149009705,-0.6652189344167709,0.5057326853275299,0.7282401770353317,0.8835269212722778,-0.6902596801519394,0.47186002135276794,0.7897758185863495,0.8487685322761536,-0.6861327290534973,0.5098274052143097,0.7431542575359344,0.7270102500915527,-0.7079540267586708,0.48330673575401306,0.804592490196228,0.6145111918449402,-0.7116833105683327,0.5564151108264923,0.44400982558727264,0.8649618029594421,-0.7416746541857719,0.5100378096103668,0.5168281868100166,0.8289051055908203,PLANK
0.0,0.0,0.0,0.9974165558815002,0.02020055055618286,-0.002851933240890503,0.03825414180755615,0.9973063468933105,0.025265038013458252,0.002440914511680603,0.0380835235118866,0.9975559711456299,0.029916465282440186,0.008093684911727905,0.037984222173690796,0.9974979758262634,0.004563868045806885,-0.01814018189907074,0.04009896516799927,0.9974789619445801,-0.0005443692207336426,-0.02320970594882965,0.04017004370689392,0.9976509809494019,-0.00596088171005249,-0.027789220213890076,0.04014906287193298,0.9973450303077698,0.027067184448242188,0.021474689245224,0.26586592197418213,0.9964631199836731,-0.02418583631515503,-0.025827720761299133,0.2791925221681595,0.9968839883804321,-0.005313694477081299,0.024425387382507324,0.0835048258304596,0.9949172735214233,-0.023824214935302734,0.0030289292335510254,0.08748576045036316,0.9941943287849426,-0.02170044183731079,0.1471942961215973,0.38392429798841476,0.9982721209526062,-0.14589399099349976,0.0007504820823669434,0.40264619141817093,0.9985448122024536,-0.014778196811676025,0.2526818513870239,0.13125070929527283,0.7635024189949036,-0.260908842086792,0.0587177574634552,0.4204776771366596,0.7918738722801208,0.02738499641418457,0.2928113639354706,-0.4118632972240448,0.6446661949157715,-0.35506314039230347,0.1520128846168518,0.2505716383457184,0.6106330752372742,0.03676283359527588,0.314557284116745,-0.5257421433925629,0.6058658957481384,-0.3967105746269226,0.17780792713165283,0.19916918873786926,0.5377138257026672,0.042715489864349365,0.2976001799106598,-0.5617843568325043,0.6146785020828247,-0.390652060508728,0.1900976300239563,0.14465367794036865,0.5426579713821411,0.034111201763153076,0.2887524664402008,-0.443368524312973,0.5991078019142151,-0.3756784498691559,0.18375495076179504,0.22635915875434875,0.5228315591812134,-0.2927505373954773,0.27895012497901917,0.4754193346016109,0.9991315603256226,-0.3513430058956146,0.19363024830818176,0.4785565658239648,0.9984551668167114,-0.4826146960258484,0.3960088789463043,0.4124213308095932,0.8599635362625122,-0.5213877856731415,0.33714810013771057,0.45293861255049706,0.8761236667633057,-0.6662668138742447,0.5072430670261383,0.6994247436523438,0.8845763802528381,-0.6911588236689568,0.4751865565776825,0.7507617771625519,0.8485821485519409,-0.6859886348247528,0.5115049183368683,0.7127334028482437,0.7137649059295654,-0.7106567695736885,0.4867107570171356,0.7627150118350983,0.5957484245300293,-0.7116889730095863,0.5571570694446564,0.41436415165662766,0.8648152947425842,-0.7424075827002525,0.5144775211811066,0.5072498414665461,0.8264983892440796,PLANK
0.0,0.0,0.0,0.9976651072502136,0.020312249660491943,-0.002829641103744507,0.03802260756492615,0.997541069984436,0.02538478374481201,0.0024865269660949707,0.0378606915473938,0.9977723360061646,0.030030786991119385,0.008134022355079651,0.037760019302368164,0.9977177381515503,0.004477083683013916,-0.0180814266204834,0.03905355930328369,0.9976930022239685,-0.0006655454635620117,-0.023108437657356262,0.03911799192428589,0.9978455305099487,-0.006145656108856201,-0.027753829956054688,0.0390954315662384,0.9975641369819641,0.02719104290008545,0.021116182208061218,0.2717420756816864,0.996758222579956,-0.024033188819885254,-0.025752663612365723,0.27973462641239166,0.997146487236023,-0.00531691312789917,0.02441464364528656,0.0857241153717041,0.9954131841659546,-0.023979008197784424,0.0029985904693603516,0.08860510587692261,0.99476158618927,-0.022125661373138428,0.1466245800256729,0.402603454887867,0.998430073261261,-0.1456313133239746,8.508563041687012e-05,0.41252218186855316,0.9986577033996582,-0.015319764614105225,0.25189150869846344,0.14376121759414673,0.7820008993148804,-0.25965362787246704,0.05916540324687958,0.4326449781656265,0.8080853819847107,0.015501976013183594,0.28949616849422455,-0.4103206396102905,0.6703969240188599,-0.3557485044002533,0.15353094041347504,0.25894106924533844,0.6324859261512756,0.021236300468444824,0.30934880673885345,-0.5265851020812988,0.6294968128204346,-0.3962647020816803,0.180427685379982,0.20562642812728882,0.5551954507827759,0.02579587697982788,0.2951469272375107,-0.561302900314331,0.6387577652931213,-0.3897009789943695,0.19516168534755707,0.15095138549804688,0.5605913400650024,0.019110798835754395,0.2852718085050583,-0.44106167554855347,0.6221765875816345,-0.375026136636734,0.1872335523366928,0.2349303662776947,0.5397762656211853,-0.29189157485961914,0.27799664437770844,0.49436951195821166,0.9991085529327393,-0.34990647435188293,0.19319941103458405,0.5023461887612939,0.9984118938446045,-0.48486196994781494,0.3964504450559616,0.4361358731985092,0.8639172911643982,-0.521919459104538,0.33758215606212616,0.47672883979976177,0.8824734687805176,-0.6663311868906021,0.5085584968328476,0.7059727758169174,0.8874871134757996,-0.6917282193899155,0.4756499379873276,0.7627427279949188,0.8507611751556396,-0.6864373534917831,0.5125975459814072,0.716912180185318,0.7050934433937073,-0.7119367569684982,0.4862518161535263,0.7735033333301544,0.5824107527732849,-0.7113325819373131,0.5600228160619736,0.41415903717279434,0.8665648698806763,-0.7422067373991013,0.5134658068418503,0.5095896944403648,0.8266215920448303,PLANK
0.0,0.0,0.0,0.9978895783424377,0.0202639102935791,-0.002861425280570984,0.038839489221572876,0.9977518916130066,0.025426626205444336,0.0024873316287994385,0.03867596387863159,0.9979681372642517,0.030047833919525146,0.007996410131454468,0.03857305645942688,0.9979154467582703,0.004487395286560059,-0.017801567912101746,0.039223939180374146,0.9978838562965393,-0.0006107687950134277,-0.022658392786979675,0.039298564195632935,0.9980196356773376,-0.006073117256164551,-0.027218565344810486,0.039286673069000244,0.9977571368217468,0.027628540992736816,0.020986706018447876,0.26902075111866,0.9970241189002991,-0.023274779319763184,-0.02471250295639038,0.27734680473804474,0.9973819255828857,-0.005176901817321777,0.024569272994995117,0.08526372909545898,0.9958592057228088,-0.023758113384246826,0.003656134009361267,0.08740577101707458,0.9952711462974548,-0.02193659543991089,0.147624671459198,0.39396362006664276,0.9985721111297607,-0.1453656554222107,0.002320989966392517,0.4025358781218529,0.9987497329711914,-0.015312492847442627,0.2530207633972168,0.13955900073051453,0.7985949516296387,-0.2600867748260498,0.0612320601940155,0.41385823488235474,0.8220853209495544,0.025179624557495117,0.2951953411102295,-0.412451833486557,0.6939531564712524,-0.3545498549938202,0.1541454792022705,0.2443576455116272,0.6493030786514282,0.03709733486175537,0.3178454041481018,-0.5275052487850189,0.651174008846283,-0.3940775692462921,0.18162384629249573,0.19243311882019043,0.5668373703956604,0.04000753164291382,0.30208200216293335,-0.5656091868877411,0.6611155271530151,-0.3884597718715668,0.1969996988773346,0.13853424787521362,0.5727376341819763,0.030959784984588623,0.2921326160430908,-0.44567862153053284,0.644460141658783,-0.3740430474281311,0.18870586156845093,0.22039765119552612,0.5512630939483643,-0.29118889570236206,0.2791672348976135,0.4852789849974215,0.9990958571434021,-0.3490505516529083,0.19507205486297607,0.4919651544187218,0.9983593821525574,-0.4857524335384369,0.39812523126602173,0.4312460497021675,0.8674131631851196,-0.5217143893241882,0.3376893997192383,0.46899277344346046,0.8881959915161133,-0.6648867875337601,0.5087368488311768,0.7287324517965317,0.8897829651832581,-0.6898194551467896,0.47480911016464233,0.7768467366695404,0.8519742488861084,-0.6849403232336044,0.5120181441307068,0.7427237629890442,0.6972659826278687,-0.7093074917793274,0.4847273826599121,0.7906114161014557,0.5687763094902039,-0.7090764194726944,0.5581086277961731,0.44079721719026566,0.8676866888999939,-0.7386322915554047,0.513053834438324,0.5024860771372914,0.8259987831115723,PLANK
0.0,0.0,0.0,0.9980922341346741,0.02022695541381836,-0.0027846843004226685,0.04028874635696411,0.9979450702667236,0.02544158697128296,0.0026900768280029297,0.04011848568916321,0.9981477856636047,0.03005051612854004,0.008233174681663513,0.04001075029373169,0.9980968832969666,0.0044449567794799805,-0.017595604062080383,0.039805591106414795,0.9980574250221252,-0.0006349086761474609,-0.022343873977661133,0.03988739848136902,0.9981783032417297,-0.006082057952880859,-0.026752933859825134,0.03988853096961975,0.9979307651519775,0.02788698673248291,0.021594375371932983,0.27020399272441864,0.9972742199897766,-0.02282637357711792,-0.02378910779953003,0.2771696001291275,0.9975955486297607,-0.0050247907638549805,0.024830996990203857,0.08555260300636292,0.9962623119354248,-0.023608386516571045,0.003998309373855591,0.08665305376052856,0.9957304000854492,-0.021867334842681885,0.1494869887828827,0.3911539316177368,0.9987031817436218,-0.14611202478408813,0.003700658679008484,0.3982175663113594,0.9988197088241577,-0.015396535396575928,0.2547316551208496,0.13032203912734985,0.8144716620445251,-0.2633093595504761,0.06300020217895508,0.3990470618009567,0.8335202932357788,0.03292757272720337,0.3001183867454529,-0.42828306555747986,0.7168210744857788,-0.35933658480644226,0.15604513883590698,0.22617053985595703,0.6589375138282776,0.04701513051986694,0.32361650466918945,-0.5448577105998993,0.6728501319885254,-0.39857739210128784,0.18414413928985596,0.17281568050384521,0.5705774426460266,0.04896199703216553,0.3071606159210205,-0.5835001170635223,0.6832608580589294,-0.39237555861473083,0.19920462369918823,0.11854866147041321,0.5769948363304138,0.038947463035583496,0.2974196672439575,-0.46200594305992126,0.6667014360427856,-0.3775433301925659,0.19046223163604736,0.20165297389030457,0.5550583600997925,-0.2906535267829895,0.2805429697036743,0.4810748938471079,0.9990977644920349,-0.34844714403152466,0.19606778025627136,0.48920118529349566,0.9983137249946594,-0.4854589104652405,0.4002496004104614,0.43025345727801323,0.8718968033790588,-0.521954208612442,0.3385758399963379,0.4674787763506174,0.893896758556366,-0.6643996089696884,0.5103862285614014,0.7345782369375229,0.8930100202560425,-0.6890142112970352,0.4763963222503662,0.7852689921855927,0.8547167778015137,-0.6844752579927444,0.5138357281684875,0.7489558756351471,0.6916750073432922,-0.7086091265082359,0.4864165186882019,0.7994067072868347,0.5579292178153992,-0.7092138379812241,0.5606918334960938,0.44422584399580956,0.8699191808700562,-0.7386276870965958,0.5134551525115967,0.5053986385464668,0.826991081237793,PLANK
0.0,0.0,0.0,0.9982725381851196,0.020233333110809326,-0.0027885735034942627,0.04212430119514465,0.9981129169464111,0.0254785418510437,0.00276792049407959,0.04193946719169617,0.9983051419258118,0.030065953731536865,0.0083254873752594,0.04181540012359619,0.9982557892799377,0.0044065117835998535,-0.017589658498764038,0.04085803031921387,0.9982059597969055,-0.0006705522537231445,-0.022316932678222656,0.040940046310424805,0.9983129501342773,-0.006135821342468262,-0.026671499013900757,0.04095029830932617,0.9980763792991638,0.027988970279693604,0.021919608116149902,0.27447667717933655,0.9974949955940247,-0.022614717483520508,-0.023521646857261658,0.28014352917671204,0.9977781176567078,-0.004912912845611572,0.025058269500732422,0.08692437410354614,0.9966232776641846,-0.023547708988189697,0.004303246736526489,0.08704757690429688,0.9961410760879517,-0.02203047275543213,0.1505957841873169,0.39268697053194046,0.9988204836845398,-0.14733755588531494,0.0038019120693206787,0.4043206050992012,0.99886155128479,-0.015711188316345215,0.2564941942691803,0.1305924355983734,0.8289928436279297,-0.2669997811317444,0.06260666251182556,0.4093564748764038,0.8423616290092468,0.03528386354446411,0.30296793580055237,-0.4229596257209778,0.7371825575828552,-0.3650420904159546,0.15700435638427734,0.23451867699623108,0.6610171794891357,0.0495603084564209,0.32620319724082947,-0.5396082401275635,0.6918027400970459,-0.4036606252193451,0.1856158971786499,0.18047654628753662,0.5667153596878052,0.05138915777206421,0.30976131558418274,-0.5785107612609863,0.7026738524436951,-0.3975299298763275,0.19946074485778809,0.12593954801559448,0.5737483501434326,0.04130125045776367,0.30034080147743225,-0.4567335247993469,0.6860451698303223,-0.38044583797454834,0.19083675742149353,0.2094743549823761,0.5516022443771362,-0.2905887961387634,0.2821880877017975,0.4812815571203828,0.9990918040275574,-0.34913718700408936,0.19714444875717163,0.4926629848778248,0.9982464909553528,-0.4856721758842468,0.4016011655330658,0.44141316786408424,0.8766452074050903,-0.5239484310150146,0.33937427401542664,0.47288174368441105,0.8990725874900818,-0.6649601310491562,0.5119489133358002,0.7607691586017609,0.8964475393295288,-0.6895187124609947,0.4779529273509979,0.809569388628006,0.8575323224067688,-0.6851720362901688,0.5160577595233917,0.7765760719776154,0.6866636276245117,-0.709418773651123,0.4886970818042755,0.8249305188655853,0.5483166575431824,-0.7097242847084999,0.5610906779766083,0.4685295857489109,0.8725252747535706,-0.7390027493238449,0.5140831172466278,0.5267886780202389,0.8281353116035461,PLANK
0.0,0.0,0.0,0.9983603954315186,-0.008401960134506226,-0.010949194431304932,0.022621527314186096,0.9982210993766785,-0.007927894592285156,-0.00501994788646698,0.022551555186510086,0.9983786344528198,-0.007588177919387817,-0.0015859603881835938,0.022496458142995834,0.998358428478241,-0.016401737928390503,-0.013071805238723755,-0.017119519412517548,0.9983175992965698,-0.02070513367652893,-0.012294918298721313,-0.017132654786109924,0.9984005689620972,-0.02490350604057312,-0.011355355381965637,-0.01725829392671585,0.998193085193634,-0.01745113730430603,0.0076417624950408936,0.12455494701862335,0.9976604580879211,-0.03739887475967407,-0.004002779722213745,-0.06001455336809158,0.9979026913642883,0.0031886696815490723,0.014951556921005249,0.04203118570148945,0.9968916773796082,-0.005439400672912598,0.017825305461883545,-0.011436037719249725,0.9964097142219543,-0.012993454933166504,0.1021832823753357,0.2634279951453209,0.9987706542015076,-0.032632976770401,0.0725545585155487,-0.14915434271097183,0.9988932013511658,0.04808896780014038,0.14993035793304443,0.36028384417295456,0.7947527170181274,0.04127234220504761,0.12420225143432617,-0.21577931195497513,0.8550805449485779,0.11679065227508545,0.14227834343910217,0.320157952606678,0.7364529967308044,0.11956214904785156,0.12582805752754211,-0.14641845971345901,0.6880289912223816,0.12459492683410645,0.13660088181495667,0.3365110382437706,0.6905138492584229,0.14004582166671753,0.11753082275390625,-0.19095105677843094,0.5969114899635315,0.13222455978393555,0.12396800518035889,0.2927897050976753,0.7032420039176941,0.13641208410263062,0.11245965957641602,-0.18347323685884476,0.6021807193756104,0.13252556324005127,0.1282203197479248,0.30049069970846176,0.6874463558197021,0.12565886974334717,0.11763885617256165,-0.17714018374681473,0.5800467729568481,-0.1620141565799713,0.24827638268470764,0.21035266667604446,0.999131441116333,-0.15346044301986694,0.22661542892456055,-0.06950350850820541,0.9983654618263245,-0.1930658519268036,0.37309014797210693,0.2758847549557686,0.8551525473594666,-0.11159902811050415,0.31697046756744385,-0.09033461660146713,0.9083049893379211,-0.25410860776901245,0.5069120526313782,0.38957368582487106,0.8987270593643188,-0.1506010890007019,0.4605613946914673,0.06330242287367582,0.8690170049667358,-0.2736921161413193,0.5201584100723267,0.39959635585546494,0.7109636068344116,-0.1645805537700653,0.47442084550857544,0.08280155248939991,0.5884050130844116,-0.22847440838813782,0.5650041103363037,0.35540252178907394,0.8782130479812622,-0.13225167989730835,0.5018765926361084,0.06128516048192978,0.8411020040512085,HIGH KNEE
0.0,0.0,0.0,0.9985089302062988,-0.0027781426906585693,-0.016313984990119934,0.012926513387355953,0.9983770251274109,-0.0030474960803985596,-0.015720471739768982,0.01288676803233102,0.9985144138336182,-0.003463447093963623,-0.01651589572429657,0.01286282722139731,0.998505175113678,-0.008138090372085571,-0.013635307550430298,-0.035188897512853146,0.9984694719314575,-0.011877089738845825,-0.013065367937088013,-0.03524430003017187,0.9985429048538208,-0.015842080116271973,-0.012612670660018921,-0.03536809887737036,0.9983596801757812,-0.019577443599700928,-0.006980389356613159,0.08964912313967943,0.9978776574134827,-0.03327333927154541,-0.007333338260650635,-0.12558797281235456,0.9980920553207397,-0.005871981382369995,0.010465115308761597,0.0360060827806592,0.9971795678138733,-0.01103106141090393,0.016754150390625,-0.028631686232984066,0.9967418909072876,-0.04476135969161987,0.07059773802757263,0.24406295735388994,0.9987632632255554,-0.03700980544090271,0.06996902823448181,-0.24050218146294355,0.9989843368530273,0.0213891863822937,0.10027381777763367,0.4648465784266591,0.746292769908905,0.0505484938621521,0.106936514377594,-0.32914924900978804,0.8687074184417725,0.09989058971405029,0.1072421669960022,0.5038701267912984,0.7237069606781006,0.1446865200996399,0.10529473423957825,-0.2685320405289531,0.7174152135848999,0.11283916234970093,0.0988662838935852,0.5326129170134664,0.6843088269233704,0.1578800082206726,0.0927245020866394,-0.31954273860901594,0.6339457631111145,0.1096450686454773,0.0942482054233551,0.47654634434729815,0.6988800168037415,0.15320390462875366,0.0828317403793335,-0.30135980527848005,0.6383818984031677,0.10963302850723267,0.09811949729919434,0.48171499092131853,0.6860814094543457,0.14874857664108276,0.08913272619247437,-0.26541495602577925,0.6169896125793457,-0.18062889575958252,0.2368907332420349,0.17373960930854082,0.9991986751556396,-0.15852993726730347,0.2544235587120056,-0.14690599124878645,0.9985053539276123,-0.1808706521987915,0.3856958746910095,0.32284041959792376,0.8533123135566711,-0.07091617584228516,0.34358519315719604,-0.09441317152231932,0.9172738194465637,-0.22175151109695435,0.5071295499801636,0.4981977017596364,0.9043243527412415,-0.13792583346366882,0.47220414876937866,0.13438196945935488,0.8813467621803284,-0.2666485756635666,0.5274197459220886,0.5153766246512532,0.7350444197654724,-0.15792924165725708,0.4858919382095337,0.15166514832526445,0.6273121237754822,-0.20963835716247559,0.566299319267273,0.4984251828864217,0.8857999444007874,-0.11542761325836182,0.516267716884613,0.1775664808228612,0.8555320501327515,HIGH KNEE
0.0,0.0,0.0,0.9986540675163269,-0.005695521831512451,-0.016005665063858032,0.016449575778096914,0.9985339641571045,-0.006356865167617798,-0.016328752040863037,0.016409648116678,0.9986567497253418,-0.0071344077587127686,-0.016347765922546387,0.016361962538212538,0.9986506104469299,-0.009598463773727417,-0.014196723699569702,-0.03125364426523447,0.9986189007759094,-0.012803912162780762,-0.014235228300094604,-0.031339858658611774,0.9986850619316101,-0.016162961721420288,-0.014474451541900635,-0.031444919295609,0.9985204339027405,-0.023741304874420166,-0.006360828876495361,0.10898298677057028,0.9980866312980652,-0.03680732846260071,-0.008962064981460571,-0.10996326897293329,0.9982806444168091,-0.0059181153774261475,0.011720061302185059,0.04068468790501356,0.9974567294120789,-0.009919494390487671,0.01507386565208435,-0.02260167244821787,0.9970621466636658,-0.05211085081100464,0.07910746335983276,0.2631340464577079,0.9988527297973633,-0.05127042531967163,0.0584111213684082,-0.21606274042278528,0.9990783929824829,0.025406360626220703,0.1176581084728241,0.41117687430232763,0.7217910885810852,0.04241514205932617,0.0990247130393982,-0.301436529494822,0.8808379173278809,0.10972970724105835,0.10787633061408997,0.408688141964376,0.7231563329696655,0.13865625858306885,0.09663662314414978,-0.2515818038955331,0.744229793548584,0.12558722496032715,0.10048997402191162,0.4308947464451194,0.6834408640861511,0.15799391269683838,0.07908394932746887,-0.2970187524333596,0.6676082611083984,0.11936795711517334,0.08808279037475586,0.3913606246933341,0.6981939077377319,0.15243810415267944,0.0711914598941803,-0.2828335026279092,0.6710951924324036,0.11361491680145264,0.09571954607963562,0.39126287307590246,0.6884719729423523,0.14611738920211792,0.07878983020782471,-0.2429217854514718,0.650277853012085,-0.17456504702568054,0.2546895742416382,0.1631724527105689,0.9992757439613342,-0.14970636367797852,0.2632211446762085,-0.1371384570375085,0.998647928237915,-0.18364185094833374,0.41054338216781616,0.22814431693404913,0.8597783446311951,-0.0055945515632629395,0.22200340032577515,-0.15811558160930872,0.925089955329895,-0.22404703497886658,0.5757491588592529,0.35297186579555273,0.9115277528762817,-0.09956488013267517,0.39144039154052734,0.03867064509540796,0.8913825750350952,-0.2565087378025055,0.5971423983573914,0.36592824663966894,0.7589366436004639,-0.12462836503982544,0.4015319347381592,0.059328011237084866,0.6614051461219788,-0.1770540177822113,0.6079512238502502,0.29103206004947424,0.8946830034255981,-0.08120959997177124,0.4366002678871155,0.10203498508781195,0.8676780462265015,HIGH KNEE
0.0,0.0,0.0,0.9987606406211853,-0.002428025007247925,-0.015456140041351318,0.014761753380298615,0.9986194968223572,-0.003109663724899292,-0.01625177264213562,0.014700397849082947,0.998727023601532,-0.0037627220153808594,-0.017365247011184692,0.014637194573879242,0.9987280368804932,-0.005600869655609131,-0.013982176780700684,-0.03231046348810196,0.9987009167671204,-0.008525103330612183,-0.013977348804473877,-0.03231500834226608,0.9987607598304749,-0.011516451835632324,-0.014021694660186768,-0.03238620609045029,0.9986217021942139,-0.023743122816085815,-0.0072141289710998535,0.1199274305254221,0.9981704354286194,-0.03357192873954773,-0.009069383144378662,-0.12096358090639114,0.9983808398246765,-0.008371800184249878,0.013796985149383545,0.04468245059251785,0.997646689414978,-0.012501001358032227,0.016171365976333618,-0.016776911914348602,0.9972913861274719,-0.07237046957015991,0.07158178091049194,0.2867107316851616,0.9988297820091248,-0.047829121351242065,0.054985105991363525,-0.23101598769426346,0.999165415763855,0.0042116641998291016,0.11473539471626282,0.40271439403295517,0.666545569896698,0.04560750722885132,0.10070961713790894,-0.31516144424676895,0.8918876051902771,0.08776479959487915,0.11041420698165894,0.3323693796992302,0.6911039352416992,0.1525355577468872,0.09897094964981079,-0.2561817839741707,0.7684180736541748,0.10129803419113159,0.09825125336647034,0.34120627492666245,0.6577827334403992,0.17208874225616455,0.07989561557769775,-0.31423116475343704,0.698549747467041,0.10154122114181519,0.09408128261566162,0.2942473515868187,0.6726725697517395,0.16586190462112427,0.0743916928768158,-0.28362975269556046,0.7012656331062317,0.10012239217758179,0.10003846883773804,0.3088604584336281,0.6666117906570435,0.1583315134048462,0.08467379212379456,-0.24501094967126846,0.6808861494064331,-0.16318047046661377,0.25608405470848083,0.27349331229925156,0.9992707967758179,-0.1455748975276947,0.261836439371109,-0.05214417725801468,0.9987660646438599,-0.07194426655769348,0.29082104563713074,0.45837774127721786,0.7840197086334229,-0.14130675792694092,0.4062081277370453,-0.010739274322986603,0.9307953715324402,-0.08033666014671326,0.37866804003715515,0.6995871588587761,0.8391067385673523,-0.1650388538837433,0.5763743221759796,0.1456414870917797,0.9012329578399658,-0.09251803159713745,0.3947765529155731,0.7226636335253716,0.7273452281951904,-0.1465921700000763,0.6006346046924591,0.15624886751174927,0.6940274238586426,-0.010980457067489624,0.3914599120616913,0.7223372980952263,0.8489474654197693,-0.15022140741348267,0.6210701167583466,0.07641857862472534,0.8790076971054077,HIGH KNEE
0.0,0.0,0.0,0.9988812208175659,-0.004125356674194336,-0.01631683111190796,0.016985207796096802,0.9987476468086243,-0.0054773688316345215,-0.01772966980934143,0.016913697123527527,0.9988440871238708,-0.006889998912811279,-0.020058929920196533,0.01685170829296112,0.9988443851470947,-0.006677776575088501,-0.015056014060974121,-0.0004036128520965576,0.9988223314285278,-0.009695053100585938,-0.015449553728103638,-0.00045590102672576904,0.9988773465156555,-0.012684077024459839,-0.015922129154205322,-0.0005932599306106567,0.998753547668457,-0.029728561639785767,-0.011099576950073242,0.14224907103925943,0.9983311295509338,-0.035400956869125366,-0.012860149145126343,-0.1179332584142685,0.9985353350639343,-0.011288821697235107,0.012438178062438965,0.04870016127824783,0.9978728294372559,-0.013537198305130005,0.014129281044006348,0.008234873414039612,0.9975550174713135,-0.0813865065574646,0.06749561429023743,0.30480238795280457,0.9989073276519775,-0.05388477444648743,0.04954618215560913,-0.23308713734149933,0.9992480278015137,-0.0029636621475219727,0.10991501808166504,0.392759770154953,0.6302935481071472,0.04293447732925415,0.09566879272460938,-0.3428487032651901,0.9023638963699341,0.08350145816802979,0.11928433179855347,0.28557008504867554,0.6815569400787354,0.1517736315727234,0.0971495509147644,-0.31320421397686005,0.7910683751106262,0.09432655572891235,0.09517112374305725,0.2871604710817337,0.6530819535255432,0.17149615287780762,0.07560995221138,-0.38192056119441986,0.7277207970619202,0.09742134809494019,0.09029704332351685,0.23850258439779282,0.6672177314758301,0.16257864236831665,0.06990638375282288,-0.34884457290172577,0.7299426794052124,0.09870767593383789,0.09862831234931946,0.25987590849399567,0.6619167923927307,0.15577441453933716,0.08077219128608704,-0.3026374727487564,0.7106944918632507,-0.15723121166229248,0.25313496589660645,0.32433195412158966,0.9992949962615967,-0.14801025390625,0.2582409381866455,-0.009857997298240662,0.998880922794342,-0.04685312509536743,0.24398553371429443,0.5177432745695114,0.7480963468551636,-0.16702979803085327,0.4240221381187439,0.0034619569778442383,0.9373496770858765,-0.05448204278945923,0.3314087390899658,0.7558401972055435,0.8183339834213257,-0.19843900203704834,0.5903980731964111,0.1205143891274929,0.9109406471252441,-0.08838996291160583,0.379885196685791,0.7762428671121597,0.7325100302696228,-0.19487884640693665,0.611579418182373,0.12639899924397469,0.7242254614830017,0.0025809407234191895,0.38096433877944946,0.7613080888986588,0.8459347486495972,-0.15231159329414368,0.6345439553260803,0.010189369320869446,0.8907114267349243,HIGH KNEE
0.0,0.0,0.0,0.9989831447601318,-0.0048484206199646,-0.01610395312309265,0.013055741786956787,0.9988539814949036,-0.006451308727264404,-0.017521709203720093,0.013006702065467834,0.9989395141601562,-0.00812375545501709,-0.020036965608596802,0.012972570955753326,0.9989395141601562,-0.006960064172744751,-0.015657931566238403,-0.03345303237438202,0.9989240765571594,-0.009815216064453125,-0.016299009323120117,-0.03346455097198486,0.9989748001098633,-0.012585461139678955,-0.0169183611869812,-0.03354364633560181,0.9988660216331482,-0.029583722352981567,-0.013398319482803345,0.1154351094737649,0.9984593987464905,-0.03394043445587158,-0.014118075370788574,-0.11877737939357758,0.9986652135848999,-0.011734098196029663,0.011371612548828125,0.04374630004167557,0.998066246509552,-0.014130234718322754,0.012449115514755249,-0.02056935429573059,0.9977822303771973,-0.07832697033882141,0.06273972988128662,0.2946789711713791,0.998863697052002,-0.05805695056915283,0.04518002271652222,-0.2313225418329239,0.9993200898170471,0.0002789497375488281,0.10775288939476013,0.40251918137073517,0.5938953161239624,0.042552053928375244,0.09205737709999084,-0.3251187354326248,0.9118725657463074,0.08759868144989014,0.11302885413169861,0.3314722329378128,0.6706675291061401,0.15281355381011963,0.09571105241775513,-0.28803442418575287,0.8116257190704346,0.10270678997039795,0.09652087092399597,0.34083355963230133,0.6455579996109009,0.1693667769432068,0.07301831245422363,-0.34740568697452545,0.7542699575424194,0.09195828437805176,0.08877307176589966,0.2894221097230911,0.6592915654182434,0.16147589683532715,0.06690713763237,-0.3176850527524948,0.7561120390892029,0.10348773002624512,0.097113698720932,0.30578045547008514,0.6554800868034363,0.15593743324279785,0.07829511165618896,-0.27798865735530853,0.7379993200302124,-0.14045068621635437,0.248163640499115,0.29050789773464203,0.9992519021034241,-0.15072661638259888,0.25060635805130005,-0.03458064794540405,0.9989638924598694,-0.014599621295928955,0.18643265962600708,0.3280527591705322,0.7554491758346558,-0.17033064365386963,0.41754603385925293,-0.0737493485212326,0.9434489011764526,-0.051595449447631836,0.3297291398048401,0.42952050268650055,0.8266767859458923,-0.21126383543014526,0.5820586681365967,-0.047880321741104126,0.9198008179664612,-0.09359931945800781,0.3862285017967224,0.4377904385328293,0.7532023191452026,-0.22390159964561462,0.6050934791564941,-0.05300518870353699,0.7516319155693054,0.003981053829193115,0.38078737258911133,0.41717149317264557,0.8570905923843384,-0.15224426984786987,0.6278282403945923,-0.19310878217220306,0.9015101194381714,HIGH KNEE
0.0,0.0,0.0,0.9990836977958679,-0.00443655252456665,-0.01586991548538208,0.02388375997543335,0.9989661574363708,-0.005561262369155884,-0.017114192247390747,0.02385401725769043,0.9990423917770386,-0.006744474172592163,-0.01948946714401245,0.02379778027534485,0.9990420937538147,-0.008000761270523071,-0.01586976647377014,-0.02707234025001526,0.9990299344062805,-0.011845976114273071,-0.016639232635498047,-0.02708473801612854,0.9990756511688232,-0.01589319109916687,-0.01734369993209839,-0.027112752199172974,0.9989781379699707,-0.027301371097564697,-0.014256864786148071,0.17557752132415771,0.9986034035682678,-0.04091450572013855,-0.014360249042510986,-0.05675026774406433,0.9987967014312744,-0.010773450136184692,0.011540323495864868,0.06403331458568573,0.9982532262802124,-0.014805704355239868,0.012513190507888794,-0.004172176122665405,0.9979996085166931,-0.07989349961280823,0.057052552700042725,0.41543836146593094,0.9989303946495056,-0.05981281399726868,0.04587307572364807,-0.15292948484420776,0.9993868470191956,0.004525244235992432,0.10206755995750427,0.4995797723531723,0.5674706697463989,0.044539570808410645,0.09152153134346008,-0.25618839263916016,0.920386016368866,0.09225445985794067,0.10787028074264526,0.3739936277270317,0.6712085008621216,0.1583757996559143,0.0952976644039154,-0.2301577925682068,0.8301805257797241,0.106503427028656,0.08948156237602234,0.371916227042675,0.6496267914772034,0.17228299379348755,0.07345768809318542,-0.3027303218841553,0.7782626152038574,0.10481631755828857,0.08519867062568665,0.32393149100244045,0.662635087966919,0.1662939190864563,0.06771501898765564,-0.26917052268981934,0.7798032760620117,0.11108428239822388,0.0996265709400177,0.34870996698737144,0.6587747931480408,0.16176658868789673,0.07906234264373779,-0.21960729360580444,0.7627485990524292,-0.14468351006507874,0.2474239468574524,0.47415946424007416,0.9992333650588989,-0.14995938539505005,0.25453370809555054,0.13325807452201843,0.9990513324737549,-0.025563836097717285,0.186152845621109,0.6298642158508301,0.7433738708496094,-0.17176929116249084,0.42456763982772827,0.12784886360168457,0.9487877488136292,-0.07698625326156616,0.3507799506187439,0.8546743988990784,0.821152925491333,-0.21519801020622253,0.5805394053459167,0.22653596848249435,0.9277201890945435,-0.09852936863899231,0.3789892792701721,0.875674843788147,0.7627744078636169,-0.23284488916397095,0.6075031161308289,0.23031694442033768,0.7761284112930298,-0.004759073257446289,0.37094777822494507,0.8686508536338806,0.8606829047203064,-0.1498158574104309,0.6281135678291321,0.10709024965763092,0.911087155342102,HIGH KNEE
0.0,0.0,0.0,0.9991686940193176,-0.0055849552154541016,-0.016258329153060913,0.039256736636161804,0.9990566968917847,-0.007094234228134155,-0.01744210720062256,0.03911583125591278,0.9991238713264465,-0.008632034063339233,-0.019676953554153442,0.03896661102771759,0.9991226196289062,-0.007856398820877075,-0.01628527045249939,0.015537887811660767,0.9991164207458496,-0.01110789179801941,-0.017089426517486572,0.015539616346359253,0.9991583824157715,-0.014737546443939209,-0.01784035563468933,0.015489965677261353,0.9990723729133606,-0.02998661994934082,-0.01549452543258667,0.19313260167837143,0.998712420463562,-0.040131986141204834,-0.014234453439712524,-0.018077164888381958,0.9989067912101746,-0.010186254978179932,0.0115450918674469,0.06697428226470947,0.9984092712402344,-0.013196468353271484,0.012617737054824829,0.037820443511009216,0.9981841444969177,-0.08354398608207703,0.056845664978027344,0.41401468217372894,0.9989199042320251,-0.058901041746139526,0.0449216365814209,-0.12591642141342163,0.9994450807571411,0.005104005336761475,0.09673237800598145,0.5035955309867859,0.5424145460128784,0.04423421621322632,0.09059089422225952,-0.22681990265846252,0.9280880093574524,0.09204596281051636,0.10794275999069214,0.4036829397082329,0.6656620502471924,0.1565227508544922,0.09440404176712036,-0.20034295320510864,0.8468681573867798,0.10843682289123535,0.09134715795516968,0.4079354479908943,0.6478472352027893,0.17059582471847534,0.07264456152915955,-0.27091190218925476,0.7998176217079163,0.11029034852981567,0.08534803986549377,0.3528118431568146,0.6603832244873047,0.16503649950027466,0.06745263934135437,-0.23665562272071838,0.8010594844818115,0.10886919498443604,0.09556987881660461,0.3757610395550728,0.6570834517478943,0.16056615114212036,0.07902213931083679,-0.18989220261573792,0.784900963306427,-0.1412636637687683,0.24500107765197754,0.4542764276266098,0.9991790652275085,-0.1504858434200287,0.250444233417511,0.11946424841880798,0.9991042613983154,-0.008580923080444336,0.17728805541992188,0.5167807340621948,0.754290759563446,-0.1715262234210968,0.41835808753967285,0.10370248556137085,0.9537286162376404,-0.05519402027130127,0.32700204849243164,0.6424888372421265,0.8307062387466431,-0.21888992190361023,0.5746676325798035,0.1873083934187889,0.9348939061164856,-0.09562122821807861,0.38912779092788696,0.6537030935287476,0.7806484699249268,-0.23960742354393005,0.6018267273902893,0.1888512670993805,0.798302412033081,0.0011359453201293945,0.37730443477630615,0.6416978538036346,0.8706327080726624,-0.154463529586792,0.6264079809188843,0.057998672127723694,0.9198176860809326,HIGH KNEE
0.0,0.0,0.0,0.9992474317550659,-0.005125939846038818,-0.016253560781478882,0.024452492594718933,0.999142587184906,-0.006514072418212891,-0.017308473587036133,0.02437812089920044,0.9992013573646545,-0.00795888900756836,-0.019329220056533813,0.024299323558807373,0.9991998076438904,-0.007639259099960327,-0.01644587516784668,-0.01892375946044922,0.9991973042488098,-0.01091817021369934,-0.01727256178855896,-0.01891300082206726,0.9992353916168213,-0.014566123485565186,-0.018048584461212158,-0.018947720527648926,0.9991594552993774,-0.029288947582244873,-0.015850752592086792,0.16099905967712402,0.9988180994987488,-0.03900739550590515,-0.014308035373687744,-0.06576070189476013,0.9990087151527405,-0.010218054056167603,0.011797487735748291,0.05793258547782898,0.9985544681549072,-0.013486593961715698,0.01266491413116455,0.0019362419843673706,0.9983538389205933,-0.08537903428077698,0.05704358220100403,0.3766719698905945,0.9989646673202515,-0.05831778049468994,0.044480353593826294,-0.17477789521217346,0.9994985461235046,-0.0006669163703918457,0.0984167754650116,0.460931658744812,0.5180990695953369,0.04554814100265503,0.0904625952243805,-0.2734752595424652,0.9349492192268372,0.08120518922805786,0.10762622952461243,0.3517279699444771,0.6587755680084229,0.1571597456932068,0.0943540632724762,-0.2376188337802887,0.861840009689331,0.10234874486923218,0.09091264009475708,0.35405468195676804,0.6439042687416077,0.17155569791793823,0.07316941022872925,-0.3080804646015167,0.8191304206848145,0.10315114259719849,0.08650985360145569,0.303603183478117,0.6559816598892212,0.16593199968338013,0.06755039095878601,-0.2738407552242279,0.8201001882553101,0.10600465536117554,0.1006820797920227,0.325383760035038,0.6528712511062622,0.16071730852127075,0.07900813221931458,-0.22683978080749512,0.8046774864196777,-0.1452535092830658,0.24518343806266785,0.4165946692228317,0.9991462230682373,-0.1482069194316864,0.24988195300102234,0.07572929561138153,0.9991593360900879,-0.007894903421401978,0.1789402961730957,0.4964929521083832,0.7494105100631714,-0.17076104879379272,0.416141539812088,0.07355795800685883,0.9580340385437012,-0.05568528175354004,0.32301798462867737,0.653849720954895,0.830843985080719,-0.22039762139320374,0.576253205537796,0.18061862885951996,0.9412923455238342,-0.09675037860870361,0.386669784784317,0.667527049779892,0.7913287281990051,-0.2413247525691986,0.6009860336780548,0.18567374721169472,0.8181180357933044,0.0028609633445739746,0.37633827328681946,0.6528647243976593,0.8756962418556213,-0.15380921959877014,0.6302114427089691,0.06488840281963348,0.9275373816490173,HIGH KNEE
0.0,0.0,0.0,0.999306321144104,-0.0055571794509887695,-0.016282379627227783,0.01415562629699707,0.9991860389709473,-0.007081031799316406,-0.017242848873138428,0.014087721705436707,0.9992352724075317,-0.008654296398162842,-0.019106954336166382,0.014017775654792786,0.999237596988678,-0.007655799388885498,-0.016561448574066162,-0.03961232304573059,0.9992406368255615,-0.010695010423660278,-0.017400652170181274,-0.03956194221973419,0.9992780685424805,-0.01407545804977417,-0.018213719129562378,-0.03956018388271332,0.9992159008979797,-0.03070986270904541,-0.01603636145591736,0.12037832662463188,0.9988654851913452,-0.038776248693466187,-0.014489978551864624,-0.11736898124217987,0.9990804195404053,-0.010598927736282349,0.012102693319320679,0.04904185235500336,0.9986510872840881,-0.013224989175796509,0.012838363647460938,-0.02188028395175934,0.9984788298606873,-0.09117090702056885,0.05602702498435974,0.3249773681163788,0.9990233182907104,-0.05871376395225525,0.0440039336681366,-0.2195003181695938,0.9995459914207458,-0.0029743313789367676,0.09713691473007202,0.39995647966861725,0.4940963089466095,0.046820759773254395,0.08939734101295471,-0.3068549782037735,0.940866231918335,0.0811457633972168,0.10577058792114258,0.2675657793879509,0.6400127410888672,0.15727579593658447,0.09446194767951965,-0.26827774941921234,0.8748559951782227,0.1015247106552124,0.08843931555747986,0.26536113768815994,0.62931889295578,0.1718704104423523,0.07337689399719238,-0.33112870156764984,0.8357769250869751,0.10211294889450073,0.08523264527320862,0.22076820582151413,0.6411956548690796,0.16633832454681396,0.06802871823310852,-0.33490295708179474,0.8363891243934631,0.10111474990844727,0.09432637691497803,0.24311894923448563,0.6393300890922546,0.1605978012084961,0.07918629050254822,-0.2730904072523117,0.8211420774459839,-0.1594996154308319,0.24864420294761658,0.3392943888902664,0.9991818070411682,-0.14706826210021973,0.2535921633243561,-0.002383977174758911,0.9992163777351379,-0.07463416457176208,0.26456472277641296,0.5101117640733719,0.6992990970611572,-0.16785815358161926,0.40770384669303894,0.08073422312736511,0.959955096244812,-0.07378950715065002,0.37802931666374207,0.6795632094144821,0.7983543276786804,-0.22138965129852295,0.5700527727603912,0.2851376235485077,0.9460235834121704,-0.12899670004844666,0.3916020095348358,0.695526048541069,0.7842096090316772,-0.24296781420707703,0.5880307853221893,0.304917573928833,0.8344557285308838,-0.0443476140499115,0.3990221321582794,0.6904041618108749,0.8609594106674194,-0.15138104557991028,0.6230492293834686,0.258468322455883,0.9329506754875183,HIGH KNEE
0.0,0.0,0.0,0.9993678331375122,-0.005652636289596558,-0.016252905130386353,0.016767695546150208,0.9992537498474121,-0.007219225168228149,-0.017135053873062134,0.016706161201000214,0.9992920160293579,-0.008757472038269043,-0.018891841173171997,0.01663694530725479,0.9992996454238892,-0.007426619529724121,-0.016565978527069092,-0.036362163722515106,0.9993094205856323,-0.010244905948638916,-0.017383307218551636,-0.03634772449731827,0.9993430972099304,-0.01327618956565857,-0.01819455623626709,-0.036311082541942596,0.9992882013320923,-0.029947489500045776,-0.01594683527946472,0.12677121814340353,0.9989630579948425,-0.03681597113609314,-0.01453620195388794,-0.11548998206853867,0.999169111251831,-0.010767042636871338,0.012161999940872192,0.049989089369773865,0.9987668395042419,-0.012432247400283813,0.01284298300743103,-0.01942303031682968,0.9986180663108826,-0.0905810296535492,0.05260482430458069,0.33097896724939346,0.9990915656089783,-0.059768348932266235,0.04381415247917175,-0.2662261053919792,0.9995850324630737,-0.004685461521148682,0.08555829524993896,0.442101426422596,0.4745210111141205,0.04813426733016968,0.08880379796028137,-0.33388736099004745,0.9464155435562134,0.0847976803779602,0.10340824723243713,0.3587447479367256,0.6344419121742249,0.15946632623672485,0.09468340873718262,-0.2588411495089531,0.8866577744483948,0.10174703598022461,0.08303973078727722,0.3611973598599434,0.6250216960906982,0.17320466041564941,0.07460278272628784,-0.3150012120604515,0.8507251739501953,0.10243338346481323,0.08037742972373962,0.3135092034935951,0.6361681818962097,0.16839474439620972,0.06910520792007446,-0.28310244530439377,0.851092517375946,0.10292768478393555,0.09155279397964478,0.33392588049173355,0.6343463063240051,0.1628316044807434,0.0797538161277771,-0.24610992521047592,0.8362092971801758,-0.1652407944202423,0.25038397312164307,0.28830044716596603,0.9992603659629822,-0.14363917708396912,0.25050270557403564,-0.06021774560213089,0.9992780089378357,-0.1689576804637909,0.40103602409362793,0.39579425007104874,0.7240396738052368,-0.0035116076469421387,0.1847681999206543,-0.04949263483285904,0.9634557962417603,-0.21060052514076233,0.556107759475708,0.5728054121136665,0.8172569870948792,-0.05737462639808655,0.3344162702560425,0.21521703153848648,0.9507075548171997,-0.24003204703330994,0.5802695751190186,0.5833279564976692,0.8046301603317261,-0.08262938261032104,0.350543737411499,0.2432769611477852,0.8494033217430115,-0.14756539463996887,0.6040053963661194,0.5739570930600166,0.8737330436706543,-0.0037223100662231445,0.3808007836341858,0.27088648825883865,0.9388604760169983,HIGH KNEE
0.0,0.0,0.0,0.9994252920150757,-0.005567193031311035,-0.01648774743080139,0.018123574554920197,0.9993186593055725,-0.0071607232093811035,-0.017353743314743042,0.018064051866531372,0.9993485808372498,-0.008642852306365967,-0.01899781823158264,0.01800454407930374,0.9993591904640198,-0.0067597925662994385,-0.01657402515411377,-0.032999709248542786,0.9993733167648315,-0.009310096502304077,-0.017251640558242798,-0.032985419034957886,0.9994034767150879,-0.012037843465805054,-0.017900943756103516,-0.032921090722084045,0.9993546605110168,-0.0286884605884552,-0.016239076852798462,0.1311513241380453,0.9990541934967041,-0.03481537103652954,-0.014368295669555664,-0.10190507769584656,0.9992491602897644,-0.011179208755493164,0.011945486068725586,0.05012468993663788,0.9988718628883362,-0.012159794569015503,0.012836664915084839,-0.016837656497955322,0.9987428784370422,-0.09194108843803406,0.043042391538619995,0.32876862585544586,0.9991568326950073,-0.05733513832092285,0.043920159339904785,-0.2490447759628296,0.999618649482727,-0.007250845432281494,0.07743093371391296,0.4478060007095337,0.45941832661628723,0.05082833766937256,0.0884135365486145,-0.31751900911331177,0.9514327049255371,0.08747744560241699,0.0944555401802063,0.36943377554416656,0.6337871551513672,0.16109305620193481,0.09434449672698975,-0.2366960346698761,0.8972027897834778,0.1013941764831543,0.07903587818145752,0.3716903626918793,0.6257507801055908,0.17400991916656494,0.07480442523956299,-0.29269906878471375,0.864054262638092,0.11013895273208618,0.07677868008613586,0.3223409503698349,0.6366509199142456,0.16952413320541382,0.06951174139976501,-0.2598246932029724,0.8642309308052063,0.1063571572303772,0.08501657843589783,0.34415502846241,0.6351615786552429,0.16403239965438843,0.07972025871276855,-0.22343981266021729,0.8496237397193909,-0.16937676072120667,0.24966272711753845,0.2925979942083359,0.9993313550949097,-0.13975811004638672,0.2486051619052887,-0.052013739943504333,0.9993364214897156,-0.1765783429145813,0.39888158440589905,0.40774762630462646,0.7466698288917542,0.010456502437591553,0.17641118168830872,-0.03851425647735596,0.9667733311653137,-0.2182004153728485,0.5620896518230438,0.5691869258880615,0.8343872427940369,-0.04738238453865051,0.3256075084209442,0.2466481775045395,0.9551575183868408,-0.24285930395126343,0.5802079141139984,0.5823651552200317,0.8229252696037292,-0.07498964667320251,0.34246012568473816,0.2773693948984146,0.8631792068481445,-0.15831562876701355,0.6083366572856903,0.5525903403759003,0.8853413462638855,0.005420029163360596,0.37345877289772034,0.31710973381996155,0.944426953792572,HIGH KNEE
0.0,0.0,0.0,0.9993149042129517,-0.001560986042022705,-0.014637649059295654,0.029021799564361572,0.9991892576217651,0.0007669925689697266,-0.014443039894104004,0.028872467577457428,0.9992045164108276,0.0031564831733703613,-0.014117658138275146,0.028759077191352844,0.9992464184761047,-0.012888789176940918,-0.013150721788406372,0.0037344172596931458,0.9992751479148865,-0.019580364227294922,-0.011387079954147339,0.0036791861057281494,0.9993017911911011,-0.026559293270111084,-0.009121745824813843,0.0034986138343811035,0.9992974996566772,-0.000618278980255127,-0.007593780755996704,0.15145601332187653,0.9987219572067261,-0.03959006071090698,0.0015229880809783936,0.04403737187385559,0.9991695284843445,0.006312370300292969,0.01595744490623474,0.04816822707653046,0.9985852837562561,-0.009099364280700684,0.017169296741485596,0.016421817243099213,0.9985207915306091,0.009160041809082031,0.07060250639915466,0.244609534740448,0.99918133020401,-0.06459718942642212,0.061392128467559814,-0.07397408783435822,0.9996416568756104,-0.0017786026000976562,0.16502565145492554,0.25997668504714966,0.42755046486854553,-0.067116379737854,0.16359901428222656,-0.164501391351223,0.930595338344574,0.006869077682495117,0.2354508638381958,0.15400785207748413,0.5963060259819031,-0.048719942569732666,0.2647111415863037,-0.2025643289089203,0.8558590412139893,0.00029593706130981445,0.2615593671798706,0.13934814929962158,0.5905143618583679,-0.05016988515853882,0.294772207736969,-0.2407655119895935,0.8223223090171814,-0.0007308721542358398,0.25825798511505127,0.11339259147644043,0.6009920239448547,-0.04208320379257202,0.2950560450553894,-0.24360691010951996,0.8205113410949707,-0.0030755996704101562,0.2497149109840393,0.13814395666122437,0.5990220308303833,-0.04024398326873779,0.28426700830459595,-0.20371833443641663,0.8035306334495544,-0.060596078634262085,0.22593241930007935,0.03802859038114548,0.9992932677268982,-0.0971267819404602,0.21078938245773315,-0.20854473114013672,0.9993244409561157,-0.028538882732391357,0.3763960003852844,-0.07186778541654348,0.697340726852417,-0.0540471076965332,0.37024104595184326,-0.28881803154945374,0.957047700881958,-0.033120691776275635,0.5300021171569824,-0.06613652966916561,0.7872921228408813,-0.036447763442993164,0.5362739562988281,-0.2580137550830841,0.9483771920204163,-0.041206419467926025,0.5415319204330444,-0.07139634247869253,0.786518931388855,-0.05522274971008301,0.5665801167488098,-0.26019662618637085,0.8559269905090332,0.02995133399963379,0.5713788270950317,-0.17439600080251694,0.8450145125389099,0.017825424671173096,0.5669836401939392,-0.3927367031574249,0.9340789318084717,BURPEE
0.0,0.0,0.0,0.9990056753158569,-0.002223193645477295,-0.013620972633361816,0.031460195779800415,0.998429000377655,-0.0002741813659667969,-0.013557851314544678,0.03129152953624725,0.9984310269355774,0.001736760139465332,-0.013416111469268799,0.031148254871368408,0.9986058473587036,-0.012054264545440674,-0.012382805347442627,0.015813231468200684,0.9984080195426941,-0.017576277256011963,-0.011149942874908447,0.015735477209091187,0.9983996748924255,-0.023499786853790283,-0.009656816720962524,0.015520811080932617,0.9983776807785034,-0.002950012683868408,-0.0066679418087005615,0.20425494760274887,0.9972156286239624,-0.037139952182769775,0.0011223852634429932,0.36484766006469727,0.9980036616325378,0.0037264227867126465,0.014656275510787964,0.06561464071273804,0.998349666595459,-0.009432673454284668,0.014885753393173218,0.047051042318344116,0.9983069896697998,0.023235321044921875,0.08397984504699707,0.3424295410513878,0.9991515874862671,-0.07006421685218811,0.07589894533157349,0.10690565407276154,0.9995819330215454,0.013417065143585205,0.18332678079605103,0.363328754901886,0.4205055236816406,-0.08502104878425598,0.16683465242385864,0.04403713345527649,0.9282134175300598,0.013524949550628662,0.2697538733482361,0.1857403963804245,0.569747269153595,-0.056280672550201416,0.2598968744277954,0.02103009819984436,0.8413006067276001,0.01530611515045166,0.29783105850219727,0.14831452071666718,0.5634145736694336,-0.05757403373718262,0.29004842042922974,-0.03561052680015564,0.8031833171844482,0.014130830764770508,0.29962414503097534,0.10545776784420013,0.5746747255325317,-0.04747051000595093,0.29267388582229614,0.09792843461036682,0.8013470768928528,0.00920790433883667,0.28624284267425537,0.16235942393541336,0.5727590918540955,-0.04503893852233887,0.2821965217590332,0.053142234683036804,0.7814413905143738,-0.00686192512512207,0.27221882343292236,0.3633200600743294,0.9989928603172302,-0.06727379560470581,0.26812946796417236,0.1951073706150055,0.9990192651748657,0.04211682081222534,0.40727561712265015,0.11413241922855377,0.6853692531585693,-0.03706228733062744,0.40156090259552,-0.03643098473548889,0.9450284242630005,0.0034651756286621094,0.4995255470275879,0.3282209597527981,0.7483119964599609,-0.04385429620742798,0.5210883021354675,0.14851680397987366,0.9231782555580139,-0.0115317702293396,0.5084704756736755,0.3427324816584587,0.750083327293396,-0.0545615553855896,0.5338243842124939,0.16246101260185242,0.8156334161758423,0.025558769702911377,0.5454493761062622,0.2223711721599102,0.8041965365409851,-0.020738840103149414,0.584642767906189,0.020471245050430298,0.9110377430915833,BURPEE
0.0,0.0,0.0,0.9990798234939575,-0.0008267760276794434,-0.012481123208999634,0.02985358238220215,0.9985278844833374,0.0015262961387634277,-0.012167394161224365,0.02972407639026642,0.9985169172286987,0.0038359761238098145,-0.011658310890197754,0.02959740161895752,0.9986730813980103,-0.011612892150878906,-0.011490732431411743,0.0029403716325759888,0.9985073208808899,-0.017473340034484863,-0.010063976049423218,0.0029229670763015747,0.9984898567199707,-0.023942291736602783,-0.008056044578552246,0.0028825700283050537,0.9984667301177979,-0.0019457340240478516,-0.004040837287902832,0.19046369194984436,0.9973509907722473,-0.03845328092575073,0.002536177635192871,0.2996537908911705,0.9981158971786499,0.003967165946960449,0.014229536056518555,0.06305821239948273,0.9984354376792908,-0.010766267776489258,0.016669422388076782,0.02934756875038147,0.9984146356582642,0.00668102502822876,0.08222600817680359,0.3652077540755272,0.9991965889930725,-0.062070369720458984,0.07234573364257812,0.032714858651161194,0.9996085166931152,0.005736589431762695,0.17771661281585693,0.4153304398059845,0.39676451683044434,-0.07182401418685913,0.1769787073135376,-0.02851778268814087,0.928568959236145,0.013415038585662842,0.2717429995536804,0.27671270072460175,0.5407083630561829,-0.044858574867248535,0.2579115629196167,-0.021689385175704956,0.8393450379371643,0.0160788893699646,0.30306577682495117,0.2610029596835375,0.5361944437026978,-0.04792666435241699,0.28682494163513184,-0.09811103343963623,0.80147385597229,0.020686089992523193,0.30399787425994873,0.217820905148983,0.5471451878547668,-0.03424876928329468,0.28645676374435425,-0.06882894039154053,0.7998871207237244,0.01871699094772339,0.2938110828399658,0.25338121969252825,0.5462238192558289,-0.03281277418136597,0.2772853970527649,-0.030786633491516113,0.7787691950798035,-0.006301820278167725,0.27649444341659546,0.3529803454875946,0.9989327192306519,-0.054249346256256104,0.28149229288101196,0.13990633934736252,0.998935341835022,0.10147976875305176,0.38332635164260864,0.18768532574176788,0.6638279557228088,0.03260856866836548,0.39253586530685425,-0.05561196804046631,0.9387762546539307,0.09081918001174927,0.5111703276634216,0.24292173190042377,0.714042067527771,0.016298234462738037,0.5334402918815613,0.03969252109527588,0.9053803086280823,0.07171911001205444,0.5300105214118958,0.2415633611381054,0.7303853631019592,0.0030815601348876953,0.5525091886520386,0.045463234186172485,0.7966586351394653,0.14861845970153809,0.5547014474868774,0.15494244545698166,0.7682887315750122,0.0469670295715332,0.5904407501220703,-0.05808386206626892,0.8956966400146484,BURPEE
0.0,0.0,0.0,0.9991261959075928,-0.0041612982749938965,-0.013430655002593994,0.03320251405239105,0.9985901117324829,-0.0026515722274780273,-0.013584911823272705,0.03303137421607971,0.9985657930374146,-0.0012503266334533691,-0.013734608888626099,0.03289513289928436,0.998708963394165,-0.013048887252807617,-0.012140423059463501,-0.003485739231109619,0.9985712170600891,-0.018390536308288574,-0.011132121086120605,-0.003512948751449585,0.9985453486442566,-0.02428799867630005,-0.009747177362442017,-0.003594711422920227,0.9985222220420837,-0.010366439819335938,-0.007206320762634277,0.20485757291316986,0.997430682182312,-0.040994346141815186,0.0007842481136322021,0.09456028044223785,0.9982126951217651,0.0032156705856323242,0.013799607753753662,0.06832610070705414,0.998484194278717,-0.008541643619537354,0.015312373638153076,0.021160781383514404,0.9985097646713257,-0.007074952125549316,0.08199107646942139,0.3815063238143921,0.99922114610672,-0.06651395559310913,0.07842347025871277,0.018360495567321777,0.9996282458305359,-0.006717026233673096,0.19034940004348755,0.43696175515651703,0.3666379153728485,-0.08450567722320557,0.18633097410202026,-0.05102400481700897,0.9282128810882568,0.004445016384124756,0.2782461643218994,0.3006648123264313,0.5036693215370178,-0.05477970838546753,0.27698397636413574,-0.12955822050571442,0.8329710960388184,0.01072460412979126,0.3018255829811096,0.2814214304089546,0.5014742612838745,-0.06655174493789673,0.299030065536499,-0.1876138597726822,0.7947697043418884,0.011213064193725586,0.30215418338775635,0.2370137581601739,0.5114828944206238,-0.05025172233581543,0.30401283502578735,-0.19864271581172943,0.7928436994552612,0.010195374488830566,0.29520195722579956,0.2768041864037514,0.5095953941345215,-0.047699034214019775,0.29467570781707764,-0.13748295605182648,0.7681509852409363,-0.004783928394317627,0.2991634011268616,0.36143551021814346,0.9989601969718933,-0.05142056941986084,0.30571144819259644,0.13123302906751633,0.9989423751831055,0.13036668300628662,0.37420403957366943,0.10266758501529694,0.6807824373245239,0.021357953548431396,0.3999965190887451,-0.2513148933649063,0.9425585865974426,0.09588360786437988,0.5158401131629944,0.19757389277219772,0.7228785753250122,0.012244462966918945,0.5317551493644714,-0.07787527143955231,0.907340943813324,0.07040977478027344,0.5394275784492493,0.1988549567759037,0.7422369122505188,-0.00046199560165405273,0.5463889837265015,-0.06420601904392242,0.8011186718940735,0.16131806373596191,0.5575436949729919,0.08276095986366272,0.7736720442771912,0.0459248423576355,0.5917479395866394,-0.1955769807100296,0.8994836807250977,BURPEE
0.0,0.0,0.0,0.9991243481636047,-0.0030087828636169434,-0.014333456754684448,0.033976227045059204,0.9985742568969727,-0.0013939142227172852,-0.014301836490631104,0.03386080265045166,0.998508095741272,0.00010073184967041016,-0.014125019311904907,0.0337502658367157,0.9986348748207092,-0.012151539325714111,-0.013698160648345947,-0.0075848400592803955,0.9985688328742981,-0.017459750175476074,-0.013111799955368042,-0.007606536149978638,0.9985271692276001,-0.023242652416229248,-0.012232661247253418,-0.00769573450088501,0.9985116124153137,-0.009717583656311035,-0.006517559289932251,0.21276921033859253,0.9973583817481995,-0.04025071859359741,-0.0023254752159118652,0.032754749059677124,0.9982175230979919,0.0016519427299499512,0.015135079622268677,0.07037612795829773,0.9984102845191956,-0.00905841588973999,0.016069620847702026,0.017008960247039795,0.9985136985778809,-0.01272892951965332,0.07928624749183655,0.42253562808036804,0.9992090463638306,-0.06457316875457764,0.0748741626739502,-0.02874833345413208,0.9996384382247925,-0.011803090572357178,0.19206124544143677,0.48701898753643036,0.3360408842563629,-0.08173608779907227,0.1917521357536316,-0.0940532386302948,0.9297578930854797,0.0016772747039794922,0.2764531970024109,0.36185818165540695,0.46231716871261597,-0.052570343017578125,0.2866029739379883,-0.14169743657112122,0.8262385725975037,0.007336795330047607,0.30827265977859497,0.34086858481168747,0.4617096185684204,-0.05738598108291626,0.32315492630004883,-0.19687047600746155,0.7862372398376465,0.0071569085121154785,0.30508917570114136,0.28983523580245674,0.4709457457065582,-0.04048621654510498,0.32168281078338623,-0.2071736752986908,0.7840090990066528,0.0025730133056640625,0.2940950393676758,0.3361304812133312,0.4689439833164215,-0.03933137655258179,0.3098999857902527,-0.14642274379730225,0.7547019124031067,-0.004282951354980469,0.29557931423187256,0.4166608154773712,0.9989651441574097,-0.04856550693511963,0.3074607849121094,0.15612006187438965,0.9988598227500916,0.11736547946929932,0.36538755893707275,0.19216232001781464,0.6873591542243958,0.05354517698287964,0.39986538887023926,-0.06484851241111755,0.9434568285942078,0.10882055759429932,0.5312485694885254,0.32534705474972725,0.7206621170043945,0.025240957736968994,0.5382683873176575,0.11947080492973328,0.9016494154930115,0.08656048774719238,0.5576868057250977,0.33000095188617706,0.7454015016555786,0.007293879985809326,0.5560532212257385,0.1289658546447754,0.7906137704849243,0.17232996225357056,0.5716421604156494,0.22700506448745728,0.7696385979652405,0.06420505046844482,0.5957714319229126,0.026762932538986206,0.895450234413147,BURPEE
0.0,0.0,0.0,0.9991205930709839,-0.0020281076431274414,-0.013285785913467407,0.03612017631530762,0.9985584616661072,-0.0001710057258605957,-0.01302492618560791,0.035993754863739014,0.9984623789787292,0.0015291571617126465,-0.01254168152809143,0.035899847745895386,0.9985623955726624,-0.011928439140319824,-0.012948602437973022,-0.0011076629161834717,0.9985513091087341,-0.01738077402114868,-0.01234695315361023,-0.001138150691986084,0.9984999299049377,-0.02337336540222168,-0.011480182409286499,-0.0012178122997283936,0.998485267162323,-0.007664918899536133,-0.004294544458389282,0.22700151801109314,0.9972537159919739,-0.04027915000915527,-0.001884162425994873,0.06023409962654114,0.998252809047699,0.0017262697219848633,0.014905214309692383,0.07415658235549927,0.9984254240989685,-0.009907364845275879,0.015493810176849365,0.026007384061813354,0.99857497215271,-0.002325296401977539,0.07746002078056335,0.4332924336194992,0.9992102980613708,-0.07054120302200317,0.07381480932235718,0.027950018644332886,0.9996548891067505,-0.006258368492126465,0.19300514459609985,0.5131304562091827,0.3110755681991577,-0.09074664115905762,0.19697606563568115,-0.023956000804901123,0.9336379170417786,0.0017691850662231445,0.2872217297554016,0.3762737028300762,0.4257488548755646,-0.0605044960975647,0.2995882034301758,-0.07299882173538208,0.8238134384155273,0.01042628288269043,0.31178802251815796,0.3505874900147319,0.42610615491867065,-0.06256425380706787,0.33348315954208374,-0.12614351511001587,0.7798463702201843,0.011009454727172852,0.3137352466583252,0.3038841038942337,0.43493032455444336,-0.04429900646209717,0.33246558904647827,-0.13980421423912048,0.7775067090988159,0.006258130073547363,0.30308401584625244,0.35051136277616024,0.4333752989768982,-0.04330289363861084,0.32052236795425415,-0.07908320426940918,0.7455887794494629,0.0005640983581542969,0.29029637575149536,0.47366467118263245,0.9990013241767883,-0.05394935607910156,0.2996262311935425,0.21431757509708405,0.9988629221916199,0.0995093584060669,0.37260156869888306,0.1936902403831482,0.6871266961097717,0.007951140403747559,0.4011194705963135,-0.023571044206619263,0.9425768852233887,0.09502619504928589,0.5385011434555054,0.36967393197119236,0.7158627510070801,-0.006805539131164551,0.549332320690155,0.18550579249858856,0.8972448110580444,0.07502537965774536,0.5668960809707642,0.37777339667081833,0.7465043067932129,-0.021124660968780518,0.5719085931777954,0.1984776109457016,0.7802265286445618,0.16505300998687744,0.5736271142959595,0.2498563528060913,0.7634136080741882,0.035050153732299805,0.6013960838317871,0.05030268430709839,0.8907934427261353,BURPEE
0.0,0.0,0.0,0.9970304369926453,0.006764352321624756,-0.005902588367462158,-0.023096472024917603,0.9953505992889404,0.013326585292816162,-0.00909566879272461,-0.022806793451309204,0.9943397641181946,0.017066657543182373,-0.014186978340148926,-0.022649168968200684,0.9935773611068726,0.001967310905456543,-0.006700277328491211,-0.04523134231567383,0.9966010451316833,-0.002285897731781006,-0.007041752338409424,-0.04550522565841675,0.9966325163841248,0.015630006790161133,0.0070931315422058105,-0.04579487442970276,0.9971044063568115,0.04303610324859619,-0.022997260093688965,-0.012058556079864502,0.9924637079238892,-0.00044667720794677734,-0.01409602165222168,-0.11410161852836609,0.9978045225143433,-0.0036816000938415527,-0.0055435895919799805,0.02434048056602478,0.9968822598457336,-0.010294437408447266,-0.0037198662757873535,-0.006354779005050659,0.9980222582817078,0.03425276279449463,-0.07575881481170654,0.10255992412567139,0.9986142516136169,-0.09899550676345825,-0.06568640470504761,-0.02245330810546875,0.9996561408042908,0.018769502639770508,-0.007297992706298828,0.2116421014070511,0.2936210036277771,-0.18993407487869263,-0.05471521615982056,0.01810362935066223,0.939689040184021,0.0236358642578125,0.09596824645996094,0.13406902551651,0.4390842318534851,-0.1388576626777649,0.02287954092025757,0.023920953273773193,0.8411311507225037,0.031674861907958984,0.12203466892242432,0.09745901823043823,0.44646206498146057,-0.13143175840377808,0.047307610511779785,-0.009932547807693481,0.8012573719024658,0.020444929599761963,0.1208314299583435,0.07678693532943726,0.4533243775367737,-0.10619670152664185,0.041686952114105225,-0.015546530485153198,0.7990451455116272,0.011037170886993408,0.11029309034347534,0.12225499749183655,0.4548732340335846,-0.10449284315109253,0.03529155254364014,0.024947524070739746,0.7703002691268921,-0.04046833515167236,-0.09416711330413818,0.5011148825287819,0.9990872144699097,-0.12144941091537476,-0.09164398908615112,0.39360224083065987,0.9989721775054932,-0.008109629154205322,0.015283763408660889,0.289625883102417,0.648532509803772,-0.11510986089706421,0.0376056432723999,0.1200873851776123,0.9135420918464661,-0.04676288366317749,0.08400887250900269,0.5649093389511108,0.6660028696060181,-0.12568318843841553,0.09291034936904907,0.4962308555841446,0.8321951031684875,-0.05914950370788574,0.1069788932800293,0.6149278581142426,0.7111092209815979,-0.13167023658752441,0.1263689398765564,0.5369575470685959,0.7375729084014893,-0.006791353225708008,0.12312895059585571,0.5515519455075264,0.7346344590187073,-0.09768497943878174,0.14447462558746338,0.49211460724473,0.8377805352210999,BURPEE
0.0,0.0,0.0,0.9969714879989624,-0.003696739673614502,-0.016236484050750732,-0.02678200602531433,0.995515763759613,0.00971311330795288,-0.0067414045333862305,-0.026556044816970825,0.9945113658905029,0.012576878070831299,-0.008701682090759277,-0.026490598917007446,0.9937920570373535,-0.010226845741271973,-0.016928374767303467,-0.04295775294303894,0.9967374801635742,-0.007179677486419678,-0.0017284750938415527,-0.043273478746414185,0.996774435043335,-0.009860396385192871,-0.0016679763793945312,-0.04356005787849426,0.9972728490829468,0.001009225845336914,-0.03666049242019653,-0.01702544093132019,0.992810070514679,-0.031947195529937744,-0.020868241786956787,-0.0936642587184906,0.9979569911956787,-0.020703256130218506,-0.01307976245880127,0.021926790475845337,0.997023344039917,-0.016691744327545166,-0.010116994380950928,-0.0014911293983459473,0.9981228709220886,0.0024614930152893066,-0.08717501163482666,0.04776763916015625,0.9985541701316833,-0.12914204597473145,-0.06039988994598389,0.013655662536621094,0.9996737241744995,-0.015897810459136963,-0.033270180225372314,0.04886770248413086,0.27900779247283936,-0.20656082034111023,-0.04983484745025635,-0.01515224575996399,0.9405513405799866,-0.025122463703155518,0.029334306716918945,-0.13530591130256653,0.42669185996055603,-0.15658700466156006,0.0244787335395813,-0.10570558905601501,0.8524488210678101,-0.02087622880935669,0.048711299896240234,-0.19390878081321716,0.4422132968902588,-0.15123498439788818,0.044060349464416504,-0.13769444823265076,0.8151490688323975,-0.03223752975463867,0.044051945209503174,-0.20454731583595276,0.44974344968795776,-0.12399649620056152,0.03838229179382324,-0.15374186635017395,0.8130689263343811,-0.038352131843566895,0.03679013252258301,-0.14351949095726013,0.4524463713169098,-0.11458456516265869,0.030936777591705322,-0.1094987690448761,0.7875819802284241,-0.06000715494155884,-0.06669014692306519,0.505217244848609,0.9991743564605713,-0.14769762754440308,-0.054337501525878906,0.4638116601854563,0.9990739226341248,-0.02654564380645752,0.043890178203582764,0.2843227684497833,0.6373186707496643,-0.18261438608169556,0.07357949018478394,0.16139131784439087,0.9041371941566467,-0.06573057174682617,0.06137824058532715,0.658544585108757,0.6144909262657166,-0.13405317068099976,0.07446056604385376,0.6306868493556976,0.7623739242553711,-0.07272601127624512,0.05458337068557739,0.7090430855751038,0.664512038230896,-0.12639975547790527,0.05439877510070801,0.6831906288862228,0.6825854778289795,-0.056438446044921875,0.09803670644760132,0.702078327536583,0.6912614703178406,-0.10748440027236938,0.1278616189956665,0.7090587913990021,0.7747510671615601,BURPEE
0.0,0.0,0.0,0.9971044659614563,0.018146216869354248,-0.006612658500671387,-0.048941075801849365,0.9957700967788696,0.02986454963684082,-0.00790947675704956,-0.04883384704589844,0.9948869347572327,0.04421591758728027,-0.009283959865570068,-0.04895222187042236,0.9940685629844666,-0.006895601749420166,-0.005647122859954834,-0.04234921932220459,0.9968727827072144,-0.012728989124298096,-0.00625234842300415,-0.04247933626174927,0.9969711303710938,-0.02053779363632202,-0.007076740264892578,-0.04261207580566406,0.9973195195198059,0.04811537265777588,-0.03470456600189209,-0.07959455251693726,0.9934215545654297,-0.029146313667297363,-0.03045600652694702,-0.04895395040512085,0.9980963468551636,0.015650272369384766,-0.01223069429397583,0.013159871101379395,0.997282862663269,-0.0261685848236084,-0.024162113666534424,0.021518349647521973,0.998274028301239,0.06941694021224976,-0.10226625204086304,0.004247605800628662,0.9986874461174011,-0.08232271671295166,-0.07862663269042969,0.05876576900482178,0.9997043013572693,0.0955268144607544,-0.029686152935028076,-0.22085267305374146,0.2823343873023987,-0.11757975816726685,0.003041863441467285,-0.17954808473587036,0.9125016331672668,0.07023608684539795,-0.008333086967468262,-0.5982378721237183,0.43194398283958435,-0.06766051054000854,0.03947925567626953,-0.5501872301101685,0.8340545892715454,0.08144336938858032,0.004151344299316406,-0.694830060005188,0.456511527299881,-0.06464266777038574,0.0576130747795105,-0.6327176094055176,0.8108350038528442,0.06715136766433716,-0.004810929298400879,-0.6892889738082886,0.46182969212532043,-0.03816878795623779,0.04170382022857666,-0.6377372741699219,0.8065585494041443,0.0602453351020813,-0.0058116912841796875,-0.605604887008667,0.459955096244812,-0.031884074211120605,0.034011662006378174,-0.560997486114502,0.7810530662536621,0.03052157163619995,-0.06519216299057007,0.6451204555341974,0.999255895614624,-0.06862574815750122,-0.05500370264053345,0.6473307898268104,0.9991661310195923,0.09506070613861084,0.009129166603088379,0.3528362214565277,0.6327178478240967,-0.17095884680747986,0.05888563394546509,0.5490468963980675,0.8996554613113403,0.03960758447647095,0.04037398099899292,0.6726287305355072,0.5813688039779663,-0.2742840647697449,0.05016809701919556,0.7624001502990723,0.7523390650749207,0.026825904846191406,0.02384108304977417,0.7088407278060913,0.6289981603622437,-0.28380054235458374,0.03498542308807373,0.7860588431358337,0.6646803021430969,0.04137831926345825,0.05887514352798462,0.6775626800954342,0.6615314483642578,-0.31388673186302185,0.04327172040939331,0.767246201634407,0.7615419626235962,BURPEE
0.0,0.0,0.0,0.9972957372665405,0.016320884227752686,-0.009995639324188232,-0.009221255779266357,0.9961187243461609,0.02228081226348877,-0.010200679302215576,-0.00912255048751831,0.9952982068061829,0.028608977794647217,-0.010345995426177979,-0.009269237518310547,0.9945147037506104,-0.001128077507019043,-0.012350320816040039,-0.01844191551208496,0.9971343278884888,-0.006495177745819092,-0.014516890048980713,-0.0186614990234375,0.9972330927848816,-0.012181282043457031,-0.01663261651992798,-0.018794596195220947,0.9975509643554688,0.03237175941467285,-0.02601170539855957,0.08256345987319946,0.993951678276062,-0.014721333980560303,-0.03695946931838989,0.03208768367767334,0.9982754588127136,0.0013864636421203613,-0.0010660886764526367,0.047722578048706055,0.9975131750106812,-0.018651485443115234,-0.005807459354400635,0.032635390758514404,0.9984354376792908,0.04321777820587158,-0.041475117206573486,0.23816841840744019,0.9988024234771729,-0.11355304718017578,-0.040108680725097656,0.2033686637878418,0.9997330904006958,0.052409350872039795,0.040586888790130615,0.19676631689071655,0.265918105840683,-0.1658002734184265,0.02065098285675049,0.16711300611495972,0.908349871635437,0.041860878467559814,0.07770317792892456,-0.06004893779754639,0.4121543765068054,-0.15830498933792114,0.0647231936454773,0.03034871816635132,0.8229596614837646,0.04926872253417969,0.08818179368972778,-0.12137925624847412,0.44096264243125916,-0.16581392288208008,0.078666090965271,-0.03935939073562622,0.7993210554122925,0.03803437948226929,0.08159118890762329,-0.1401534080505371,0.44602376222610474,-0.1489708125591278,0.07313865423202515,-0.03060835599899292,0.795407772064209,0.029089391231536865,0.07612824440002441,-0.07331466674804688,0.4427928328514099,-0.14143067598342896,0.06762826442718506,0.027457356452941895,0.7707458734512329,-0.01633310317993164,-0.009250938892364502,0.7703307494521141,0.9993299245834351,-0.1093975305557251,-0.009399354457855225,0.7037108279764652,0.9992494583129883,0.03466832637786865,0.10088115930557251,0.644321121275425,0.6410908699035645,-0.21783989667892456,0.114371657371521,0.5702207088470459,0.907871663570404,-0.011789143085479736,0.08980059623718262,1.1104695498943329,0.5652161240577698,-0.337557852268219,0.0971064567565918,0.7549356520175934,0.7718002200126648,-0.02119070291519165,0.06719470024108887,1.160610407590866,0.617811918258667,-0.34178677201271057,0.08341789245605469,0.7668842133134604,0.6803080439567566,-0.0062760114669799805,0.1071813702583313,1.1502715051174164,0.6577054262161255,-0.38592958450317383,0.09955745935440063,0.7087350822985172,0.7790477275848389,BURPEE
0.0,0.0,0.0,0.9975404739379883,0.014667510986328125,-0.010039329528808594,-0.0035436153411865234,0.9964948892593384,0.018198490142822266,-0.009930849075317383,-0.003459930419921875,0.9957500100135803,0.02183002233505249,-0.00972139835357666,-0.0035220980644226074,0.9950392246246338,0.002826690673828125,-0.013988673686981201,-0.023230254650115967,0.9974073767662048,-0.0013068914413452148,-0.01718956232070923,-0.02338266372680664,0.9974958896636963,-0.005416512489318848,-0.0203208327293396,-0.023512601852416992,0.9977838397026062,0.018330812454223633,-0.025076627731323242,0.07447338104248047,0.994533896446228,-0.014684319496154785,-0.02621513605117798,-0.023305058479309082,0.9984442591667175,-0.007659494876861572,0.0001825094223022461,0.04042723774909973,0.9977429509162903,-0.019740164279937744,-0.00641632080078125,0.012430250644683838,0.9985819458961487,-0.0011401772499084473,-0.031694889068603516,0.1932028830051422,0.998824954032898,-0.12271225452423096,-0.043559908866882324,0.06339287757873535,0.9997556209564209,-0.009454727172851562,0.03897744417190552,0.1371004581451416,0.24114854633808136,-0.2077241837978363,0.015401780605316162,-0.0026745200157165527,0.9166710376739502,-0.003264307975769043,0.10271549224853516,-0.08522474765777588,0.3889857232570648,-0.3052692711353302,0.05621039867401123,-0.14396005868911743,0.8404184579849243,-0.009036898612976074,0.11917060613632202,-0.12481039762496948,0.4275856912136078,-0.33626410365104675,0.06344443559646606,-0.16836708784103394,0.8189781308174133,-0.027235567569732666,0.11465448141098022,-0.1542191505432129,0.4355342388153076,-0.33676278591156006,0.06472641229629517,-0.18714410066604614,0.8155099749565125,-0.033662497997283936,0.1096683144569397,-0.10439509153366089,0.4367660582065582,-0.31532204151153564,0.06259554624557495,-0.1602705717086792,0.793239176273346,-0.054841697216033936,-0.007642626762390137,0.5732660032808781,0.9993945360183716,-0.1308848261833191,-0.008500397205352783,0.4834641069173813,0.9993234276771545,-0.012278556823730469,0.07396882772445679,0.4459189102053642,0.6614308953285217,-0.2315635085105896,0.10027551651000977,0.3285779505968094,0.9160199165344238,-0.051432251930236816,0.10702800750732422,0.616517499089241,0.5980411171913147,-0.34848347306251526,0.07792764902114868,0.41345851868391037,0.7929790019989014,-0.06374329328536987,0.09897428750991821,0.6302472874522209,0.6430420279502869,-0.3558892011642456,0.06837022304534912,0.4230181723833084,0.702288031578064,-0.04397857189178467,0.14199471473693848,0.583756472915411,0.6835396885871887,-0.3945440649986267,0.09100860357284546,0.36379995942115784,0.7982009053230286,BURPEE
0.0,0.0,0.0,0.9977516531944275,0.012933194637298584,-0.009149253368377686,0.003555893898010254,0.9968206286430359,0.015696406364440918,-0.009718239307403564,0.0037284493446350098,0.9961463809013367,0.01961350440979004,-0.010744750499725342,0.003658294677734375,0.9954880475997925,0.004103660583496094,-0.011634230613708496,-0.01911848783493042,0.9976415634155273,0.0021165013313293457,-0.018783092498779297,-0.01932668685913086,0.9977266192436218,-0.006975293159484863,-0.03099757432937622,-0.01941680908203125,0.9979813098907471,0.015845000743865967,-0.02529168128967285,0.11979913711547852,0.9950417280197144,-0.015261650085449219,-0.035823047161102295,0.011158525943756104,0.9985954165458679,-0.00633084774017334,0.0012086033821105957,0.053881704807281494,0.9979365468025208,-0.016754508018493652,-0.00699460506439209,0.022342920303344727,0.9987075924873352,0.004321396350860596,-0.03841763734817505,0.2899085283279419,0.9988439679145813,-0.12224674224853516,-0.05131489038467407,0.13642370700836182,0.9997732043266296,-0.013607263565063477,0.024986445903778076,0.2799157202243805,0.22032040357589722,-0.2102905511856079,0.00028628110885620117,0.08904886245727539,0.9241455793380737,-0.019864201545715332,0.07544469833374023,0.08454322814941406,0.37488657236099243,-0.3052152693271637,0.049447476863861084,-0.01567256450653076,0.8559287786483765,-0.022945940494537354,0.09099000692367554,0.04915815591812134,0.4227624535560608,-0.3424220681190491,0.05272316932678223,-0.06694900989532471,0.8363595008850098,-0.039771199226379395,0.0847894549369812,0.014445006847381592,0.432468444108963,-0.3428741991519928,0.051921844482421875,-0.08531421422958374,0.8332895636558533,-0.04473376274108887,0.07994657754898071,0.06493276357650757,0.43403396010398865,-0.3234061598777771,0.051073431968688965,-0.027588367462158203,0.8130208849906921,-0.049575984477996826,-0.01750868558883667,0.7255068644881248,0.9994533658027649,-0.12825441360473633,-0.02036118507385254,0.5977269113063812,0.9993895888328552,-0.008807122707366943,0.07599103450775146,0.5238938182592392,0.6805156469345093,-0.22405052185058594,0.08286219835281372,0.38618937134742737,0.9233595132827759,-0.04847341775894165,0.11416572332382202,0.7492965087294579,0.6298283338546753,-0.32818740606307983,0.06888806819915771,0.5378723070025444,0.8126413226127625,-0.05893421173095703,0.11195993423461914,0.7703735828399658,0.6703612208366394,-0.3315037488937378,0.06057053804397583,0.5528533756732941,0.7248243689537048,-0.04825979471206665,0.15601372718811035,0.6903107203543186,0.7088453769683838,-0.3970576226711273,0.08947092294692993,0.45501746237277985,0.8160772919654846,BURPEE
0.0,0.0,0.0,0.9979709386825562,0.010452628135681152,-0.009453058242797852,0.013745665550231934,0.99713534116745,0.013382494449615479,-0.009862065315246582,0.013857424259185791,0.9965275526046753,0.015611231327056885,-0.010078072547912598,0.013754963874816895,0.9959324598312378,0.0032120347023010254,-0.013746142387390137,-0.00982046127319336,0.997874915599823,0.00039392709732055664,-0.016219913959503174,-0.010007977485656738,0.9979519248008728,-0.003489673137664795,-0.019290387630462646,-0.01003175973892212,0.9981808662414551,0.0098380446434021,-0.018310964107513428,0.14339014887809753,0.9955300688743591,-0.015202164649963379,-0.03165155649185181,0.033389151096343994,0.9987351894378662,-0.003997683525085449,0.006539046764373779,0.05811530351638794,0.9981372952461243,-0.011949002742767334,0.00025451183319091797,0.024748921394348145,0.9988356232643127,-0.004356265068054199,0.0007992982864379883,0.2925124764442444,0.9989393353462219,-0.0970035195350647,-0.025347530841827393,0.17152994871139526,0.9997949600219727,-0.01375514268875122,0.06692260503768921,0.26490554213523865,0.20747284591197968,-0.18618559837341309,0.013279616832733154,0.13460147380828857,0.9276145100593567,-0.01981949806213379,0.11157345771789551,0.03547388315200806,0.381721556186676,-0.24838516116142273,0.05349797010421753,-0.04817706346511841,0.8685508370399475,-0.015814542770385742,0.12364035844802856,-0.011624455451965332,0.43689945340156555,-0.26810771226882935,0.05904662609100342,-0.08488428592681885,0.8504411578178406,-0.02555936574935913,0.11755770444869995,-0.04797106981277466,0.44691574573516846,-0.26023101806640625,0.05952954292297363,-0.09129083156585693,0.8478060364723206,-0.03260481357574463,0.11134755611419678,0.014247655868530273,0.449226438999176,-0.2486054003238678,0.05889308452606201,-0.05490988492965698,0.8292283415794373,-0.048547983169555664,0.016857147216796875,0.666991837322712,0.999506950378418,-0.12094175815582275,0.0024442076683044434,0.5461317226290703,0.9994504451751709,0.002796471118927002,0.13270431756973267,0.5878331828862429,0.7016940116882324,-0.22137576341629028,0.0836743712425232,0.3029334247112274,0.9300172328948975,-0.057783424854278564,0.1211135983467102,0.8525811284780502,0.6446975469589233,-0.34996384382247925,0.07388973236083984,0.27916279435157776,0.8308153748512268,-0.07024145126342773,0.11735367774963379,0.880274087190628,0.6821804642677307,-0.34976568818092346,0.0752338171005249,0.2778485119342804,0.7489297986030579,-0.06584882736206055,0.15766358375549316,0.8447939902544022,0.7198910117149353,-0.4104830324649811,0.10360997915267944,0.1623465120792389,0.8333046436309814,BURPEE
0.0,0.0,0.0,0.998162031173706,0.014365613460540771,-0.012104034423828125,-0.006749868392944336,0.9974139332771301,0.016955018043518066,-0.012377440929412842,-0.006304919719696045,0.9968620538711548,0.02129495143890381,-0.013100802898406982,-0.0061473846435546875,0.996319591999054,0.005957365036010742,-0.014920651912689209,-0.0032293200492858887,0.9980822801589966,0.001713395118713379,-0.017078399658203125,-0.0034652352333068848,0.9981527328491211,-0.0005547404289245605,-0.023536264896392822,-0.0036169886589050293,0.9983595013618469,0.0185849666595459,-0.023589134216308594,0.09975269436836243,0.9959593415260315,-0.013186931610107422,-0.03339570760726929,0.04600602388381958,0.9988604784011841,-0.002902090549468994,0.0022314786911010742,0.03257995843887329,0.9983146786689758,-0.01130986213684082,-0.0015388727188110352,0.034675002098083496,0.9989495873451233,0.02334493398666382,-0.02799457311630249,0.2374836802482605,0.9990071058273315,-0.09448009729385376,-0.02538353204727173,0.18153879046440125,0.9998144507408142,0.011668622493743896,0.043221116065979004,0.21449795365333557,0.19427490234375,-0.15895432233810425,0.028416752815246582,0.11652970314025879,0.9316351413726807,-0.014503777027130127,0.08115333318710327,0.058326661586761475,0.3827223479747772,-0.16175705194473267,0.0707821249961853,-0.062285661697387695,0.8803830146789551,-0.015183091163635254,0.09698885679244995,0.02078157663345337,0.4458114504814148,-0.16852587461471558,0.08631819486618042,-0.10223907232284546,0.8637233376502991,-0.024565696716308594,0.08656066656112671,0.003471076488494873,0.45618924498558044,-0.15261787176132202,0.07505834102630615,-0.10090804100036621,0.8613157272338867,-0.0299835205078125,0.08002513647079468,0.049922794103622437,0.4613511562347412,-0.14630049467086792,0.07051068544387817,-0.06272560358047485,0.8444110751152039,-0.03699856996536255,-0.005811631679534912,0.5849572867155075,0.9995526075363159,-0.11799710988998413,-0.012540102005004883,0.503013476729393,0.9995046854019165,0.0025370121002197266,0.07575184106826782,0.48570845648646355,0.7064856290817261,-0.22064372897148132,0.07737809419631958,0.3746582418680191,0.9342475533485413,-0.04463702440261841,0.11411911249160767,0.6156555712223053,0.6605439186096191,-0.3488401174545288,0.07438945770263672,0.36642351746559143,0.8458461165428162,-0.05843055248260498,0.1146385669708252,0.6325552687048912,0.6974121928215027,-0.3572939336299896,0.07825928926467896,0.37023109197616577,0.7662543654441833,-0.04113656282424927,0.15265882015228271,0.5875198058784008,0.7360960245132446,-0.40697234869003296,0.10621762275695801,0.2977096438407898,0.8464633822441101,BURPEE
0.0,0.0,0.0,0.9982341527938843,0.012550950050354004,-0.010441184043884277,-3.129243850708008e-05,0.9975524544715881,0.014578640460968018,-0.010500311851501465,0.00011116266250610352,0.9969907999038696,0.01914435625076294,-0.010870814323425293,0.0001017451286315918,0.9964394569396973,0.004430711269378662,-0.013101339340209961,-0.024754583835601807,0.9982084035873413,0.0031046271324157715,-0.018402695655822754,-0.025007545948028564,0.9982777833938599,-0.0028067827224731445,-0.02110344171524048,-0.025340557098388672,0.9984749555587769,0.012676835060119629,-0.022212982177734375,0.10672116279602051,0.9961562156677246,-0.020075678825378418,-0.040253520011901855,-0.013999104499816895,0.9989590048789978,-0.00894021987915039,0.0020831823348999023,0.05002641677856445,0.99836266040802,-0.01919233798980713,-0.0012260675430297852,0.01563161611557007,0.9990147352218628,0.0050452351570129395,-0.03661239147186279,0.2522919774055481,0.9989824891090393,-0.12402117252349854,-0.03890711069107056,0.0974988341331482,0.9998241066932678,-0.004307389259338379,0.03325295448303223,0.3549819588661194,0.18055522441864014,-0.2143585979938507,0.024779319763183594,0.03418022394180298,0.9381023049354553,-0.03378939628601074,0.08221560716629028,0.36255180835723877,0.37228772044181824,-0.3375776410102844,0.06953352689743042,-0.05724895000457764,0.8920972943305969,-0.034445226192474365,0.09765380620956421,0.35830533504486084,0.43679279088974,-0.3646185100078583,0.07349884510040283,-0.10351192951202393,0.8767688274383545,-0.04348069429397583,0.09112465381622314,0.32949379086494446,0.451238214969635,-0.36342859268188477,0.0704682469367981,-0.13387596607208252,0.8747206330299377,-0.048305630683898926,0.08698147535324097,0.35232555866241455,0.45777377486228943,-0.32169148325920105,0.08518344163894653,-0.07292914390563965,0.8593659400939941,-0.052255868911743164,0.023184776306152344,0.7242898121476173,0.9995907545089722,-0.12995225191116333,0.03707009553909302,0.6299846991896629,0.9995495080947876,-0.013389766216278076,0.09027177095413208,0.7323816530406475,0.700356125831604,-0.1658949851989746,0.15777373313903809,0.5590130314230919,0.9245644807815552,-0.06413686275482178,0.11526250839233398,1.0878588557243347,0.6159323453903198,-0.22601094841957092,0.11718273162841797,0.9683625102043152,0.7911909818649292,-0.07561403512954712,0.1065015196800232,1.1294991374015808,0.6543954610824585,-0.23184627294540405,0.09733623266220093,1.0166749060153961,0.7133956551551819,-0.058732032775878906,0.15195202827453613,1.1277486085891724,0.6950246691703796,-0.24393609166145325,0.1522883176803589,1.0235652923583984,0.7930852174758911,BURPEE
0.0,0.0,0.0,0.9983687996864319,0.01467132568359375,-0.0054010748863220215,0.019437134265899658,0.9977433681488037,0.018120408058166504,-0.005815625190734863,0.01956319808959961,0.997216522693634,0.021740376949310303,-0.006149709224700928,0.019536197185516357,0.9967241883277893,0.007040679454803467,-0.007485926151275635,-0.03781014680862427,0.9983457326889038,0.005897641181945801,-0.00959700345993042,-0.03790140151977539,0.9983960390090942,0.004493415355682373,-0.01148611307144165,-0.03876405954360962,0.9985945820808411,0.03687852621078491,-0.020242273807525635,0.020827651023864746,0.9964609146118164,0.008319199085235596,-0.028254449367523193,0.007747292518615723,0.999042809009552,0.0040572285652160645,-0.0026450753211975098,0.06270325183868408,0.9984787702560425,-0.002871990203857422,-0.005792975425720215,-0.012768089771270752,0.999078631401062,0.047003984451293945,-0.03926211595535278,0.1438051462173462,0.9990136623382568,-0.03141593933105469,-0.03947228193283081,0.11008548736572266,0.9998356103897095,0.04243117570877075,0.004920303821563721,0.2656354010105133,0.23133444786071777,-0.13616666197776794,0.005286157131195068,0.0847368836402893,0.9435744285583496,0.005854606628417969,0.045272767543792725,0.30537286400794983,0.39934825897216797,-0.21610373258590698,0.03227633237838745,0.008818507194519043,0.9024685621261597,0.0006335973739624023,0.05748850107192993,0.2986215054988861,0.45320847630500793,-0.23894748091697693,0.0325922966003418,-0.01964282989501953,0.8879806399345398,-0.012272953987121582,0.052009761333465576,0.28454673290252686,0.4697529971599579,-0.23334649205207825,0.03222936391830444,-0.04552567005157471,0.8863463401794434,-0.010848760604858398,0.04862004518508911,0.30305442214012146,0.47517770528793335,-0.21710318326950073,0.03785604238510132,-0.004027426242828369,0.8724396824836731,0.03247511386871338,-0.015433549880981445,0.6531115584075451,0.9996245503425598,-0.02528822422027588,-0.006263017654418945,0.5871969945728779,0.9995914101600647,0.079933762550354,0.050069212913513184,0.6650930158793926,0.6732749342918396,-0.0677710771560669,0.10587263107299805,0.5840381383895874,0.9128833413124084,0.03571110963821411,0.0983920693397522,0.9013333320617676,0.6328715682029724,-0.09467655420303345,0.08773177862167358,0.806034579873085,0.7918650507926941,0.027894914150238037,0.10252422094345093,0.983038067817688,0.6580570340156555,-0.09135836362838745,0.08085852861404419,0.8292012363672256,0.7054294943809509,0.040365517139434814,0.12412363290786743,0.8964006304740906,0.7005873322486877,-0.11651358008384705,0.11593323945999146,0.7923048287630081,0.7890629172325134,BURPEE
0.0,0.0,0.0,0.997514009475708,0.00896674394607544,-0.002112448215484619,-0.02912771701812744,0.9970080256462097,0.010734140872955322,-0.003961026668548584,-0.029118865728378296,0.9962636232376099,0.012403726577758789,-0.005766034126281738,-0.029119640588760376,0.9960233569145203,0.0035836100578308105,0.0010142922401428223,-0.03469684720039368,0.9975806474685669,0.0020807981491088867,0.0011269450187683105,-0.03484049439430237,0.9974212646484375,-0.0003744363784790039,0.0013147592544555664,-0.035069286823272705,0.9979819059371948,0.016075849533081055,-0.02017676830291748,-0.09645530581474304,0.9951940178871155,-0.004902839660644531,-0.01015394926071167,-0.08190110325813293,0.9984688758850098,-0.0011269450187683105,-0.0067081451416015625,0.002967745065689087,0.9981480836868286,-0.008564651012420654,-0.004745602607727051,-0.0051840245723724365,0.9986570477485657,0.005993008613586426,-0.052869439125061035,0.016384422779083252,0.9989245533943176,-0.030734539031982422,-0.015562295913696289,-0.005800038576126099,0.9997548460960388,0.0024994611740112305,5.322694778442383e-05,0.003769129514694214,0.22919557988643646,-0.05581742525100708,0.04427820444107056,-0.007010310888290405,0.9394116997718811,-0.022509276866912842,0.030948221683502197,-0.1458282172679901,0.3892671763896942,-0.04380643367767334,0.03744906187057495,-0.05319947004318237,0.9039709568023682,-0.02841794490814209,0.037452518939971924,-0.1943252980709076,0.4416022002696991,-0.03896820545196533,0.0386386513710022,-0.08518585562705994,0.8883734941482544,-0.03530526161193848,0.03086310625076294,-0.1956900656223297,0.4572848677635193,-0.03788137435913086,0.032499492168426514,-0.09995701909065247,0.8875176906585693,-0.03393179178237915,0.028343796730041504,-0.14981487393379211,0.4602707028388977,-0.03892350196838379,0.0404818058013916,-0.05922412872314453,0.8734647035598755,0.007964730262756348,-0.016948997974395752,0.44363060779869556,0.9996581077575684,-0.037898123264312744,0.001133561134338379,0.3915253281593323,0.9996296763420105,0.06314855813980103,0.00816565752029419,0.160960853099823,0.6795281171798706,-0.06510144472122192,0.06281024217605591,0.12693777680397034,0.9150573015213013,0.03791850805282593,0.1111103892326355,0.3481697514653206,0.6551143527030945,-0.07183307409286499,0.09321451187133789,0.310724213719368,0.8022527694702148,0.030794739723205566,0.12346452474594116,0.36546702682971954,0.6747342944145203,-0.06831353902816772,0.08902287483215332,0.329761303961277,0.7140441536903381,0.05645954608917236,0.14578372240066528,0.2674669325351715,0.7185859084129333,-0.08866596221923828,0.12661230564117432,0.25890377163887024,0.7997857332229614,BURPEE
0.0,0.0,0.0,0.9852975606918335,0.0064781904220581055,-0.003980100154876709,-0.025363057851791382,0.9862322807312012,0.0078012943267822266,-0.005909562110900879,-0.025361716747283936,0.9840914011001587,0.008797824382781982,-0.007809817790985107,-0.025481432676315308,0.9859167337417603,0.0020458102226257324,0.00025159120559692383,-0.036197155714035034,0.9838022589683533,8.45193862915039e-05,0.0008382797241210938,-0.036314457654953,0.9810610413551331,-0.0016576051712036133,0.001515507698059082,-0.03645429015159607,0.9830822944641113,0.009277880191802979,-0.02173757553100586,-0.04769867658615112,0.984334409236908,-0.00912487506866455,-0.008319377899169922,-0.0877644419670105,0.985348641872406,-0.0022916197776794434,-0.006322920322418213,0.010019272565841675,0.9954572916030884,-0.007624804973602295,-0.0032793283462524414,-0.004632085561752319,0.9939059615135193,-0.010344982147216797,-0.05554699897766113,0.009921669960021973,0.9988380670547485,-0.04677790403366089,-0.012098312377929688,-0.03135862946510315,0.9994293451309204,0.0008244514465332031,0.015189707279205322,-0.1086682379245758,0.23798607289791107,-0.032574474811553955,0.05905723571777344,-0.11248263716697693,0.9247019290924072,0.007283985614776611,0.03766655921936035,-0.34630265831947327,0.3853960633277893,0.005237996578216553,0.05082803964614868,-0.24874922633171082,0.8979126811027527,0.008384346961975098,0.04286164045333862,-0.40406325459480286,0.43730705976486206,0.012063026428222656,0.05332028865814209,-0.29838326573371887,0.8832505345344543,0.003335297107696533,0.03538215160369873,-0.39912280440330505,0.45287230610847473,0.01651054620742798,0.03869295120239258,-0.2949645221233368,0.8825590014457703,0.0010691285133361816,0.03453242778778076,-0.34964069724082947,0.45621582865715027,0.014862596988677979,0.04101473093032837,-0.2508561313152313,0.8682394623756409,-0.02137976884841919,-0.01235818862915039,0.4280734546482563,0.9996773600578308,-0.06691360473632812,0.006867170333862305,0.376472445204854,0.9996548295021057,0.039375483989715576,0.008313298225402832,0.1431993842124939,0.6486049890518188,-0.09198957681655884,0.04830878973007202,0.10603231191635132,0.8865952491760254,0.018704593181610107,0.12481093406677246,0.30694009363651276,0.630951464176178,-0.09451025724411011,0.1046370267868042,0.25777940452098846,0.7797932028770447,0.010066807270050049,0.13631248474121094,0.3226391449570656,0.6592857241630554,-0.09293919801712036,0.10496783256530762,0.2745588719844818,0.6960625052452087,0.03559398651123047,0.1677963137626648,0.23867404460906982,0.7033784985542297,-0.1039322018623352,0.1424139142036438,0.21233806014060974,0.7851392030715942,BURPEE
0.0,0.0,0.0,0.9847100377082825,0.011180698871612549,-0.005961716175079346,-0.007939577102661133,0.9853310585021973,0.01769399642944336,-0.007179856300354004,-0.00789731740951538,0.9829474091529846,0.018518388271331787,-0.008339226245880127,-0.007931709289550781,0.9849618077278137,0.008023738861083984,-0.0038428902626037598,-0.028877317905426025,0.9830473065376282,-0.011340558528900146,0.0003814697265625,-0.029042184352874756,0.9805330038070679,-0.01447683572769165,3.260374069213867e-05,-0.029200971126556396,0.9828056693077087,0.0001704096794128418,-0.018047690391540527,0.0332585871219635,0.9829423427581787,-0.010099232196807861,-0.013724982738494873,-0.06236657500267029,0.9852235913276672,-0.010434925556182861,-0.0030211806297302246,0.0271185040473938,0.9948722124099731,-0.018795788288116455,-0.002933204174041748,-0.001576751470565796,0.9932574033737183,-0.02222663164138794,-0.0436670184135437,0.12749633193016052,0.9987849593162537,-0.1002814769744873,-0.00835418701171875,0.005883276462554932,0.9992590546607971,-0.010631442070007324,0.029636025428771973,0.10038858652114868,0.24183058738708496,-0.10310125350952148,0.07848250865936279,-0.007783561944961548,0.9185430407524109,-0.019282937049865723,0.04182928800582886,-0.09475937485694885,0.413934588432312,-0.05117952823638916,0.0812995433807373,-0.0506226122379303,0.9013272523880005,-0.022913813591003418,0.048964858055114746,-0.13683554530143738,0.4612205922603607,-0.03994321823120117,0.09028637409210205,-0.08037537336349487,0.8858826160430908,-0.02668088674545288,0.03803926706314087,-0.12774738669395447,0.47746023535728455,-0.034206271171569824,0.07165956497192383,-0.08673113584518433,0.8854377269744873,-0.03027057647705078,0.03584414720535278,-0.09452006220817566,0.4811630845069885,-0.03731822967529297,0.06679081916809082,-0.05145150423049927,0.8716223835945129,-0.06486856937408447,0.004673659801483154,0.40375866740942,0.9997026920318604,-0.1219366192817688,0.017699897289276123,0.3390616849064827,0.9996808767318726,-0.010326385498046875,0.03331267833709717,0.12762102484703064,0.6528302431106567,-0.12252640724182129,0.06332510709762573,0.03815308213233948,0.8867659568786621,-0.02899622917175293,0.15349602699279785,0.3496125526726246,0.6260848045349121,-0.12777918577194214,0.13161730766296387,0.28814609348773956,0.7785890102386475,-0.04165881872177124,0.16629493236541748,0.3705779239535332,0.659921407699585,-0.1295555830001831,0.13187110424041748,0.3136103004217148,0.6937416791915894,-0.009601831436157227,0.2002391815185547,0.28214725106954575,0.7107743620872498,-0.12948691844940186,0.18470728397369385,0.2520495727658272,0.7903852462768555,BURPEE
0.0,0.0,0.0,0.9835394620895386,0.011581838130950928,-0.006441891193389893,-0.024006158113479614,0.9834474921226501,0.01418834924697876,-0.007174193859100342,-0.02385774254798889,0.9806073904037476,0.011120855808258057,-0.007861733436584473,-0.02389809489250183,0.9823975563049316,0.002919018268585205,-0.005614638328552246,-0.017605751752853394,0.9819386601448059,-0.004536867141723633,-0.005738973617553711,-0.01781916618347168,0.9797694683074951,-0.00908118486404419,-0.006374180316925049,-0.01795104146003723,0.9822009205818176,-0.0016466379165649414,-0.019453227519989014,-0.00741499662399292,0.9800900816917419,-0.0014835000038146973,-0.01806408166885376,-0.013253748416900635,0.9848257303237915,-0.014067590236663818,-0.002853989601135254,0.018609225749969482,0.9929290413856506,-0.012654781341552734,-0.003635883331298828,0.030409395694732666,0.9914966225624084,-0.007702171802520752,-0.0481189489364624,0.1302747130393982,0.9985867738723755,-0.09479862451553345,-0.019382476806640625,0.08444914221763611,0.9989955425262451,0.0015219449996948242,0.010600566864013672,0.2742425948381424,0.2517634928226471,-0.09631556272506714,0.04667586088180542,0.1790221631526947,0.9053924083709717,-0.015707671642303467,0.027534425258636475,0.3502764403820038,0.4386751353740692,-0.04516094923019409,0.05608099699020386,0.2202737182378769,0.8979160785675049,-0.018886983394622803,0.036377787590026855,0.3495904952287674,0.47782233357429504,-0.033451735973358154,0.0647701621055603,0.21157559752464294,0.8800283074378967,-0.023208200931549072,0.026617109775543213,0.3425092548131943,0.4938056766986847,-0.028026103973388672,0.05062377452850342,0.19947251677513123,0.8796038627624512,-0.026388347148895264,0.02419215440750122,0.3529687970876694,0.49721434712409973,-0.030320703983306885,0.046639859676361084,0.21959030628204346,0.8675090074539185,-0.04605531692504883,-0.017640233039855957,0.48550944589078426,0.9997286200523376,-0.1059870719909668,-0.00718456506729126,0.44506571255624294,0.9997068643569946,-0.00017565488815307617,0.025114774703979492,0.27003440260887146,0.6567493677139282,-0.10746008157730103,0.054657816886901855,0.2424401342868805,0.8770633935928345,-0.01640850305557251,0.14033901691436768,0.46641850657761097,0.6269873380661011,-0.10952073335647583,0.12033981084823608,0.4900351408869028,0.765977680683136,-0.027313649654388428,0.15090018510818481,0.48444594256579876,0.6577237248420715,-0.10833054780960083,0.11886447668075562,0.5161678045988083,0.6769616007804871,0.00040858983993530273,0.1862475872039795,0.39501627534627914,0.7177407741546631,-0.11088669300079346,0.17084765434265137,0.4518409129232168,0.7878080606460571,BURPEE
0.0,0.0,0.0,0.9851434826850891,-0.004841744899749756,-0.008192077279090881,0.025503359735012054,0.9850571155548096,-0.004264473915100098,-0.007856667041778564,0.02546773850917816,0.9824575185775757,-0.0030930638313293457,-0.007548898458480835,0.025445207953453064,0.9841035604476929,-0.007898092269897461,-0.007543981075286865,-0.009435608983039856,0.9837046265602112,-0.009965240955352783,-0.006955444812774658,-0.00942489504814148,0.9817242622375488,-0.011776566505432129,-0.006258606910705566,-0.009482085704803467,0.9839366674423218,-0.008147716522216797,0.0016842484474182129,0.14425426203524694,0.9820036292076111,-0.02218526601791382,0.0033545494079589844,-0.014212280511856079,0.9862997531890869,0.004157304763793945,0.013439923524856567,0.04636538773775101,0.9935797452926636,-0.0006163716316223145,0.01416662335395813,0.00040127336978912354,0.9922958016395569,0.005247294902801514,0.05926629900932312,0.21914639323949814,0.998597264289856,-0.044086992740631104,0.05929794907569885,-0.09922190010547638,0.9990053176879883,0.03599345684051514,-0.031654417514801025,0.2155681625008583,0.30341970920562744,-0.07918950915336609,-0.03149592876434326,-0.2919434756040573,0.914259672164917,0.05706787109375,-0.1196325421333313,0.08209080249071121,0.4838053286075592,-0.07807961106300354,-0.12593060731887817,-0.3640717715024948,0.9069232940673828,0.058366358280181885,-0.13634593039751053,0.048086315393447876,0.5141118168830872,-0.07692340016365051,-0.13676971197128296,-0.4188007563352585,0.8888112306594849,0.05433136224746704,-0.1405283510684967,0.03126957267522812,0.528264582157135,-0.0723375678062439,-0.13889408111572266,-0.40191851556301117,0.8877435922622681,0.05240607261657715,-0.13350999355316162,0.06380726397037506,0.5321219563484192,-0.07124161720275879,-0.13802999258041382,-0.3621213287115097,0.8757020831108093,0.00048041343688964844,0.24496206641197205,0.24438344687223434,0.9997061491012573,-0.0260012149810791,0.24622297286987305,0.045459918677806854,0.9996741414070129,0.0666016936302185,0.38371309638023376,0.12319155782461166,0.6181307435035706,-0.01666325330734253,0.37310799956321716,-0.07080551981925964,0.8582069873809814,0.031247854232788086,0.49236127734184265,0.28124888241291046,0.581709086894989,-0.01868659257888794,0.5146380960941315,0.06727349758148193,0.7584760189056396,0.016802430152893066,0.5013487040996552,0.29055850207805634,0.6206321716308594,-0.02483236789703369,0.5308960378170013,0.07444702833890915,0.67080157995224,0.050504207611083984,0.5353254973888397,0.17932957783341408,0.6717889904975891,0.007879376411437988,0.5607914626598358,-0.07370561361312866,0.7783145904541016,BURPEE
0.0,0.0,0.0,0.9865191578865051,-0.00309598445892334,-0.008432343602180481,0.015298992395401001,0.9864078760147095,-0.0032743215560913086,-0.008166640996932983,0.015291646122932434,0.983999490737915,-0.0030806660652160645,-0.007870525121688843,0.015283837914466858,0.9855402708053589,-0.0041318535804748535,-0.007995009422302246,-0.012941867113113403,0.9851954579353333,-0.005713164806365967,-0.007509276270866394,-0.012926295399665833,0.9833561182022095,-0.007098078727722168,-0.007016405463218689,-0.012970685958862305,0.9853938817977905,-0.009769439697265625,0.0005794167518615723,0.09784015268087387,0.9835593700408936,-0.01710331439971924,0.0012514591217041016,-0.03219127655029297,0.9874619841575623,0.0020389556884765625,0.012316018342971802,0.034862399101257324,0.9940226674079895,-0.0002670884132385254,0.013076424598693848,-0.003007844090461731,0.9928117990493774,-0.0002383589744567871,0.05679157376289368,0.15696478262543678,0.9984734654426575,-0.03455621004104614,0.05609673261642456,-0.08635257184505463,0.9989155530929565,0.016577303409576416,-0.03391943871974945,0.15499569103121758,0.3532683551311493,-0.05646127462387085,-0.03767696022987366,-0.24089695513248444,0.9209581613540649,0.04953610897064209,-0.12285064160823822,0.0492849200963974,0.5228965878486633,-0.06652998924255371,-0.13252952694892883,-0.2775679975748062,0.9119668006896973,0.04736083745956421,-0.14257749915122986,0.019733652472496033,0.5449917912483215,-0.06940791010856628,-0.15124424546957016,-0.3211541324853897,0.890947699546814,0.04463827610015869,-0.14444688707590103,0.006007581949234009,0.5571640729904175,-0.036266028881073,-0.1409865841269493,-0.30787427723407745,0.888124942779541,0.042556822299957275,-0.13884419947862625,0.03398348391056061,0.5616485476493835,-0.061575889587402344,-0.14697494357824326,-0.27618150413036346,0.8754073977470398,0.005049407482147217,0.24300044775009155,0.26920677721500397,0.9996442198753357,-0.019113779067993164,0.24247893691062927,0.11772388219833374,0.9995830655097961,0.018458247184753418,0.37023377418518066,0.2143356390297413,0.5788323879241943,-0.005242288112640381,0.36458832025527954,0.04397326707839966,0.8393396735191345,0.013598024845123291,0.4898753762245178,0.31003517657518387,0.555051863193512,-0.013613581657409668,0.5003639459609985,0.15140538662672043,0.7527169585227966,0.004855453968048096,0.5033217668533325,0.3113890141248703,0.6015597581863403,-0.019799888134002686,0.5191664099693298,0.1559646613895893,0.6761583685874939,0.03908264636993408,0.5271610021591187,0.2064244095236063,0.6476450562477112,0.008041620254516602,0.5408918857574463,0.031124696135520935,0.7715409398078918,BURPEE
0.0,0.0,0.0,0.987816333770752,-0.0013622045516967773,-0.009484946727752686,0.024084284901618958,0.9876729846000671,-0.0008780360221862793,-0.009332388639450073,0.024081096053123474,0.9854506254196167,-6.133317947387695e-05,-0.009125277400016785,0.024036601185798645,0.9868706464767456,-0.004226565361022949,-0.009009093046188354,0.0017113089561462402,0.9865872859954834,-0.00615614652633667,-0.008506938815116882,0.0016894340515136719,0.9848976135253906,-0.007924675941467285,-0.007974505424499512,0.0016396641731262207,0.9867616891860962,-0.005478262901306152,-0.0019093155860900879,0.14002157747745514,0.9849656224250793,-0.016623973846435547,-0.0010335147380828857,0.03459124267101288,0.9885960221290588,0.003780543804168701,0.0114288330078125,0.0446372926235199,0.9944876432418823,-0.0012434124946594238,0.012518465518951416,0.014564216136932373,0.993406355381012,0.005203306674957275,0.051120638847351074,0.19920546561479568,0.9984297156333923,-0.04386639595031738,0.05149596929550171,-0.017251163721084595,0.9989143013954163,0.022888779640197754,-0.03586632013320923,0.17242012172937393,0.41051387786865234,-0.052407026290893555,-0.043414875864982605,-0.17709365487098694,0.9283362030982971,0.05565541982650757,-0.12559325993061066,0.07622328400611877,0.5649737119674683,-0.062350690364837646,-0.14032825082540512,-0.20687931776046753,0.9192401170730591,0.05753064155578613,-0.14520090073347092,0.04473687708377838,0.5789999961853027,-0.06514015793800354,-0.1613202467560768,-0.2600635588169098,0.8972567915916443,0.053312480449676514,-0.1470802202820778,0.03648315370082855,0.5897775292396545,-0.04336148500442505,-0.16016406565904617,-0.24522849917411804,0.8938776254653931,0.05060845613479614,-0.1411893665790558,0.06255097687244415,0.5943257808685303,-0.05769461393356323,-0.15690810233354568,-0.20406875014305115,0.8818060755729675,0.019645392894744873,0.23419049382209778,0.3328678607940674,0.999600350856781,-0.017195701599121094,0.23721805214881897,0.2073054537177086,0.9995673894882202,0.027311205863952637,0.343427836894989,0.2785433158278465,0.5836166143417358,-0.021771013736724854,0.34794163703918457,0.04674890637397766,0.8469688296318054,0.007703065872192383,0.45158177614212036,0.4474455565214157,0.570615291595459,-0.017792463302612305,0.4746105670928955,0.22343143448233604,0.7695144414901733,-0.0007300972938537598,0.4840453267097473,0.4593341499567032,0.6101582050323486,-0.021690070629119873,0.48771727085113525,0.2244574874639511,0.6879085898399353,0.03542274236679077,0.5136770606040955,0.3516244441270828,0.6596272587776184,-0.013048291206359863,0.5157952308654785,0.0891118198633194,0.7851226329803467,BURPEE
0.0,0.0,0.0,0.9889444708824158,-0.00160294771194458,-0.009597808122634888,0.025906875729560852,0.988787829875946,-0.001124739646911621,-0.009442687034606934,0.025899633765220642,0.9867161512374878,-0.00031262636184692383,-0.009234458208084106,0.025895342230796814,0.9880394339561462,-0.004539608955383301,-0.00914621353149414,-0.00042985379695892334,0.9878253936767578,-0.006535708904266357,-0.008646532893180847,-0.00043682754039764404,0.9862643480300903,-0.008357882499694824,-0.008109807968139648,-0.00048188865184783936,0.9879782795906067,-0.005696535110473633,-0.002041339874267578,0.14684711396694183,0.9862297177314758,-0.01736229658126831,-0.0011900365352630615,0.021064281463623047,0.9896170496940613,0.0037984251976013184,0.011619538068771362,0.04652389883995056,0.994873583316803,-0.0015897154808044434,0.012667655944824219,0.01134742796421051,0.9939134120941162,0.006989121437072754,0.0499897301197052,0.21239807084202766,0.9982079863548279,-0.04317706823348999,0.05192175507545471,-0.044818535447120667,0.9988902807235718,0.023023664951324463,-0.03523418307304382,0.1907452903687954,0.45627671480178833,-0.05492609739303589,-0.044187113642692566,-0.22047896683216095,0.9351814389228821,0.05605173110961914,-0.12567967176437378,0.07794274389743805,0.6004709601402283,-0.06279295682907104,-0.142538882791996,-0.2658190280199051,0.9263385534286499,0.06095695495605469,-0.14510202407836914,0.04640330374240875,0.6067312955856323,-0.06548795104026794,-0.16515175253152847,-0.3115704506635666,0.9045379161834717,0.05394691228866577,-0.14696063101291656,0.032889723777770996,0.6162682175636292,-0.045986175537109375,-0.16585011035203934,-0.29450206458568573,0.9008980393409729,0.05068790912628174,-0.14087123423814774,0.061579227447509766,0.620841383934021,-0.057920753955841064,-0.15961139649152756,-0.26383639872074127,0.8892492055892944,0.019409775733947754,0.2420484721660614,0.30318164080381393,0.9995094537734985,-0.01851111650466919,0.2402389645576477,0.16240978240966797,0.999495804309845,0.024797558784484863,0.3524622619152069,0.18992037698626518,0.6052621006965637,-0.019688725471496582,0.3693595826625824,-0.00041843950748443604,0.8588747978210449,0.00567626953125,0.48520949482917786,0.25155527144670486,0.5966686606407166,-0.025049686431884766,0.5022211968898773,0.06580400466918945,0.788638174533844,-0.007236897945404053,0.5090776979923248,0.2491178773343563,0.6279075741767883,-0.03726118803024292,0.5153686702251434,0.06213487684726715,0.7046360373497009,0.013578295707702637,0.545973151922226,0.11090058833360672,0.6806203126907349,-0.008333742618560791,0.5637880265712738,-0.10310651361942291,0.8017143607139587,BURPEE
0.0,0.0,0.0,0.9898120164871216,-0.0002244710922241211,-0.009341910481452942,0.012291446328163147,0.989666223526001,0.0007180571556091309,-0.009082958102226257,0.012318611145019531,0.9876364469528198,0.0016744732856750488,-0.008803650736808777,0.01234157383441925,0.9889242649078369,-0.005290389060974121,-0.009311690926551819,0.008367180824279785,0.988800585269928,-0.007905781269073486,-0.008869394659996033,0.00830899178981781,0.9872978925704956,-0.01039135456085205,-0.008388832211494446,0.008211061358451843,0.9889317154884338,-0.0030559897422790527,-0.002075478434562683,0.17430436983704567,0.9871994853019714,-0.019773781299591064,-0.002107664942741394,0.08831626176834106,0.9904646277427673,0.005113065242767334,0.011774241924285889,0.031244933605194092,0.9950807094573975,-0.0027732253074645996,0.012583315372467041,0.028102323412895203,0.9942194223403931,0.014538586139678955,0.05081409215927124,0.2141944993636571,0.9980895519256592,-0.04324251413345337,0.052761584520339966,0.0066215842962265015,0.9988970756530762,0.02807396650314331,-0.0314040333032608,0.16600341722369194,0.49739521741867065,-0.05562490224838257,-0.04230885207653046,-0.23039649426937103,0.9411749839782715,0.05796939134597778,-0.12488460540771484,0.04726149141788483,0.6329980492591858,-0.06129723787307739,-0.14101345837116241,-0.3092610687017441,0.9326918125152588,0.06614607572555542,-0.1441834643483162,0.013075709342956543,0.6328436732292175,-0.06373760104179382,-0.16296328604221344,-0.3575284332036972,0.9110199213027954,0.05845654010772705,-0.14605115354061127,0.0060733407735824585,0.6412357091903687,-0.04968184232711792,-0.16702471673488617,-0.3421407788991928,0.9072150588035583,0.05450385808944702,-0.13981837034225464,0.03292986750602722,0.6464089751243591,-0.05624186992645264,-0.15867416560649872,-0.3098292201757431,0.8963741064071655,0.020291268825531006,0.24727851152420044,0.28421342372894287,0.9994534254074097,-0.029219508171081543,0.240678608417511,0.14517728239297867,0.9994531273841858,0.027213454246520996,0.37119239568710327,0.17275525256991386,0.5778430104255676,-0.022808849811553955,0.37209397554397583,-0.029698386788368225,0.8489610552787781,0.0008674263954162598,0.5333957076072693,0.22787084989249706,0.5747838616371155,-0.028804302215576172,0.5189403891563416,0.038052335381507874,0.7813109159469604,-0.014659702777862549,0.5544516444206238,0.2242834335193038,0.6083450317382812,-0.03780895471572876,0.5378406643867493,0.03689153492450714,0.6920600533485413,0.02410745620727539,0.5826711058616638,0.09161955118179321,0.6586198210716248,-0.007213413715362549,0.5703900456428528,-0.12128706276416779,0.7950018048286438,BURPEE
0.0,0.0,0.0,0.9906406998634338,-0.0006546974182128906,-0.008848637342453003,0.025250248610973358,0.9905173182487488,0.00017005205154418945,-0.00844438374042511,0.025251708924770355,0.9885491728782654,0.0010843276977539062,-0.008070826530456543,0.025271616876125336,0.9898212552070618,-0.0050681233406066895,-0.009096339344978333,-0.010034583508968353,0.9897668957710266,-0.007448434829711914,-0.008685454726219177,-0.010033108294010162,0.9883568286895752,-0.009799540042877197,-0.008227676153182983,-0.010115966200828552,0.9898955225944519,-0.003989160060882568,-0.000673830509185791,0.15976859629154205,0.988197922706604,-0.019703149795532227,-0.0009756982326507568,-0.0037726759910583496,0.9912890195846558,0.004884064197540283,0.012606173753738403,0.05069436877965927,0.9953398704528809,-0.002288341522216797,0.012984901666641235,0.004738159477710724,0.9945719838142395,0.012037873268127441,0.056869298219680786,0.2634262219071388,0.9977980852127075,-0.04349750280380249,0.05320081114768982,-0.11086421459913254,0.9989000558853149,0.029255449771881104,-0.02917391061782837,0.2777702882885933,0.49472007155418396,-0.05791860818862915,-0.0383172333240509,-0.35279589146375656,0.9462655782699585,0.057791829109191895,-0.12381872534751892,0.15003125742077827,0.6417480111122131,-0.06192260980606079,-0.13820340484380722,-0.45477139204740524,0.9378117918968201,0.06563448905944824,-0.14192239195108414,0.1201079897582531,0.6377462148666382,-0.06476089358329773,-0.16014574468135834,-0.5133675262331963,0.9162404537200928,0.057553887367248535,-0.14435160160064697,0.09997990354895592,0.6453065276145935,-0.05172467231750488,-0.16313353925943375,-0.4998505041003227,0.9119832515716553,0.05404531955718994,-0.13774242997169495,0.1302835252135992,0.6515853404998779,-0.0569911003112793,-0.15633700788021088,-0.454247884452343,0.9010069966316223,0.007486820220947266,0.2593816816806793,0.23265912383794785,0.9993602633476257,-0.030049443244934082,0.24846431612968445,-0.010061785578727722,0.9993943572044373,0.01031559705734253,0.40948161482810974,0.17917907983064651,0.5365273356437683,-0.02106773853302002,0.4040816128253937,-0.12795475870370865,0.8445278406143188,-0.023920178413391113,0.5667886435985565,0.24476812034845352,0.5477073192596436,-0.026715457439422607,0.5714530646800995,-0.05411108583211899,0.7889875769615173,-0.04144871234893799,0.5868328511714935,0.2407245859503746,0.592030942440033,-0.03535395860671997,0.5956439673900604,-0.05662845820188522,0.7071906924247742,0.01544797420501709,0.6146725714206696,0.11776025826111436,0.6347265243530273,0.01940453052520752,0.6180737912654877,-0.21723761409521103,0.7990257740020752,BURPEE
0.0,0.0,0.0,0.9915259480476379,-0.0009948015213012695,-0.006846964359283447,0.03271667659282684,0.9914230108261108,-0.00020426511764526367,-0.006273061037063599,0.032716721296310425,0.9896157383918762,0.0007447004318237305,-0.005786031484603882,0.032735809683799744,0.9907948970794678,-0.005262613296508789,-0.007202968001365662,0.004576422274112701,0.990750253200531,-0.007594704627990723,-0.0066950321197509766,0.004542890936136246,0.9894676804542542,-0.009873270988464355,-0.00613422691822052,0.004389747977256775,0.990878164768219,-0.004540562629699707,0.004463553428649902,0.1642419546842575,0.9892971515655518,-0.020242750644683838,0.003922507166862488,0.038992106914520264,0.99213045835495,0.004797697067260742,0.013913765549659729,0.049405425786972046,0.9956748485565186,-0.002176225185394287,0.014202490448951721,0.012666445225477219,0.994990885257721,0.01220846176147461,0.065374955534935,0.23273532092571259,0.9976701140403748,-0.04506725072860718,0.05851997435092926,-0.08892003819346428,0.9989555478096008,0.02996903657913208,-0.021868810057640076,0.22923488914966583,0.5028730034828186,-0.059048473834991455,-0.030983835458755493,-0.2551795393228531,0.9509852528572083,0.05766957998275757,-0.11946535855531693,0.1313106268644333,0.6540238261222839,-0.062326908111572266,-0.13450577855110168,-0.24797062575817108,0.9423888921737671,0.06446415185928345,-0.1372728869318962,0.10084815323352814,0.6449694633483887,-0.06519189476966858,-0.1578121781349182,-0.2912893742322922,0.9200978875160217,0.05728203058242798,-0.1398119181394577,0.09006367623806,0.6513701677322388,-0.05392909049987793,-0.16009686142206192,-0.2876266688108444,0.9153974652290344,0.05405324697494507,-0.13282545655965805,0.11565189063549042,0.6580931544303894,-0.05741232633590698,-0.15119843930006027,-0.2501866966485977,0.9049072265625,0.003565669059753418,0.26614798605442047,0.07624870538711548,0.9993662238121033,-0.034824252128601074,0.25390245020389557,-0.1511426940560341,0.9994111061096191,0.008923590183258057,0.4256957322359085,-0.004618983715772629,0.5029212236404419,-0.021240651607513428,0.4158783107995987,-0.2709234207868576,0.8388531804084778,-0.02893918752670288,0.5884151607751846,-0.0017740316689014435,0.527276873588562,-0.026377618312835693,0.5885388404130936,-0.23600807785987854,0.7928329706192017,-0.04974520206451416,0.6077495962381363,-0.010094795376062393,0.5756592154502869,-0.03385794162750244,0.6154365688562393,-0.24155907332897186,0.7139763236045837,0.0131988525390625,0.6329201608896255,-0.1406835988163948,0.6212034821510315,0.025555193424224854,0.6312979608774185,-0.40223897993564606,0.8021348118782043,BURPEE
0.0,0.0,0.0,0.9923419952392578,0.00302886962890625,-0.006420105695724487,0.05068029463291168,0.9922609925270081,0.0030739903450012207,-0.0141066312789917,0.050615862011909485,0.9906191229820251,0.006831049919128418,-0.006146758794784546,0.05057509243488312,0.9917008876800537,-0.007346808910369873,-0.006512075662612915,0.044503405690193176,0.9916537404060364,-0.006092250347137451,-0.007478892803192139,0.04447793960571289,0.9904844760894775,-0.008321762084960938,-0.005554556846618652,0.044340863823890686,0.991776704788208,0.002445399761199951,0.011834859848022461,0.22365257143974304,0.990318238735199,-0.016620516777038574,0.017047256231307983,0.19986465573310852,0.9928882718086243,0.0077825188636779785,0.0136089026927948,0.05978812277317047,0.9958934783935547,-0.0056792497634887695,0.014129608869552612,0.052043840289115906,0.9952226281166077,0.033023953437805176,0.05312514305114746,0.2244206666946411,0.997466504573822,-0.04899179935455322,0.052905499935150146,0.11917316913604736,0.9989200830459595,0.03464597463607788,-0.05929867923259735,0.09307071566581726,0.5356201529502869,-0.058225393295288086,-0.03966966271400452,-0.006133958697319031,0.9489046931266785,0.06332319974899292,-0.17219504714012146,-0.021519839763641357,0.6755145788192749,-0.05462116003036499,-0.1440497189760208,-0.02262796461582184,0.9401147961616516,0.06897276639938354,-0.18887805938720703,-0.05715423822402954,0.6594908237457275,-0.052719831466674805,-0.16807323694229126,-0.06200636923313141,0.9115765690803528,0.061955809593200684,-0.19049647450447083,-0.05503493547439575,0.6635955572128296,-0.04971015453338623,-0.16955037415027618,-0.051284074783325195,0.9048483371734619,0.058861374855041504,-0.18242193758487701,-0.03139294683933258,0.6678188443183899,-0.0522305965423584,-0.1601821780204773,-0.02509792149066925,0.8936206102371216,0.0083046555519104,0.23774829506874084,-0.11635728925466537,0.9994102716445923,-0.033236682415008545,0.2280265986919403,-0.2462359294295311,0.9994531869888306,0.011432409286499023,0.3887598216533661,-0.42798756062984467,0.5225070118904114,-0.015232264995574951,0.365543395280838,-0.6043083667755127,0.84104323387146,-0.013000249862670898,0.5528338849544525,-0.5735173523426056,0.5441873073577881,-0.02300029993057251,0.5488851964473724,-0.7156856060028076,0.7922146320343018,-0.0299680233001709,0.5765363872051239,-0.600551187992096,0.5827088952064514,-0.042810678482055664,0.5802405774593353,-0.7390027046203613,0.708746612071991,0.02180272340774536,0.591612309217453,-0.8089392185211182,0.6412568688392639,0.007057011127471924,0.5945623815059662,-0.9672485589981079,0.8082518577575684,BURPEE
0.0,0.0,0.0,0.9924600124359131,0.0029171109199523926,-0.005796849727630615,0.030280008912086487,0.9923389554023743,0.0030652880668640137,-0.006185591220855713,0.03023470938205719,0.9905157089233398,0.006374478340148926,-0.005430787801742554,0.03018777072429657,0.9917572736740112,-0.007394254207611084,-0.004558205604553223,0.012427747249603271,0.9918562769889832,-0.005879521369934082,-0.0034138262271881104,0.012391403317451477,0.9905256032943726,-0.00811624526977539,-0.0024697482585906982,0.012274965643882751,0.9919243454933167,0.0021181106567382812,0.007330179214477539,0.17594291176646948,0.9895501732826233,-0.016568005084991455,0.009977132081985474,0.09886444360017776,0.9925608038902283,0.007943153381347656,0.01454097032546997,0.05617804825305939,0.9944517016410828,-0.00516355037689209,0.015740185976028442,0.03271402418613434,0.9939249157905579,0.028620362281799316,0.05548042058944702,0.23508642613887787,0.9963884353637695,-0.05029183626174927,0.050284624099731445,0.07319037616252899,0.9984981417655945,0.02873694896697998,-0.05156543850898743,0.1749804886057973,0.5563615560531616,-0.058513522148132324,-0.038170188665390015,0.10229870676994324,0.9481731057167053,0.037507057189941406,-0.16454115509986877,0.06494534760713577,0.6892275810241699,-0.05522716045379639,-0.15147799253463745,0.19092471851035953,0.9351890683174133,0.03923392295837402,-0.18515852093696594,0.029624581336975098,0.6672183275222778,-0.053137898445129395,-0.17563334107398987,0.0026638060808181763,0.9016454219818115,0.0345836877822876,-0.18999047577381134,0.028880730271339417,0.6704585552215576,-0.05388385057449341,-0.17991767823696136,0.24413925036787987,0.8939973711967468,0.03406524658203125,-0.18216226994991302,0.05466759204864502,0.6742979884147644,-0.05562865734100342,-0.17084689438343048,0.2768438532948494,0.8827717304229736,0.008795320987701416,0.240006685256958,0.256499707698822,0.9992885589599609,-0.03476637601852417,0.2341824173927307,0.1147637888789177,0.9994233846664429,0.012917935848236084,0.38302767276763916,0.22217605635523796,0.5096377730369568,-0.01668083667755127,0.3775389790534973,-0.14567415416240692,0.8406971096992493,-0.007645785808563232,0.5261495113372803,0.3076907619833946,0.5534519553184509,-0.030138790607452393,0.543811559677124,-0.1187959760427475,0.802248477935791,-0.029856324195861816,0.5437169671058655,0.30755798518657684,0.5841445326805115,-0.048916757106781006,0.5685575008392334,-0.12405417859554291,0.7145955562591553,0.023361623287200928,0.5636888742446899,0.17656412813812494,0.6473442912101746,0.005190432071685791,0.583817183971405,-0.2980934828519821,0.815497100353241,BURPEE
0.0,0.0,0.0,0.9886714816093445,0.03075993061065674,0.0002639889717102051,-0.0015224814414978027,0.9889376163482666,0.0326574444770813,9.745359420776367e-05,-0.0013817548751831055,0.9866630434989929,0.04009944200515747,-0.00139540433883667,-0.0014620423316955566,0.9879383444786072,0.013921558856964111,-0.007891058921813965,-0.037487685680389404,0.9880505204200745,0.01156926155090332,-0.012548089027404785,-0.0378572940826416,0.9873003363609314,0.008011698722839355,-0.017925381660461426,-0.03820908069610596,0.9889383912086487,0.028581857681274414,-0.019506454467773438,0.11397624015808105,0.9869326949119568,-0.021909356117248535,-0.04595416784286499,-0.057453453540802,0.9914132952690125,-0.014945924282073975,0.009447097778320312,0.06018739938735962,0.9934700131416321,-0.028715133666992188,-0.015505075454711914,0.009982585906982422,0.9931728839874268,-0.0023853182792663574,-0.06813734769821167,0.2753148674964905,0.9955414533615112,-0.17265987396240234,-0.08834666013717651,0.07555067539215088,0.9984397888183594,-0.03416764736175537,0.07697504758834839,0.3294296860694885,0.5091209411621094,-0.22144359350204468,0.03471875190734863,0.04799091815948486,0.9458320736885071,-0.04582732915878296,0.21137380599975586,0.2232496738433838,0.6328948140144348,-0.17883455753326416,0.15841197967529297,-0.016916990280151367,0.9349749684333801,-0.02394503355026245,0.24294519424438477,0.17277276515960693,0.6135770082473755,-0.1823863387107849,0.19089102745056152,-0.08992475271224976,0.9004448652267456,-0.03818243741989136,0.23687893152236938,0.1371535062789917,0.6174708008766174,-0.1572989523410797,0.1862194538116455,-0.10240453481674194,0.8936212062835693,-0.04661327600479126,0.22173410654067993,0.20382946729660034,0.6224851608276367,-0.1541227102279663,0.17469286918640137,-0.023978829383850098,0.8812198638916016,-0.07576018571853638,-0.011160433292388916,0.8208482041954994,0.9993360042572021,-0.18971437215805054,-0.013769388198852539,0.708672646433115,0.9994660019874573,-0.04582774639129639,0.10803842544555664,0.32875314354896545,0.49516013264656067,-0.19454720616340637,0.11317455768585205,0.123629629611969,0.8197488188743591,-0.10236489772796631,0.23304110765457153,0.7417959868907928,0.5131598114967346,-0.17547079920768738,0.22085487842559814,0.6306500881910324,0.7309167385101318,-0.12271595001220703,0.2398592233657837,0.7935728169977665,0.547117292881012,-0.17160320281982422,0.21476012468338013,0.687830001115799,0.6573345065116882,-0.09736752510070801,0.31230223178863525,0.6369272023439407,0.6162153482437134,-0.175724059343338,0.3192939758300781,0.5728073269128799,0.7496753931045532,DEADLIFT
0.0,0.0,0.0,0.989783763885498,-0.003464937210083008,-0.020114794373512268,0.052777260541915894,0.9900299906730652,-0.0019298195838928223,-0.020375721156597137,0.052695631980895996,0.9879751801490784,-0.0006845593452453613,-0.02110379934310913,0.0525573194026947,0.9891302585601807,-0.016150683164596558,-0.016757279634475708,0.0030251741409301758,0.9892240762710571,-0.02359747886657715,-0.014691978693008423,0.002993464469909668,0.9885363578796387,-0.0318874716758728,-0.012755066156387329,0.00292852520942688,0.9900184273719788,-0.0174252986907959,-0.009023882448673248,0.2807764858007431,0.9882041811943054,-0.05390414595603943,-0.000995829701423645,0.06249919533729553,0.992218017578125,0.0003631711006164551,0.017163217067718506,0.09019553661346436,0.9940722584724426,-0.013384580612182617,0.018567383289337158,0.025953441858291626,0.9937829971313477,-0.03082144260406494,0.14377214014530182,0.5155836865305901,0.9958300590515137,-0.06646081805229187,0.13349153101444244,-0.0015743076801300049,0.9984549880027771,-0.025102883577346802,0.30894292891025543,0.652935653924942,0.46201738715171814,-0.06366434693336487,0.28222672641277313,-0.06898045539855957,0.92726731300354,0.021382153034210205,0.43544189631938934,0.5639490038156509,0.5720703601837158,0.041129887104034424,0.3756655901670456,-0.05374711751937866,0.8819218277931213,0.04105454683303833,0.4727579802274704,0.560359962284565,0.5551791787147522,0.05841630697250366,0.4078793376684189,-0.10693073272705078,0.8455384969711304,0.037789106369018555,0.47546564042568207,0.5081275058910251,0.558825671672821,0.0761154294013977,0.4016161412000656,-0.10217040777206421,0.8378883600234985,0.028278052806854248,0.46133218705654144,0.5371902249753475,0.5637415051460266,0.0654870867729187,0.3926091641187668,-0.05223214626312256,0.8204466700553894,-0.04933074116706848,0.37004058063030243,0.6685711592435837,0.9993694424629211,-0.07800492644309998,0.37751244008541107,0.32541361451148987,0.9994291663169861,0.027112185955047607,0.508470818400383,0.2574221044778824,0.46478837728500366,-0.02616897225379944,0.54045270383358,0.08760204911231995,0.7717851996421814,-0.02657860517501831,0.6637106388807297,0.37827853858470917,0.5119830965995789,-0.025287210941314697,0.6920897215604782,0.1232064962387085,0.7076244950294495,-0.050656676292419434,0.6761774271726608,0.3695061653852463,0.5648632645606995,-0.041433900594711304,0.7080193012952805,0.11893978714942932,0.6423106789588928,0.019113898277282715,0.739305779337883,0.2282141149044037,0.6315915584564209,-0.010387986898422241,0.7813084572553635,-0.028854072093963623,0.746250569820404,DEADLIFT
0.0,0.0,0.0,0.9899646043777466,-0.006106138229370117,-0.016809552907943726,-0.004340894520282745,0.9903942942619324,-0.006583839654922485,-0.016926854848861694,-0.004431039094924927,0.9882612228393555,-0.006926059722900391,-0.01694350689649582,-0.0044985488057136536,0.9896181225776672,-0.008882999420166016,-0.01575145125389099,-0.04185575619339943,0.989612877368927,-0.01178044080734253,-0.014970503747463226,-0.04185962677001953,0.9886670112609863,-0.015344113111495972,-0.01386481523513794,-0.04212411120533943,0.9902370572090149,-0.025450021028518677,-0.006438165903091431,-0.012475669384002686,0.9885331988334656,-0.041071534156799316,-0.001476965844631195,-0.17990032583475113,0.991856038570404,-0.004470199346542358,0.01804828643798828,0.004884257912635803,0.9937118887901306,-0.008376479148864746,0.02011224627494812,-0.04309924691915512,0.993243932723999,-0.09494912624359131,0.10782155394554138,0.047968730330467224,0.9960353374481201,-0.009864866733551025,0.10926753282546997,-0.29720019549131393,0.9982783794403076,-0.08115527033805847,0.24601739645004272,0.05381462723016739,0.428791880607605,-0.015712738037109375,0.2492576539516449,-0.3384746238589287,0.9084984660148621,-0.07794108986854553,0.3473423421382904,-0.004837565124034882,0.5336626172065735,-0.02396249771118164,0.36440056562423706,-0.3197418972849846,0.8646423816680908,-0.05215659737586975,0.3909873962402344,-0.018189430236816406,0.5152685642242432,-0.022371351718902588,0.394165575504303,-0.3525855764746666,0.8227619528770447,-0.05508509278297424,0.3893929123878479,-0.044887958094477654,0.5184763073921204,-0.022250980138778687,0.39353233575820923,-0.3644232973456383,0.8132845163345337,-0.056888580322265625,0.37765806913375854,-0.02203739807009697,0.5218672156333923,-0.02406764030456543,0.3845481872558594,-0.3249826058745384,0.7906061410903931,-0.06153005361557007,0.3504718542098999,0.0003556087613105774,0.998844563961029,-0.026418954133987427,0.35174229741096497,-0.13818957656621933,0.9980074167251587,-0.0657452642917633,0.5238264203071594,-0.06330277631059289,0.44372615218162537,-0.029254019260406494,0.5304729342460632,-0.1361304372549057,0.7219035029411316,-0.0719657838344574,0.7051908373832703,0.018488354980945587,0.48927241563796997,-0.05086016654968262,0.7102580666542053,-0.05201540142297745,0.6710455417633057,-0.0781087875366211,0.7328360676765442,0.016059309244155884,0.552782416343689,-0.05802541971206665,0.7351483702659607,-0.05040024034678936,0.6206398010253906,-0.06404465436935425,0.7464420795440674,-0.12406886741518974,0.5966694951057434,-0.04320082068443298,0.7605605721473694,-0.19101477414369583,0.7034420967102051,DEADLIFT
0.0,0.0,0.0,0.9906355142593384,-0.0074615478515625,-0.018112510442733765,-0.007589280605316162,0.9909429550170898,-0.008243858814239502,-0.018287286162376404,-0.007672801613807678,0.9888608455657959,-0.008709251880645752,-0.01835598051548004,-0.007702142000198364,0.9902449250221252,-0.008810728788375854,-0.017093181610107422,-0.05354878306388855,0.9902834892272949,-0.010959893465042114,-0.016406238079071045,-0.05355418473482132,0.9893131852149963,-0.013379007577896118,-0.015417180955410004,-0.053799644112586975,0.9908459782600403,-0.02808678150177002,-0.008332207798957825,-0.035068631172180176,0.988943874835968,-0.03676408529281616,-0.0034013912081718445,-0.23770888894796371,0.9921278357505798,-0.006062805652618408,0.01809084415435791,-0.00027567148208618164,0.9938056468963623,-0.008517265319824219,0.019820675253868103,-0.059239983558654785,0.9934640526771545,-0.10328388214111328,0.10585036873817444,0.031991541385650635,0.9961382746696472,-0.01175767183303833,0.10675749182701111,-0.3990115225315094,0.9983966946601868,-0.10192698240280151,0.2489572912454605,0.049523621797561646,0.39504003524780273,-0.016746491193771362,0.24448223412036896,-0.4658252000808716,0.9080100059509277,-0.07770603895187378,0.3453379124403,0.005131080746650696,0.4868372082710266,-0.011929154396057129,0.36307938396930695,-0.4459536671638489,0.8607369065284729,-0.060614317655563354,0.3745618909597397,0.00974486768245697,0.47077256441116333,-0.009044796228408813,0.39265216886997223,-0.48396536707878113,0.8170031905174255,-0.05775448679924011,0.37225349247455597,-0.017705798149108887,0.4734036326408386,-0.008750677108764648,0.39251305162906647,-0.4746013283729553,0.8061463236808777,-0.05939248204231262,0.363568440079689,-0.011100120842456818,0.47618338465690613,-0.009345650672912598,0.3830077797174454,-0.4429234564304352,0.7772764563560486,-0.08900395035743713,0.36334989964962006,-0.014148466289043427,0.9985459446907043,-0.028087884187698364,0.3670567125082016,-0.25793687254190445,0.9977881908416748,-0.06928494572639465,0.5317159444093704,-0.026710443198680878,0.41735580563545227,0.007456868886947632,0.5493043214082718,-0.24058203399181366,0.7223471999168396,-0.07810106873512268,0.7073844224214554,0.016821160912513733,0.48578470945358276,-0.02058348059654236,0.7333374172449112,-0.18552809208631516,0.6920539140701294,-0.09036102890968323,0.7330040484666824,0.01381656527519226,0.5679691433906555,-0.03739959001541138,0.7541803270578384,-0.1825915388762951,0.6473934650421143,-0.055383771657943726,0.7564790993928909,-0.09922553226351738,0.5883129239082336,0.008916109800338745,0.8000157028436661,-0.302477166056633,0.7158462405204773,DEADLIFT
0.0,0.0,0.0,0.9906542301177979,-0.008775651454925537,-0.01874476671218872,-0.013026177883148193,0.990958034992218,-0.009847879409790039,-0.01891106367111206,-0.013097628951072693,0.9887713193893433,-0.010511159896850586,-0.018959268927574158,-0.01312333345413208,0.990307092666626,-0.008914470672607422,-0.017768271267414093,-0.0561191663146019,0.990520715713501,-0.01059374213218689,-0.017113998532295227,-0.05614526569843292,0.9894254207611084,-0.012379258871078491,-0.016157478094100952,-0.0564025342464447,0.9910955429077148,-0.03129822015762329,-0.008881017565727234,-0.05654340237379074,0.9884307384490967,-0.035051584243774414,-0.004171445965766907,-0.24797947704792023,0.9917646050453186,-0.007597178220748901,0.01864524930715561,-0.007279634475708008,0.9927296042442322,-0.008522272109985352,0.019863136112689972,-0.06250950694084167,0.9926568865776062,-0.10722726583480835,0.10588548332452774,0.014011666178703308,0.9956226944923401,-0.015557050704956055,0.10593030601739883,-0.4084242582321167,0.998451292514801,-0.10218825936317444,0.2538149580359459,0.038342610001564026,0.36204227805137634,-0.005950957536697388,0.2613867446780205,-0.45851412415504456,0.87776780128479,-0.07653391361236572,0.3441707119345665,-0.031118497252464294,0.4438149034976959,-0.00950545072555542,0.3611864671111107,-0.4404104948043823,0.8374569416046143,-0.06521633267402649,0.3675209507346153,-0.03309491276741028,0.430542528629303,-0.00712430477142334,0.39237313717603683,-0.4650407135486603,0.7956181168556213,-0.059672534465789795,0.36339034885168076,-0.059728093445301056,0.43272504210472107,-0.007597804069519043,0.3911723420023918,-0.43753647804260254,0.7832018733024597,-0.06099390983581543,0.35491757839918137,-0.04872556030750275,0.4348366856575012,-0.007650524377822876,0.38019924610853195,-0.42199280858039856,0.7463152408599854,-0.08791011571884155,0.36823391169309616,-0.035403989255428314,0.9977573156356812,-0.029233992099761963,0.3715605363249779,-0.25625570118427277,0.9976189136505127,-0.09083226323127747,0.46501635760068893,0.015013128519058228,0.3964177668094635,0.024400562047958374,0.5399497672915459,-0.24116341024637222,0.717972457408905,-0.08960166573524475,0.560592882335186,0.005464658141136169,0.4747343063354492,0.010558336973190308,0.7134032174944878,-0.2652409002184868,0.7094208002090454,-0.0943077802658081,0.5703382417559624,0.0014375150203704834,0.5781710743904114,0.0012909471988677979,0.7323836013674736,-0.2702935114502907,0.6721675395965576,-0.07741552591323853,0.5979415699839592,-0.05476417392492294,0.5649800896644592,0.031490057706832886,0.7858295366168022,-0.36362260580062866,0.7197128534317017,DEADLIFT
0.0,0.0,0.0,0.9900467395782471,-0.009294599294662476,-0.019948258996009827,-0.017726972699165344,0.9900650978088379,-0.010542958974838257,-0.020144127309322357,-0.017849847674369812,0.9879346489906311,-0.01128000020980835,-0.020174741744995117,-0.017924413084983826,0.9897478222846985,-0.009092539548873901,-0.018864087760448456,-0.057929784059524536,0.9896497130393982,-0.010694354772567749,-0.01820676028728485,-0.05797038972377777,0.9883403778076172,-0.012421727180480957,-0.017242521047592163,-0.05824899673461914,0.9901850819587708,-0.032495856285095215,-0.00994931161403656,-0.09012140333652496,0.9877002239227295,-0.035240381956100464,-0.005722075700759888,-0.26887110620737076,0.9902162551879883,-0.008164554834365845,0.01867964118719101,-0.015842273831367493,0.9916877150535583,-0.008356094360351562,0.019567064940929413,-0.06724117696285248,0.9916263818740845,-0.10864895582199097,0.10388540476560593,-0.04714028537273407,0.9953951835632324,-0.016309142112731934,0.10483705252408981,-0.43997569382190704,0.9984087944030762,-0.10100415349006653,0.2657231464982033,-0.07595089077949524,0.3327772915363312,-0.01537206768989563,0.2695697918534279,-0.4844498485326767,0.8467919826507568,-0.07734829187393188,0.34587276726961136,-0.19001685734838247,0.4074414372444153,-0.02386525273323059,0.35805220156908035,-0.4867882877588272,0.814338207244873,-0.0719543993473053,0.3680320456624031,-0.20498655270785093,0.39730599522590637,-0.027383893728256226,0.38613948971033096,-0.5114300101995468,0.7734106183052063,-0.06635358929634094,0.36441392451524734,-0.2265215814113617,0.39914560317993164,-0.026392459869384766,0.3797091320157051,-0.4893721789121628,0.7598790526390076,-0.06628724932670593,0.35510344058275223,-0.2052809875458479,0.4005827307701111,-0.02887842059135437,0.37001345306634903,-0.47216223180294037,0.7175559997558594,-0.08734327554702759,0.36757949739694595,-0.09033798426389694,0.9972459673881531,-0.02928099036216736,0.3670279458165169,-0.30274705588817596,0.9971758127212524,-0.04900616407394409,0.47249747067689896,-0.09187902510166168,0.3693736493587494,0.030882805585861206,0.5199244096875191,-0.30089136958122253,0.6815598011016846,-0.05372798442840576,0.6217144206166267,-0.039219439029693604,0.44642823934555054,0.007963627576828003,0.6940642073750496,-0.2648719474673271,0.6888513565063477,-0.05898702144622803,0.6412950828671455,-0.03870578110218048,0.5677205920219421,-0.007077664136886597,0.7199688032269478,-0.27071910351514816,0.6670811176300049,-0.029328346252441406,0.6590338423848152,-0.12289369851350784,0.5251712799072266,0.04504850506782532,0.7458368018269539,-0.40120162069797516,0.6853945255279541,DEADLIFT
0.0,0.0,0.0,0.9909976720809937,0.0133514404296875,-0.014249563217163086,0.03270980715751648,0.9910109043121338,0.013043522834777832,-0.015258967876434326,0.03264822065830231,0.9891080260276794,0.012408316135406494,-0.01632094383239746,0.03258088231086731,0.9907392859458923,0.011867880821228027,-0.017120361328125,-0.024720221757888794,0.9906306862831116,0.010477006435394287,-0.020210742950439453,-0.024792850017547607,0.9894669055938721,0.008640885353088379,-0.023628056049346924,-0.024988971650600433,0.9911181330680847,-0.004679501056671143,-0.035563111305236816,0.16886159777641296,0.988867461681366,-0.009778797626495361,-0.04581528902053833,-0.08959268406033516,0.9911231398582458,-0.017361462116241455,0.0019992589950561523,0.05289451777935028,0.9923648834228516,-0.01820319890975952,-0.001849532127380371,-0.02272605150938034,0.992310106754303,-0.10244601964950562,-0.024929285049438477,0.29852351546287537,0.9957782626152039,-0.0696675181388855,-0.06149399280548096,-0.27409127354621887,0.998528778553009,-0.14832639694213867,0.10218620300292969,0.3392910063266754,0.34331831336021423,-0.088748037815094,0.09526771306991577,-0.4206888675689697,0.8600596189498901,-0.16050595045089722,0.23491430282592773,0.2973977327346802,0.4333263635635376,-0.08874714374542236,0.23009181022644043,-0.36548641324043274,0.832139253616333,-0.14282119274139404,0.25414198637008667,0.3219059407711029,0.4145488739013672,-0.08619475364685059,0.26667875051498413,-0.41471347212791443,0.7946754097938538,-0.14345550537109375,0.25910383462905884,0.2699548602104187,0.4150106608867645,-0.08329153060913086,0.27314186096191406,-0.37062300741672516,0.7821082472801208,-0.15156340599060059,0.2532529830932617,0.2740110754966736,0.4175346791744232,-0.08562791347503662,0.26372694969177246,-0.34877246618270874,0.7433112263679504,-0.3137134313583374,-0.07459545135498047,0.05737975239753723,0.9974980354309082,-0.29451414942741394,-0.08357834815979004,-0.33259153366088867,0.9974284172058105,-0.2478211522102356,0.12591427564620972,-0.010919660329818726,0.34618619084358215,-0.19917118549346924,0.09792256355285645,-0.33478717505931854,0.7075995206832886,-0.2314102053642273,0.2981523871421814,-0.005410060286521912,0.44359374046325684,-0.18947014212608337,0.3097587823867798,-0.31914007663726807,0.7165585160255432,-0.24830660223960876,0.32757049798965454,-0.00654582679271698,0.5795558094978333,-0.21495160460472107,0.34530675411224365,-0.3214719742536545,0.6972238421440125,-0.16031581163406372,0.33388751745224,-0.1234600879251957,0.5222052931785583,-0.10266661643981934,0.35052424669265747,-0.4506014883518219,0.7133375406265259,DEADLIFT
0.0,0.0,0.0,0.9918938279151917,0.009022772312164307,-0.020960599184036255,0.02886110544204712,0.9918996691703796,0.009239792823791504,-0.020937055349349976,0.02885335683822632,0.9901800751686096,0.00967031717300415,-0.020927250385284424,0.02867788076400757,0.9916595220565796,0.004701733589172363,-0.02605918049812317,-0.017608463764190674,0.9915645122528076,0.0005471110343933105,-0.03005295991897583,-0.01763737201690674,0.9905162453651428,-0.005147337913513184,-0.034803569316864014,-0.017678916454315186,0.9920040369033813,-0.003894209861755371,-0.03325796127319336,0.23906362056732178,0.9899653792381287,-0.03797042369842529,-0.054295629262924194,0.025106728076934814,0.9920040965080261,-0.011082828044891357,0.014255225658416748,0.0853654146194458,0.9931154251098633,-0.019253909587860107,0.0057173073291778564,0.022529900074005127,0.9930728077888489,-0.06369978189468384,0.04824477434158325,0.511963963508606,0.99610435962677,-0.15236622095108032,0.04882723093032837,0.04257094860076904,0.9986706376075745,-0.06976169347763062,0.1746673882007599,0.670685663819313,0.3402504026889801,-0.1828998327255249,0.21063849329948425,-0.026840806007385254,0.8738059401512146,-0.08322274684906006,0.28809645771980286,0.689515009522438,0.44997358322143555,-0.17338275909423828,0.36187830567359924,-0.06765764951705933,0.8487280607223511,-0.055090487003326416,0.30176636576652527,0.6858301907777786,0.43191811442375183,-0.14283472299575806,0.3839655816555023,-0.16809505224227905,0.8147255182266235,-0.06296157836914062,0.3075980246067047,0.620797649025917,0.4316729009151459,-0.13175344467163086,0.38306912779808044,-0.13732951879501343,0.8033304214477539,-0.07746118307113647,0.30627307295799255,0.6626231223344803,0.4330959618091583,-0.1436346173286438,0.3763253390789032,-0.06145620346069336,0.767776608467102,-0.33419764041900635,0.061024606227874756,0.9845582246780396,0.9977010488510132,-0.3694206476211548,0.061844468116760254,0.6761657148599625,0.9976633191108704,-0.5097522735595703,0.13735303282737732,1.153501033782959,0.32307106256484985,-0.5375269651412964,0.1637539565563202,0.9205895215272903,0.7292087078094482,-0.6739064306020737,0.19930997490882874,1.4525256156921387,0.4156326651573181,-0.706842452287674,0.20053032040596008,1.1749439239501953,0.7387953996658325,-0.6963079869747162,0.19439491629600525,1.4834739565849304,0.5509353280067444,-0.7379435151815414,0.19314780831336975,1.1998756527900696,0.7202693819999695,-0.6991610378026962,0.2781578004360199,1.4013599753379822,0.509860634803772,-0.720776379108429,0.2703956663608551,1.0975838899612427,0.7331895232200623,MOUNTAIN CLIMBER
0.0,0.0,0.0,0.9927042722702026,0.0129813551902771,-0.01962149143218994,0.029187262058258057,0.9927093386650085,0.01470947265625,-0.019755154848098755,0.029142379760742188,0.9911615252494812,0.016431093215942383,-0.019930988550186157,0.02893465757369995,0.9924933910369873,0.0034556984901428223,-0.024533480405807495,-0.027019023895263672,0.9924079179763794,-0.0017746686935424805,-0.028334379196166992,-0.027102351188659668,0.9914644360542297,-0.007997274398803711,-0.032964080572128296,-0.027116477489471436,0.9928035140037537,-0.0010710954666137695,-0.031879574060440063,0.2283216118812561,0.9909681677818298,-0.03894728422164917,-0.05351442098617554,-0.02628844976425171,0.9928033351898193,-0.014421164989471436,0.012096107006072998,0.0827791690826416,0.9938030242919922,-0.024746358394622803,0.004803776741027832,0.008340954780578613,0.9937649965286255,-0.06451702117919922,0.04271087050437927,0.49764779210090637,0.9964697360992432,-0.170576274394989,0.029440641403198242,-0.05914437770843506,0.9988007545471191,-0.05763387680053711,0.18026480078697205,0.6078378558158875,0.3701424300670624,-0.19778841733932495,0.20575246214866638,-0.15046340227127075,0.8861797451972961,-0.03347158432006836,0.31423500180244446,0.4983351528644562,0.4897487759590149,-0.1762681007385254,0.35753104090690613,-0.1999174952507019,0.8636538982391357,0.0010499954223632812,0.33117714524269104,0.46016156673431396,0.47121649980545044,-0.14717841148376465,0.384339839220047,-0.3202665448188782,0.8327428102493286,-0.004272043704986572,0.3360684812068939,0.38506078720092773,0.4716165065765381,-0.12860846519470215,0.37852218747138977,-0.2942892909049988,0.822399377822876,-0.023669838905334473,0.3305864632129669,0.45956605672836304,0.47169944643974304,-0.13732171058654785,0.36807981133461,-0.1979352831840515,0.7896261811256409,-0.3533848524093628,0.07263866066932678,0.9754380583763123,0.9978812336921692,-0.40251675248146057,0.06947875022888184,0.6421849578619003,0.9978815317153931,-0.5493360459804535,0.18268516659736633,1.3243554830551147,0.3405604660511017,-0.6009355187416077,0.16081658005714417,0.9249321669340134,0.7550803422927856,-0.6939819753170013,0.19192561507225037,1.7516616582870483,0.4305344223976135,-0.7707398161292076,0.20202741026878357,1.2156504094600677,0.7638035416603088,-0.7244972437620163,0.1907653510570526,1.7941354513168335,0.554134726524353,-0.8082243949174881,0.19278749823570251,1.2410072982311249,0.7453508973121643,-0.7034700214862823,0.285412460565567,1.7163679003715515,0.5384217500686646,-0.7684440240263939,0.2947182357311249,1.1084100604057312,0.7581608295440674,MOUNTAIN CLIMBER
0.0,0.0,0.0,0.99343341588974,0.013879776000976562,-0.01976412534713745,0.0294458270072937,0.9934374094009399,0.014830827713012695,-0.020513266324996948,0.029400348663330078,0.9920440316200256,0.015508055686950684,-0.021254897117614746,0.029139220714569092,0.9932434558868408,0.005696654319763184,-0.023346513509750366,-0.042350828647613525,0.9931666254997253,0.00040608644485473633,-0.026816099882125854,-0.042410194873809814,0.9923173785209656,-0.006365537643432617,-0.03103172779083252,-0.04244506359100342,0.9935227036476135,-0.006769120693206787,-0.03496205806732178,0.2358626127243042,0.9918699264526367,-0.041797757148742676,-0.05117827653884888,-0.09063231945037842,0.9935217499732971,-0.018323659896850586,0.010907232761383057,0.08845710754394531,0.9944210052490234,-0.028330206871032715,0.004687070846557617,-0.006890475749969482,0.9943872690200806,-0.0671929121017456,0.028277665376663208,0.5110380947589874,0.9967825412750244,-0.17430299520492554,0.004929244518280029,-0.1237335205078125,0.9989095330238342,-0.05875498056411743,0.1681176722049713,0.6591959446668625,0.41086485981941223,-0.20296025276184082,0.19114652276039124,-0.22222524881362915,0.8973933458328247,-0.0276033878326416,0.3079296052455902,0.5230995118618011,0.5324035882949829,-0.18032008409500122,0.3485763370990753,-0.28157752752304077,0.8771572113037109,0.005632221698760986,0.32419833540916443,0.48720216751098633,0.5128282904624939,-0.15136665105819702,0.37469515204429626,-0.4054250121116638,0.8491391539573669,0.004628419876098633,0.32783743739128113,0.4010717570781708,0.5139544010162354,-0.13534092903137207,0.3708517849445343,-0.37950295209884644,0.8397895693778992,-0.013613104820251465,0.32339808344841003,0.48044732213020325,0.5138897895812988,-0.14150846004486084,0.36239758133888245,-0.2786659598350525,0.8096694946289062,-0.35758501291275024,0.08829900622367859,0.958359569311142,0.9979910850524902,-0.4045896828174591,0.062122464179992676,0.6146758645772934,0.9979814291000366,-0.44625839591026306,0.21200600266456604,1.0959317982196808,0.3861299753189087,-0.5987338125705719,0.15536925196647644,0.8847460821270943,0.7760721445083618,-0.6352852433919907,0.20894351601600647,1.3373754620552063,0.4586552381515503,-0.7762619629502296,0.19886747002601624,1.250971496105194,0.7841100096702576,-0.6676994115114212,0.18842676281929016,1.3722736239433289,0.576788067817688,-0.8154929950833321,0.19009694457054138,1.2826912701129913,0.7620855569839478,-0.6636272817850113,0.2829209268093109,1.2719841003417969,0.5729731917381287,-0.764463298022747,0.2930702865123749,1.1308091878890991,0.7769832015037537,MOUNTAIN CLIMBER
0.0,0.0,0.0,0.9940892457962036,0.017743349075317383,-0.021816790103912354,0.03615456819534302,0.9940919876098633,0.02009671926498413,-0.02205297350883484,0.0360642671585083,0.9928371906280518,0.022292256355285645,-0.022471487522125244,0.035713791847229004,0.9939179420471191,0.007336437702178955,-0.027459025382995605,-0.02557384967803955,0.9938490390777588,0.0013875961303710938,-0.031489551067352295,-0.025661468505859375,0.9930842518806458,-0.005503952503204346,-0.03597182035446167,-0.025655925273895264,0.994169294834137,0.004738271236419678,-0.03799450397491455,0.2635524272918701,0.9926803112030029,-0.03786712884902954,-0.05781581997871399,-0.014849722385406494,0.9941663146018982,-0.016048789024353027,0.012215644121170044,0.09367537498474121,0.9949771165847778,-0.02765369415283203,0.0007333457469940186,0.012278735637664795,0.9949466586112976,-0.05222618579864502,0.023963332176208496,0.524653822183609,0.9970748424530029,-0.16740089654922485,-0.010551035404205322,-0.027953684329986572,0.9989820718765259,-0.04902303218841553,0.16153085231781006,0.6484539657831192,0.4608745276927948,-0.20509552955627441,0.1671133041381836,-0.15643543004989624,0.9075514674186707,-0.01639699935913086,0.30661875009536743,0.49573975801467896,0.573980987071991,-0.15787076950073242,0.33096349239349365,-0.23302334547042847,0.8892291784286499,0.01852363348007202,0.3220105767250061,0.44902458786964417,0.552464485168457,-0.13694101572036743,0.36195629835128784,-0.3448966145515442,0.8635942339897156,0.018338024616241455,0.32583189010620117,0.3747401535511017,0.5540794730186462,-0.1176384687423706,0.3565768599510193,-0.3261675238609314,0.8551151752471924,2.759695053100586e-05,0.32207441329956055,0.4569730758666992,0.5536608099937439,-0.11808037757873535,0.3459393382072449,-0.23153144121170044,0.8269217014312744,-0.334083616733551,0.09364360570907593,0.9930807650089264,0.9981552958488464,-0.388282835483551,0.05769789218902588,0.7089979946613312,0.9980531930923462,-0.35383450984954834,0.2281336784362793,0.6084101349115372,0.4428185820579529,-0.5813731849193573,0.15024930238723755,0.9362238645553589,0.7920951843261719,-0.5859271585941315,0.22212839126586914,0.9604223519563675,0.5013369917869568,-0.764766700565815,0.19393903017044067,1.371230661869049,0.8007177710533142,-0.6319098621606827,0.20836949348449707,0.9957880228757858,0.6082591414451599,-0.7996705621480942,0.19046807289123535,1.4064722061157227,0.7662593722343445,-0.6453557163476944,0.282447874546051,0.8192847035825253,0.6108468770980835,-0.7687683328986168,0.2695331573486328,1.2039273977279663,0.7920037508010864,MOUNTAIN CLIMBER
0.0,0.0,0.0,0.994676947593689,0.018050432205200195,-0.01793089509010315,0.03793323040008545,0.9946753978729248,0.020658910274505615,-0.0179537832736969,0.03780555725097656,0.9935427308082581,0.02316415309906006,-0.018122434616088867,0.03746044635772705,0.9945203065872192,0.007078111171722412,-0.024205952882766724,-0.02004784345626831,0.9944593906402588,0.0009946823120117188,-0.028912216424942017,-0.02013707160949707,0.9937689304351807,-0.006344735622406006,-0.03454098105430603,-0.020166754722595215,0.9947466254234314,0.006411910057067871,-0.03483644127845764,0.2793741822242737,0.9933949708938599,-0.037729859352111816,-0.05816039443016052,0.017931759357452393,0.9947256445884705,-0.014711618423461914,0.01113438606262207,0.09890782833099365,0.9954696297645569,-0.028641223907470703,0.0008936226367950439,0.022366881370544434,0.9954391121864319,-0.05154675245285034,0.018933653831481934,0.5630129277706146,0.9972957372665405,-0.15517741441726685,-0.01192474365234375,0.01878070831298828,0.9989227056503296,-0.0475955605506897,0.14954915642738342,0.7003462612628937,0.49863240122795105,-0.17526721954345703,0.18256190419197083,-0.10143911838531494,0.9166308641433716,-0.012975931167602539,0.2977466881275177,0.5537481009960175,0.6080851554870605,-0.11951005458831787,0.33439216017723083,-0.1614288091659546,0.9000512957572937,0.0215989351272583,0.3131950795650482,0.5169752240180969,0.5843632817268372,-0.09937721490859985,0.3619380295276642,-0.2630482316017151,0.8765405416488647,0.020694434642791748,0.3168628513813019,0.43958407640457153,0.5865762829780579,-0.06649255752563477,0.36151018738746643,-0.24563056230545044,0.8688482642173767,0.005058884620666504,0.3137616217136383,0.5150193870067596,0.5861169695854187,-0.07179850339889526,0.34200260043144226,-0.15944892168045044,0.8423020839691162,-0.3279035687446594,0.09687873721122742,0.9486694931983948,0.9983068108558655,-0.3812209367752075,0.05249887704849243,0.6929014474153519,0.9980274438858032,-0.33237797021865845,0.2272680699825287,0.3059394955635071,0.4959765374660492,-0.5670713186264038,0.1554562747478485,0.8321210211142898,0.8050635457038879,-0.5634258389472961,0.22209754586219788,0.6360307335853577,0.5437664985656738,-0.7581009864807129,0.19747468829154968,1.2529898583889008,0.816097617149353,-0.593397855758667,0.20301786065101624,0.6683731824159622,0.6397430896759033,-0.7860253229737282,0.19082924723625183,1.286938339471817,0.7696772813796997,-0.6442056447267532,0.27910980582237244,0.4767772853374481,0.6466400027275085,-0.7632830739021301,0.2635745704174042,1.0757039189338684,0.806441068649292,MOUNTAIN CLIMBER
0.0,0.0,0.0,0.9952086210250854,0.015678584575653076,-0.017593204975128174,0.04094123840332031,0.9952065944671631,0.018314838409423828,-0.01710277795791626,0.040821611881256104,0.994186520576477,0.020757436752319336,-0.016633719205856323,0.04048788547515869,0.995067298412323,0.003725588321685791,-0.0250682532787323,-0.014677047729492188,0.995012640953064,-0.0033081769943237305,-0.030586034059524536,-0.014773130416870117,0.9943907260894775,-0.01233053207397461,-0.0376778244972229,-0.01478278636932373,0.995270848274231,0.0037420988082885742,-0.028170228004455566,0.2912507653236389,0.9940528273582458,-0.04485994577407837,-0.05923593044281006,0.04164797067642212,0.995248556137085,-0.013219773769378662,0.012144476175308228,0.10084372758865356,0.9959211349487305,-0.028597593307495117,0.002315998077392578,0.027828335762023926,0.9958928823471069,-0.05873525142669678,0.029841631650924683,0.5712136626243591,0.9975420832633972,-0.16184931993484497,-0.007689416408538818,0.041505396366119385,0.998947024345398,-0.055349647998809814,0.16746151447296143,0.680481418967247,0.5407611727714539,-0.19515353441238403,0.17897897958755493,-0.08436810970306396,0.9247027635574341,-0.02034580707550049,0.309928834438324,0.5088555812835693,0.6427311897277832,-0.14791405200958252,0.3414852023124695,-0.17830944061279297,0.9096201658248901,0.01610201597213745,0.3246409296989441,0.4627019762992859,0.6175341606140137,-0.12922370433807373,0.3711933493614197,-0.28703773021698,0.8877763152122498,0.018015027046203613,0.3267260789871216,0.3846435248851776,0.62013179063797,-0.11459410190582275,0.36916667222976685,-0.2759312391281128,0.8807470798492432,-0.0013453364372253418,0.3243619203567505,0.4689636826515198,0.6195130348205566,-0.11410433053970337,0.3578134775161743,-0.18009281158447266,0.8551181554794312,-0.3364444375038147,0.10331082344055176,0.9934769794344902,0.99845290184021,-0.3864724040031433,0.05523258447647095,0.7489233240485191,0.9980913400650024,-0.3378280997276306,0.2284327745437622,0.3985214829444885,0.5431642532348633,-0.5794400274753571,0.15271663665771484,0.8947701063007116,0.8188704252243042,-0.5608778595924377,0.22888314723968506,0.719938799738884,0.5811171531677246,-0.769762858748436,0.20104998350143433,1.3197738528251648,0.8310810923576355,-0.603024423122406,0.21866238117218018,0.750582180917263,0.6678515672683716,-0.8062387108802795,0.1982099413871765,1.351475328207016,0.7757403254508972,-0.6339331567287445,0.2852291464805603,0.5569816827774048,0.6786442995071411,-0.7704320475459099,0.2758049964904785,1.1320495903491974,0.8205623626708984,MOUNTAIN CLIMBER
0.0,0.0,0.0,0.9956872463226318,0.015762388706207275,-0.01591700315475464,0.042282938957214355,0.9956849217414856,0.018337249755859375,-0.01528167724609375,0.04216039180755615,0.9947662353515625,0.020859837532043457,-0.014727532863616943,0.041812241077423096,0.9955597519874573,0.004199624061584473,-0.02389669418334961,-0.01004856824874878,0.9955106973648071,-0.0022814273834228516,-0.029660582542419434,-0.01014930009841919,0.994950532913208,-0.010725259780883789,-0.03677022457122803,-0.010153591632843018,0.9957428574562073,0.005857527256011963,-0.02588951587677002,0.30520421266555786,0.9946451187133789,-0.04160040616989136,-0.05848154425621033,0.07069259881973267,0.9957197308540344,-0.012606382369995117,0.011685162782669067,0.1058538556098938,0.996327817440033,-0.028097450733184814,0.0016672313213348389,0.037164926528930664,0.9963017702102661,-0.05343860387802124,0.02949291467666626,0.5974430441856384,0.9977725148200989,-0.15691912174224854,-0.006186246871948242,0.08122909069061279,0.9989889860153198,-0.05045115947723389,0.16859328746795654,0.7012703269720078,0.5811929106712341,-0.19101816415786743,0.17809456586837769,-0.04627394676208496,0.932023823261261,-0.01640903949737549,0.31118667125701904,0.5150106251239777,0.6751193404197693,-0.14442336559295654,0.3407662510871887,-0.15307027101516724,0.9183369874954224,0.019056260585784912,0.32487380504608154,0.46261534094810486,0.6492727994918823,-0.1276877522468567,0.369875967502594,-0.2642260193824768,0.898108720779419,0.019578635692596436,0.32632315158843994,0.383927583694458,0.6520868539810181,-0.11537444591522217,0.3670509457588196,-0.2553868889808655,0.8916966915130615,0.001384735107421875,0.3241366744041443,0.4744221270084381,0.6512420177459717,-0.11189508438110352,0.35743165016174316,-0.15599960088729858,0.8671871423721313,-0.3259667158126831,0.10551491379737854,1.0404238849878311,0.9985840320587158,-0.37559449672698975,0.05537709593772888,0.8022487163543701,0.9981366395950317,-0.3332780599594116,0.22637224197387695,0.4127691388130188,0.584986686706543,-0.5731407999992371,0.15384429693222046,0.9232664332957938,0.8300409317016602,-0.5528072118759155,0.2345191240310669,0.7532062977552414,0.612441897392273,-0.7659573331475258,0.20111382007598877,1.3495330214500427,0.8438138365745544,-0.5946580469608307,0.23119521141052246,0.7854253649711609,0.6907849907875061,-0.8022197410464287,0.1988399624824524,1.3817250430583954,0.7789003252983093,-0.6263376474380493,0.2891203761100769,0.5867869853973389,0.7064661383628845,-0.7648433595895767,0.2747286558151245,1.1551852971315384,0.8321257829666138,MOUNTAIN CLIMBER
0.0,0.0,0.0,0.9961172342300415,0.014585435390472412,-0.01699298620223999,0.04004836082458496,0.9961137175559998,0.01669478416442871,-0.016817539930343628,0.03994935750961304,0.9952860474586487,0.01874983310699463,-0.016720980405807495,0.03962242603302002,0.9960019588470459,0.004007816314697266,-0.023860394954681396,-0.020956456661224365,0.9959576725959778,-0.00221174955368042,-0.029091358184814453,-0.021080851554870605,0.9954525232315063,-0.010397791862487793,-0.035500675439834595,-0.021107494831085205,0.996165931224823,0.00018447637557983398,-0.030236512422561646,0.285564661026001,0.9951766133308411,-0.04562300443649292,-0.05782756209373474,0.0113600492477417,0.9961369633674622,-0.014277219772338867,0.01155880093574524,0.09942227602005005,0.9966926574707031,-0.029286682605743408,0.0023080408573150635,0.019204258918762207,0.996667742729187,-0.0603671669960022,0.0321769118309021,0.5485845506191254,0.9979721903800964,-0.16372495889663696,-0.012222707271575928,0.017453670501708984,0.9989618062973022,-0.06034970283508301,0.17478671669960022,0.6326740682125092,0.6177459359169006,-0.2019093632698059,0.17310938239097595,-0.1126934289932251,0.9385685324668884,-0.022230207920074463,0.31508466601371765,0.44400718808174133,0.7041915059089661,-0.15362006425857544,0.3431144058704376,-0.20531928539276123,0.9260743260383606,0.011233091354370117,0.3309256136417389,0.39320239424705505,0.6777032613754272,-0.13479679822921753,0.37358465790748596,-0.3177645206451416,0.9071948528289795,0.012909352779388428,0.3326403796672821,0.3124374747276306,0.6807476282119751,-0.1220586895942688,0.3713502585887909,-0.3036993741989136,0.9013110995292664,-0.0030451416969299316,0.329277366399765,0.40285974740982056,0.6796821355819702,-0.12097609043121338,0.36135968565940857,-0.20589804649353027,0.8774259686470032,-0.32978302240371704,0.112751305103302,1.0101022198796272,0.998699426651001,-0.38507869839668274,0.054161250591278076,0.7731776759028435,0.9981476664543152,-0.3347328305244446,0.22766175866127014,0.3837062120437622,0.6242193579673767,-0.577134370803833,0.15193495154380798,0.9024423696100712,0.8415114283561707,-0.5544096529483795,0.2340380847454071,0.7544984221458435,0.6442280411720276,-0.7592052146792412,0.20148852467536926,1.3976582884788513,0.8553572297096252,-0.5936221480369568,0.2245437204837799,0.7891558334231377,0.7130723595619202,-0.7809774205088615,0.19974687695503235,1.4356310963630676,0.7789652347564697,-0.6349281519651413,0.28705307841300964,0.5789211392402649,0.7327921986579895,-0.7693326771259308,0.2610340416431427,1.2026907205581665,0.8424319624900818,MOUNTAIN CLIMBER
0.0,0.0,0.0,0.9965031743049622,0.013411760330200195,-0.018077552318572998,0.03856456279754639,0.9964971542358398,0.014771640300750732,-0.01867029070854187,0.03847503662109375,0.9957509636878967,0.01609891653060913,-0.019386857748031616,0.038182079792022705,0.9963984489440918,0.005562424659729004,-0.02299630641937256,-0.030029892921447754,0.9963582754135132,0.0006425380706787109,-0.027446746826171875,-0.03013443946838379,0.9959017038345337,-0.005536675453186035,-0.03257626295089722,-0.030167818069458008,0.9965441226959229,-0.005628764629364014,-0.03680238127708435,0.27093297243118286,0.9956513047218323,-0.04366844892501831,-0.05796274542808533,-0.0391010046005249,0.9965001344680786,-0.015593767166137695,0.010172218084335327,0.0945889949798584,0.9970179796218872,-0.027598023414611816,0.0020344555377960205,0.00431746244430542,0.9969924092292786,-0.0672980546951294,0.027620971202850342,0.5186300575733185,0.9981377124786377,-0.16865259408950806,-0.015433013439178467,-0.03685373067855835,0.9988341331481934,-0.06269925832748413,0.1708713173866272,0.5964642018079758,0.6492003798484802,-0.20980703830718994,0.16615116596221924,-0.17234033346176147,0.9442882537841797,-0.02255326509475708,0.3144349455833435,0.39393219351768494,0.730193018913269,-0.16182279586791992,0.34057551622390747,-0.2642548680305481,0.9328017830848694,0.011066734790802002,0.33020204305648804,0.34164753556251526,0.7031359672546387,-0.14458340406417847,0.3699878454208374,-0.3757653832435608,0.9149613976478577,0.012243270874023438,0.33178436756134033,0.26027578115463257,0.7065582275390625,-0.12873053550720215,0.3686111569404602,-0.3629152178764343,0.9095120429992676,-0.0035856962203979492,0.3284086585044861,0.35135841369628906,0.7053186297416687,-0.1284642219543457,0.358919620513916,-0.26480287313461304,0.885558545589447,-0.33532512187957764,0.11121168732643127,0.952185608446598,0.9987775683403015,-0.3908892571926117,0.05728772282600403,0.7084754928946495,0.9979793429374695,-0.33652013540267944,0.22504442930221558,0.3644879162311554,0.6561159491539001,-0.577603816986084,0.14778649806976318,0.8627972453832626,0.8466305732727051,-0.5633401274681091,0.22973132133483887,0.6761331260204315,0.6650885939598083,-0.7570414617657661,0.20131659507751465,1.3238591253757477,0.8595906496047974,-0.6055462062358856,0.2163604497909546,0.7049927115440369,0.7270559072494507,-0.7864218503236771,0.19302845001220703,1.3572397828102112,0.7700817584991455,-0.6389938443899155,0.2766835689544678,0.4930769205093384,0.7534374594688416,-0.7788965255022049,0.2601730227470398,1.1277004480361938,0.8430920243263245,MOUNTAIN CLIMBER
0.0,0.0,0.0,0.9968510270118713,0.01353996992111206,-0.019703030586242676,0.037390708923339844,0.996843695640564,0.014931201934814453,-0.020618170499801636,0.037301599979400635,0.9961708188056946,0.016270160675048828,-0.02163296937942505,0.03700113296508789,0.9967562556266785,0.005626499652862549,-0.024049103260040283,-0.0343436598777771,0.9967198967933655,0.0007204413414001465,-0.02831396460533142,-0.034457504749298096,0.9963075518608093,-0.0054482221603393555,-0.03317093849182129,-0.0344964861869812,0.9968863129615784,-0.0060523152351379395,-0.03991079330444336,0.2654937505722046,0.9960804581642151,-0.04416531324386597,-0.05890226364135742,-0.05775868892669678,0.996834933757782,-0.014880895614624023,0.00986894965171814,0.09433943033218384,0.9973117709159851,-0.026409804821014404,0.0018795132637023926,0.0003025531768798828,0.9972864389419556,-0.06794100999832153,0.028253823518753052,0.5086122751235962,0.9982953071594238,-0.1715736985206604,-0.013048648834228516,-0.054396748542785645,0.9987862706184387,-0.05931425094604492,0.16906267404556274,0.5787164568901062,0.6778743863105774,-0.20903080701828003,0.17071211338043213,-0.18571966886520386,0.949483335018158,-0.020704925060272217,0.3154163956642151,0.3634956181049347,0.7543002367019653,-0.16026461124420166,0.3405754566192627,-0.2808454632759094,0.9390791058540344,0.016540706157684326,0.32954663038253784,0.30618470907211304,0.7275282144546509,-0.14211821556091309,0.3701574206352234,-0.39963120222091675,0.9224262833595276,0.01678144931793213,0.3316102623939514,0.22597628831863403,0.7312069535255432,-0.12811380624771118,0.3684462904930115,-0.3839917778968811,0.9174211025238037,-0.0020818114280700684,0.32924866676330566,0.321191668510437,0.7296303510665894,-0.12704592943191528,0.35868239402770996,-0.2807219624519348,0.8940192461013794,-0.3422653079032898,0.11114251613616943,0.9681885167956352,0.9988450407981873,-0.3928389549255371,0.059369415044784546,0.7207580655813217,0.9978514313697815,-0.35312938690185547,0.21210986375808716,0.4861433506011963,0.6772050261497498,-0.5778408944606781,0.15481144189834595,0.9358185976743698,0.8454229235649109,-0.5987412929534912,0.23222565650939941,0.7854976505041122,0.6708306670188904,-0.7556719928979874,0.2004854679107666,1.439705491065979,0.8537397980690002,-0.6354813128709793,0.21752381324768066,0.8066325262188911,0.7259624004364014,-0.7970321998000145,0.19137585163116455,1.479888379573822,0.7530521750450134,-0.6554358601570129,0.28077661991119385,0.6327673643827438,0.7653602361679077,-0.77164526283741,0.2584078311920166,1.2730368971824646,0.8324988484382629,MOUNTAIN CLIMBER
0.0,0.0,0.0,0.9971641302108765,0.013498246669769287,-0.020594745874404907,0.03247028589248657,0.9971558451652527,0.014964520931243896,-0.021483123302459717,0.032346248626708984,0.9965488910675049,0.016392529010772705,-0.022421985864639282,0.032024502754211426,0.9970784783363342,0.005298435688018799,-0.025057435035705566,-0.03688591718673706,0.9970459342002869,9.042024612426758e-05,-0.02928265929222107,-0.03698152303695679,0.9966740012168884,-0.006637096405029297,-0.03419923782348633,-0.03700459003448486,0.9971954226493835,-0.005729377269744873,-0.03960132598876953,0.24318820238113403,0.9964670538902283,-0.04573553800582886,-0.05913308262825012,-0.07083839178085327,0.9971449971199036,-0.015104949474334717,0.01087188720703125,0.0887535810470581,0.9975759983062744,-0.026383399963378906,0.002784430980682373,-0.0024341344833374023,0.9975526332855225,-0.07051140069961548,0.032766878604888916,0.46886125206947327,0.9984371662139893,-0.17353945970535278,-0.011369466781616211,-0.0751340389251709,0.9987985491752625,-0.06157660484313965,0.1712588667869568,0.5589026212692261,0.7012503147125244,-0.2075481414794922,0.17431235313415527,-0.18429803848266602,0.9540663361549377,-0.021653592586517334,0.3176557421684265,0.3635251820087433,0.7748138308525085,-0.16539013385772705,0.34518539905548096,-0.2693876028060913,0.9446004033088684,0.01607358455657959,0.3314703702926636,0.3047599196434021,0.7477590441703796,-0.14615923166275024,0.37459224462509155,-0.3859677314758301,0.9288820624351501,0.01560896635055542,0.33367687463760376,0.22821182012557983,0.7518314719200134,-0.1313866376876831,0.3725927472114563,-0.37468695640563965,0.9242632389068604,-0.004522740840911865,0.33193159103393555,0.32258370518684387,0.7498608827590942,-0.13109248876571655,0.3630397915840149,-0.2708168029785156,0.9011853337287903,-0.3511931896209717,0.1135866641998291,0.9326336085796356,0.9988394975662231,-0.395690381526947,0.06409940123558044,0.6915099918842316,0.9976335763931274,-0.47833871841430664,0.2068558931350708,0.8117997978406493,0.6720113158226013,-0.5958358943462372,0.15913152694702148,1.0029899924993515,0.8363032341003418,-0.7100884020328522,0.2311539649963379,1.1395456790924072,0.6523287892341614,-0.7640064582228661,0.20465028285980225,1.4657735228538513,0.8370681405067444,-0.747236967086792,0.21880894899368286,1.1694467067718506,0.7027686834335327,-0.8040654212236404,0.19479268789291382,1.504769206047058,0.7285561561584473,-0.7293083369731903,0.28218501806259155,1.0040142983198166,0.7576600313186646,-0.776493139564991,0.2632455825805664,1.3286487460136414,0.8146586418151855,MOUNTAIN CLIMBER
0.0,0.0,0.0,0.9974461197853088,0.013740181922912598,-0.02012467384338379,0.03198486566543579,0.9974367022514343,0.015380442142486572,-0.020679712295532227,0.03189122676849365,0.9968889951705933,0.016970396041870117,-0.02126920223236084,0.031596243381500244,0.9973682761192322,0.004786133766174316,-0.025475502014160156,-0.03388714790344238,0.9973393082618713,-0.0010396242141723633,-0.030077606439590454,-0.03397953510284424,0.9970041513442993,-0.008719921112060547,-0.03578692674636841,-0.033973753452301025,0.997473955154419,-0.00450587272644043,-0.037122249603271484,0.23561090230941772,0.9968137145042419,-0.046559154987335205,-0.059320271015167236,-0.062361717224121094,0.9974256753921509,-0.015061378479003906,0.01187780499458313,0.08679097890853882,0.9978141188621521,-0.0268821120262146,0.00344887375831604,0.00033402442932128906,0.9977936744689941,-0.06986337900161743,0.03376823663711548,0.46807563304901123,0.9985682964324951,-0.1720942258834839,-0.004251748323440552,-0.0827593207359314,0.9988846182823181,-0.0587153434753418,0.17406558990478516,0.5760074108839035,0.7191275954246521,-0.202409565448761,0.1810309886932373,-0.18306618928909302,0.9581148624420166,-0.02134096622467041,0.3196946978569031,0.4024321436882019,0.7946246266365051,-0.16598546504974365,0.34979677200317383,-0.2618533968925476,0.9494627714157104,0.01681417226791382,0.334433913230896,0.35180389881134033,0.7682023048400879,-0.1445472240447998,0.37826716899871826,-0.38032084703445435,0.9346149563789368,0.016357064247131348,0.3359678387641907,0.2750212550163269,0.7721757292747498,-0.1295812726020813,0.3758851885795593,-0.3705081343650818,0.9302955865859985,-0.004038095474243164,0.33413779735565186,0.3624318242073059,0.7703523635864258,-0.129816472530365,0.36679404973983765,-0.2641558051109314,0.9078456163406372,-0.35264265537261963,0.1150607168674469,0.9038161635398865,0.9987648725509644,-0.3956657648086548,0.07813534140586853,0.6165346056222916,0.9976583123207092,-0.5425330102443695,0.189050555229187,1.2480157017707825,0.6245360970497131,-0.5993372797966003,0.1602950096130371,0.9645395427942276,0.8396193981170654,-0.7303940951824188,0.21283572912216187,1.6933201551437378,0.614004909992218,-0.7674403339624405,0.2063894271850586,1.3989832997322083,0.8417988419532776,-0.7567609921097755,0.19519054889678955,1.736886441707611,0.6655900478363037,-0.8048383742570877,0.1907547116279602,1.4371424317359924,0.7329230904579163,-0.7270470559597015,0.2827206254005432,1.6406064629554749,0.7496564984321594,-0.7729912847280502,0.2777801752090454,1.2844170331954956,0.8200787305831909,MOUNTAIN CLIMBER
0.0,0.0,0.0,0.997700572013855,0.012700140476226807,-0.020237386226654053,0.029582738876342773,0.9976908564567566,0.014138996601104736,-0.02096724510192871,0.029551386833190918,0.9971972107887268,0.015559613704681396,-0.02175426483154297,0.029349803924560547,0.9976300001144409,0.004589676856994629,-0.025046736001968384,-0.03872478008270264,0.9976041913032532,-0.0005018115043640137,-0.02917712926864624,-0.038809120655059814,0.9973024725914001,-0.0071125030517578125,-0.03415068984031677,-0.038760364055633545,0.9977255463600159,-0.005840182304382324,-0.03841391205787659,0.21485304832458496,0.9971287250518799,-0.04266446828842163,-0.05683794617652893,-0.09779870510101318,0.9976809024810791,-0.014860212802886963,0.01155853271484375,0.07906228303909302,0.998030424118042,-0.024918794631958008,0.004278212785720825,-0.01042163372039795,0.9980125427246094,-0.07183247804641724,0.033194512128829956,0.42855480313301086,0.998687207698822,-0.17183178663253784,0.0005464553833007812,-0.16565650701522827,0.9989764094352722,-0.059831321239471436,0.17316997051239014,0.5397191867232323,0.7368279099464417,-0.20043593645095825,0.18403923511505127,-0.2437610626220703,0.961950957775116,-0.024907946586608887,0.3190193772315979,0.33394595980644226,0.8126131892204285,-0.16948384046554565,0.35145264863967896,-0.32730454206466675,0.9539504647254944,0.012055039405822754,0.3345032334327698,0.2659035623073578,0.7871657609939575,-0.1480366587638855,0.37717366218566895,-0.4623441696166992,0.9399333000183105,0.011290311813354492,0.33594149351119995,0.17970269918441772,0.7910779714584351,-0.13277024030685425,0.37422627210617065,-0.4601876735687256,0.9358580112457275,-0.00753098726272583,0.3339011073112488,0.2894331216812134,0.789146900177002,-0.13293468952178955,0.3662489056587219,-0.33080559968948364,0.9141108393669128,-0.36274123191833496,0.11704134941101074,0.8089301586151123,0.9987143278121948,-0.39755746722221375,0.09175530076026917,0.47710181772708893,0.9977487325668335,-0.5554532110691071,0.18088960647583008,1.1208959817886353,0.5926650166511536,-0.6110222041606903,0.1516898274421692,0.800959125161171,0.8516610264778137,-0.7410821914672852,0.1954846978187561,1.5259239077568054,0.6002116799354553,-0.7812318205833435,0.20092469453811646,1.1856868267059326,0.8546364903450012,-0.7695010527968407,0.18274253606796265,1.5643998384475708,0.6539904475212097,-0.8170020580291748,0.18907910585403442,1.217454969882965,0.7521929144859314,-0.7400368750095367,0.2725808620452881,1.4772101044654846,0.7543278336524963,-0.7787801176309586,0.2836570143699646,1.0631885528564453,0.8333526253700256,MOUNTAIN CLIMBER
0.0,0.0,0.0,0.9979273080825806,0.012962579727172852,-0.020176082849502563,0.02763068675994873,0.9979138970375061,0.014286339282989502,-0.020924896001815796,0.02759230136871338,0.9974672794342041,0.015573620796203613,-0.02169540524482727,0.02736341953277588,0.9978621006011963,0.005113542079925537,-0.024877160787582397,-0.04982227087020874,0.9978393316268921,0.00017273426055908203,-0.028966307640075684,-0.04992181062698364,0.9975672960281372,-0.006303310394287109,-0.03379890322685242,-0.04986751079559326,0.9979490041732788,-0.006036639213562012,-0.0380881130695343,0.2182888388633728,0.9974018335342407,-0.042591214179992676,-0.05620843172073364,-0.11699408292770386,0.9979034066200256,-0.01547020673751831,0.011302262544631958,0.08252179622650146,0.998217761516571,-0.02548980712890625,0.004178792238235474,-0.01887667179107666,0.9982033967971802,-0.07125687599182129,0.03146219253540039,0.44610530138015747,0.9987896680831909,-0.1716662049293518,-0.0005205273628234863,-0.16007626056671143,0.9990485906600952,-0.058297574520111084,0.17225608229637146,0.565069168806076,0.7496474981307983,-0.2002551555633545,0.18426308035850525,-0.2548006772994995,0.9652460217475891,-0.022849977016448975,0.3188077509403229,0.349683552980423,0.8279871940612793,-0.17018675804138184,0.35171064734458923,-0.3429471254348755,0.9578644633293152,0.014146804809570312,0.33499380946159363,0.2916497588157654,0.8030943870544434,-0.14869707822799683,0.3768850266933441,-0.4737335443496704,0.9445403218269348,0.013367116451263428,0.336582750082016,0.20977848768234253,0.8070506453514099,-0.13292449712753296,0.3735828101634979,-0.4599936008453369,0.9406391978263855,-0.005879759788513184,0.33423319458961487,0.3058133125305176,0.8051291108131409,-0.13296538591384888,0.3661211431026459,-0.34454798698425293,0.9190211296081543,-0.36310529708862305,0.11674237251281738,0.8581326603889465,0.9986000061035156,-0.39823246002197266,0.09278246760368347,0.5078310668468475,0.9977321028709412,-0.5522750914096832,0.17624661326408386,1.204278290271759,0.5451183319091797,-0.6048986911773682,0.15182200074195862,0.8698238283395767,0.8559922575950623,-0.7360936552286148,0.19819816946983337,1.6632998585700989,0.5610663294792175,-0.774786189198494,0.20026704668998718,1.311359941959381,0.8612546324729919,-0.7657384052872658,0.1846313178539276,1.7084521055221558,0.6194226145744324,-0.8096465319395065,0.18798884749412537,1.3497679233551025,0.7620283365249634,-0.7322730720043182,0.27247729897499084,1.6171633005142212,0.7409182190895081,-0.767392598092556,0.28314319252967834,1.200724720954895,0.8397473692893982,MOUNTAIN CLIMBER
0.0,0.0,0.0,0.9981270432472229,0.012768685817718506,-0.020067960023880005,0.027136683464050293,0.9981051683425903,0.01397097110748291,-0.02088978886604309,0.027057170867919922,0.9976974725723267,0.015117406845092773,-0.021737515926361084,0.026777982711791992,0.9980649352073669,0.00532764196395874,-0.024468541145324707,-0.05072098970413208,0.9980459213256836,0.0005497336387634277,-0.02859601378440857,-0.05082058906555176,0.997799813747406,-0.005645334720611572,-0.03336542844772339,-0.050819575786590576,0.9981455206871033,-0.007213890552520752,-0.03869500756263733,0.21945571899414062,0.9976319670677185,-0.042819440364837646,-0.05657806992530823,-0.12278687953948975,0.9980944395065308,-0.015740036964416504,0.010887563228607178,0.0840340256690979,0.998376190662384,-0.025708138942718506,0.003796309232711792,-0.017920613288879395,0.9983667731285095,-0.070087730884552,0.027126699686050415,0.454743891954422,0.9988676905632019,-0.17155557870864868,-0.004451751708984375,-0.15989786386489868,0.9991006851196289,-0.05759119987487793,0.167738676071167,0.5753041207790375,0.7568688988685608,-0.2011595368385315,0.18113619089126587,-0.2582050561904907,0.9681469202041626,-0.02128547430038452,0.31481850147247314,0.35930073261260986,0.8404373526573181,-0.17013394832611084,0.34866559505462646,-0.3423967957496643,0.9612370133399963,0.016333818435668945,0.3315187692642212,0.30167630314826965,0.8155534267425537,-0.1491490602493286,0.37406784296035767,-0.4707452654838562,0.948403537273407,0.015693843364715576,0.33309406042099,0.2219236195087433,0.8197657465934753,-0.13365298509597778,0.37113314867019653,-0.4587933421134949,0.9446350932121277,-0.004405796527862549,0.33046233654022217,0.3156551718711853,0.8178589344024658,-0.13390475511550903,0.363552451133728,-0.3444433808326721,0.9227997064590454,-0.3635519742965698,0.11463305354118347,0.8919833898544312,0.9983881115913391,-0.3988073468208313,0.08934864401817322,0.5360206067562103,0.9975948333740234,-0.5442614555358887,0.17371374368667603,1.24454927444458,0.5013574957847595,-0.5980494320392609,0.14778739213943481,0.9105349332094193,0.8562936782836914,-0.7245709151029587,0.19434994459152222,1.7146899104118347,0.5222020149230957,-0.7697707414627075,0.19744807481765747,1.3596592545509338,0.8633022904396057,-0.7594252675771713,0.1826084852218628,1.7607764601707458,0.5835409164428711,-0.805909164249897,0.18550705909729004,1.398412823677063,0.7660018801689148,-0.7198269665241241,0.2700604200363159,1.6707386374473572,0.722435474395752,-0.7596843168139458,0.28055697679519653,1.2440378665924072,0.8419076204299927,MOUNTAIN CLIMBER
0.0,0.0,0.0,0.9983100295066833,0.012946546077728271,-0.019890040159225464,0.03082197904586792,0.9982854723930359,0.014281630516052246,-0.020596712827682495,0.03074568510055542,0.9979148507118225,0.015565276145935059,-0.021342933177947998,0.030463576316833496,0.9982523918151855,0.0050920844078063965,-0.024344027042388916,-0.04061925411224365,0.9982362389564514,8.058547973632812e-05,-0.02853354811668396,-0.040701866149902344,0.9980136752128601,-0.006263077259063721,-0.03336450457572937,-0.040688931941986084,0.9983259439468384,-0.006584584712982178,-0.037862032651901245,0.23357796669006348,0.9978500008583069,-0.04362767934799194,-0.05685964226722717,-0.08619242906570435,0.9982739090919495,-0.015330672264099121,0.010955005884170532,0.086628258228302,0.998527467250824,-0.025791287422180176,0.0035823285579681396,-0.0068166255950927734,0.9985203146934509,-0.06889182329177856,0.025295734405517578,0.47819849848747253,0.9989520311355591,-0.17223507165908813,-0.005547881126403809,-0.12389153242111206,0.9991429448127747,-0.057800889015197754,0.16573840379714966,0.6023127883672714,0.7681994438171387,-0.20390957593917847,0.17812353372573853,-0.22688215970993042,0.9708602428436279,-0.02163994312286377,0.3126416802406311,0.40059030055999756,0.853179931640625,-0.16983532905578613,0.34537452459335327,-0.3060894012451172,0.9640818238258362,0.015452444553375244,0.32941097021102905,0.34438556432724,0.8286665678024292,-0.14971965551376343,0.3715478181838989,-0.43075811862945557,0.9513332843780518,0.014962971210479736,0.33099013566970825,0.2670833170413971,0.8329346179962158,-0.13357460498809814,0.36818647384643555,-0.421291708946228,0.9476182460784912,-0.004666924476623535,0.3282957077026367,0.35825538635253906,0.8310602307319641,-0.13379991054534912,0.36025625467300415,-0.30914413928985596,0.9251736998558044,-0.36194461584091187,0.11297377943992615,0.9337499439716339,0.9983298778533936,-0.3996247351169586,0.08859908580780029,0.5765160471200943,0.9975512623786926,-0.5378482937812805,0.1640034317970276,1.290649652481079,0.46574610471725464,-0.592560350894928,0.14664292335510254,0.9483276009559631,0.8593308329582214,-0.7129775732755661,0.1891975998878479,1.76036536693573,0.4923416078090668,-0.7628412693738937,0.19262045621871948,1.3900126814842224,0.8672974109649658,-0.7523639500141144,0.18203890323638916,1.8057352304458618,0.556232750415802,-0.8009354323148727,0.1806313395500183,1.4277703166007996,0.7704647779464722,-0.7114836126565933,0.26856398582458496,1.7204771041870117,0.7093815803527832,-0.7543925493955612,0.27610182762145996,1.2712125778198242,0.8463848829269409,MOUNTAIN CLIMBER
0.0,0.0,0.0,0.9984769225120544,0.013673901557922363,-0.01954016089439392,0.034668028354644775,0.9984527230262756,0.015325009822845459,-0.019932955503463745,0.03459179401397705,0.9981170296669006,0.016895711421966553,-0.020375549793243408,0.03431421518325806,0.9984240531921387,0.004877150058746338,-0.02472361922264099,-0.029828429222106934,0.9984102249145508,-0.0003902316093444824,-0.029296517372131348,-0.02990955114364624,0.9982094168663025,-0.006775915622711182,-0.03473815321922302,-0.029886305332183838,0.9984910488128662,-0.004522383213043213,-0.035947561264038086,0.2568630576133728,0.9980536699295044,-0.04369056224822998,-0.057178109884262085,-0.03414994478225708,0.9984411001205444,-0.014769434928894043,0.011317968368530273,0.09294801950454712,0.9986684918403625,-0.026310324668884277,0.0032561421394348145,0.008662164211273193,0.9986628890037537,-0.06739509105682373,0.02644839882850647,0.5222395956516266,0.9990316033363342,-0.1712052822113037,-0.005325734615325928,-0.06259536743164062,0.9991745948791504,-0.0566864013671875,0.1671290397644043,0.657392293214798,0.778708279132843,-0.20529770851135254,0.17858046293258667,-0.16381937265396118,0.9733151793479919,-0.020183920860290527,0.31357717514038086,0.47360363602638245,0.8644689321517944,-0.1650468111038208,0.34466832876205444,-0.25158393383026123,0.9667094349861145,0.017124831676483154,0.3301404118537903,0.4186288118362427,0.8401905298233032,-0.1457797884941101,0.37092143297195435,-0.37874865531921387,0.9540295600891113,0.016606152057647705,0.3317411541938782,0.3395135998725891,0.8445727229118347,-0.13036543130874634,0.3673589825630188,-0.37081897258758545,0.9504265189170837,-0.003178238868713379,0.32905763387680054,0.43135136365890503,0.8426889181137085,-0.13068068027496338,0.35924553871154785,-0.25571227073669434,0.9276289343833923,-0.3591330051422119,0.11254677176475525,1.007327675819397,0.9983386993408203,-0.3985767066478729,0.09064468741416931,0.6568090170621872,0.9975577592849731,-0.5238807201385498,0.16675889492034912,1.3908271193504333,0.4458339214324951,-0.5712304413318634,0.14633709192276,1.0556984543800354,0.865368664264679,-0.7016406804323196,0.1821582317352295,1.8868372440338135,0.4779135584831238,-0.7365008741617203,0.18557852506637573,1.5170629620552063,0.8729079961776733,-0.741044282913208,0.16897332668304443,1.9349758625030518,0.5461705327033997,-0.7812289968132973,0.16526055335998535,1.5583572387695312,0.7789583206176758,-0.7050532549619675,0.2617325186729431,1.8542389869689941,0.7027653455734253,-0.7390442788600922,0.26856088638305664,1.412965714931488,0.8524904251098633,MOUNTAIN CLIMBER
0.0,0.0,0.0,0.9986284375190735,0.0138167142868042,-0.01819390058517456,0.03670704364776611,0.9986062049865723,0.015700876712799072,-0.017985105514526367,0.03666269779205322,0.9983029961585999,0.017538011074066162,-0.017915189266204834,0.03638714551925659,0.9985804557800293,0.005324304103851318,-0.025105386972427368,-0.016099214553833008,0.9985685348510742,-1.728534698486328e-05,-0.03039395809173584,-0.016221702098846436,0.9983876347541809,-0.008832991123199463,-0.036976128816604614,-0.016182541847229004,0.9986413717269897,-0.0016682147979736328,-0.03333979845046997,0.2722005844116211,0.9982431530952454,-0.043071746826171875,-0.05717197060585022,0.03079324960708618,0.9985955953598022,-0.01482689380645752,0.012292295694351196,0.09670841693878174,0.9987986087799072,-0.025294005870819092,0.0028036534786224365,0.027698516845703125,0.9987941980361938,-0.06714189052581787,0.029407143592834473,0.5694941878318787,0.9991022944450378,-0.1726628541946411,-0.0028034448623657227,0.005461215972900391,0.9992180466651917,-0.05656445026397705,0.16996315121650696,0.7233545929193497,0.787551999092102,-0.20420461893081665,0.1835915744304657,-0.08889192342758179,0.9755508899688721,-0.020160675048828125,0.31604519486427307,0.56636843085289,0.8749462962150574,-0.1625227928161621,0.3469836413860321,-0.1668233871459961,0.9691970348358154,0.015600979328155518,0.33253684639930725,0.521691769361496,0.8509054780006409,-0.14459794759750366,0.3733990490436554,-0.2891416549682617,0.95662921667099,0.014924764633178711,0.3342684805393219,0.4385809898376465,0.8553051352500916,-0.12829411029815674,0.36993107199668884,-0.27786481380462646,0.9532164931297302,-0.003177642822265625,0.3315722644329071,0.5251182019710541,0.8534960746765137,-0.12859117984771729,0.36180737614631653,-0.16914498805999756,0.9306840300559998,-0.35757976770401,0.11185494065284729,1.06175996363163,0.9984485507011414,-0.39770394563674927,0.09262534976005554,0.7145923972129822,0.9977004528045654,-0.5258553922176361,0.16252544522285461,1.4863454699516296,0.4537900686264038,-0.5211941003799438,0.14633193612098694,1.1735190749168396,0.8748923540115356,-0.6946043968200684,0.18286648392677307,1.9831417798995972,0.4944031834602356,-0.6858684718608856,0.17605456709861755,1.6751441955566406,0.8810133337974548,-0.7328482866287231,0.17206063866615295,2.033109426498413,0.5616128444671631,-0.6882123649120331,0.16480496525764465,1.7241018414497375,0.791273295879364,-0.6997250616550446,0.26602378487586975,1.972607970237732,0.7170189023017883,-0.6892609000205994,0.2621564567089081,1.6310489177703857,0.8620894551277161,MOUNTAIN CLIMBER
0.0,0.0,0.0,0.9987645745277405,0.013796746730804443,-0.018029779195785522,0.0334775447845459,0.998744010925293,0.01572483777999878,-0.017786264419555664,0.03340846300125122,0.9984700679779053,0.01761394739151001,-0.0176754891872406,0.03311198949813843,0.9987211227416992,0.005393087863922119,-0.024981379508972168,-0.02349156141281128,0.9987107515335083,0.000613868236541748,-0.03028327226638794,-0.023596107959747314,0.9985476136207581,-0.009263217449188232,-0.036871492862701416,-0.0235634446144104,0.9987763166427612,-0.0011414885520935059,-0.03372499346733093,0.24801349639892578,0.9984142780303955,-0.04316037893295288,-0.057261765003204346,-0.0120583176612854,0.9987342953681946,-0.014928996562957764,0.012180835008621216,0.08946996927261353,0.9989164471626282,-0.025082945823669434,0.002675563097000122,0.014977633953094482,0.998912513256073,-0.06719326972961426,0.029070675373077393,0.5215818285942078,0.9991757273674011,-0.17661786079406738,-0.0028379857540130615,-0.035941481590270996,0.9992596507072449,-0.05626171827316284,0.17002448439598083,0.6595830172300339,0.7976962924003601,-0.20545870065689087,0.1850537359714508,-0.11500805616378784,0.977476954460144,-0.0204734206199646,0.3157493770122528,0.5216469168663025,0.8836321234703064,-0.1618989109992981,0.3465109169483185,-0.18962228298187256,0.9708141088485718,0.01452016830444336,0.3324514329433441,0.4794462025165558,0.859134316444397,-0.1422421932220459,0.3728017508983612,-0.31063997745513916,0.9576910734176636,0.013920307159423828,0.3341009318828583,0.39868977665901184,0.8638318777084351,-0.1268516182899475,0.3694815933704376,-0.30201447010040283,0.9544751644134521,-0.003566265106201172,0.3312097489833832,0.4820639491081238,0.8621686100959778,-0.12736409902572632,0.3615644872188568,-0.19310331344604492,0.9315414428710938,-0.35348689556121826,0.11113569140434265,0.9974550306797028,0.9985729455947876,-0.3973364233970642,0.09195172786712646,0.6494945138692856,0.9978725910186768,-0.5292252600193024,0.15007105469703674,1.465312898159027,0.47866013646125793,-0.4530462324619293,0.14764997363090515,1.050651490688324,0.885688304901123,-0.6913700550794601,0.18183621764183044,1.9684420824050903,0.532247006893158,-0.5434437096118927,0.19752618670463562,1.5030112862586975,0.8906359076499939,-0.7286113798618317,0.1742459237575531,2.0191842317581177,0.5939234495162964,-0.5667873919010162,0.19191709160804749,1.5446685552597046,0.8067721128463745,-0.6863361746072769,0.26574739813804626,1.9717273712158203,0.7380847930908203,-0.5332236289978027,0.2871381938457489,1.458637535572052,0.8733248710632324,MOUNTAIN CLIMBER
0.0,0.0,0.0,0.9988868236541748,0.014157652854919434,-0.01803988218307495,0.03493732213973999,0.9988675117492676,0.016176700592041016,-0.017746567726135254,0.03488248586654663,0.9986194372177124,0.018123328685760498,-0.017558008432388306,0.034587204456329346,0.998847246170044,0.0053231120109558105,-0.025036752223968506,-0.021443068981170654,0.998838484287262,0.0007559061050415039,-0.03039342164993286,-0.02155745029449463,0.9986913204193115,-0.009078264236450195,-0.03703776001930237,-0.02151954174041748,0.9988975524902344,-0.0006140470504760742,-0.03319928050041199,0.2632825970649719,0.9985659122467041,-0.04267245531082153,-0.05751952528953552,0.008512914180755615,0.9988582134246826,-0.014734029769897461,0.012220770120620728,0.0948224663734436,0.9990203380584717,-0.025014400482177734,0.0026342570781707764,0.02106928825378418,0.9990171790122986,-0.06690394878387451,0.02925264835357666,0.5514526069164276,0.9992309212684631,-0.17742180824279785,-0.0027373433113098145,-0.010141491889953613,0.9992743134498596,-0.05597716569900513,0.1703280806541443,0.7118751406669617,0.8051489591598511,-0.20483064651489258,0.18577486276626587,-0.09955763816833496,0.9791961908340454,-0.019637346267700195,0.3156124949455261,0.5759967267513275,0.8921376466751099,-0.1605921983718872,0.34647977352142334,-0.18271756172180176,0.9727635383605957,0.014822840690612793,0.3323812484741211,0.5370064377784729,0.8678483963012695,-0.14090025424957275,0.3728730082511902,-0.3098098039627075,0.9597250819206238,0.014170229434967041,0.3340122103691101,0.4496968388557434,0.8726094961166382,-0.12598705291748047,0.36962687969207764,-0.29815220832824707,0.9566576480865479,-0.0028610825538635254,0.3310563564300537,0.5352896451950073,0.8709512948989868,-0.12649041414260864,0.3616463541984558,-0.18552076816558838,0.933687150478363,-0.35334426164627075,0.10906150937080383,1.0553724616765976,0.9986547231674194,-0.39727672934532166,0.09190276265144348,0.7085763514041901,0.9979494214057922,-0.5260621607303619,0.15863019227981567,1.5034408569335938,0.48600056767463684,-0.48672187328338623,0.14437901973724365,1.1935855746269226,0.89283686876297,-0.6939534246921539,0.1835719347000122,2.0199670791625977,0.5460264682769775,-0.6057668030261993,0.18992125988006592,1.721693515777588,0.8957362771034241,-0.7284849435091019,0.17408281564712524,2.072425961494446,0.6068189740180969,-0.6344081312417984,0.17971235513687134,1.7737099528312683,0.8146917223930359,-0.6896559447050095,0.26556074619293213,2.012030839920044,0.7492639422416687,-0.6228082925081253,0.2658023238182068,1.6898618340492249,0.8797439336776733,MOUNTAIN CLIMBER
0.0,0.0,0.0,0.9989835619926453,0.014076590538024902,-0.018326759338378906,0.03063100576400757,0.9989578127861023,0.015964150428771973,-0.01814788579940796,0.030453145503997803,0.998723566532135,0.017766833305358887,-0.018045574426651,0.030059874057769775,0.9989473819732666,0.005106747150421143,-0.02496427297592163,-0.03781330585479736,0.998939573764801,7.253885269165039e-05,-0.030170053243637085,-0.037914931774139404,0.9988024830818176,-0.008814990520477295,-0.03661668300628662,-0.03790605068206787,0.9989930987358093,-0.0016520023345947266,-0.03315377235412598,0.22967755794525146,0.9986656308174133,-0.04357081651687622,-0.057471513748168945,-0.08745938539505005,0.9989452362060547,-0.014642059803009033,0.012054145336151123,0.08623290061950684,0.9990975856781006,-0.025756418704986572,0.002684563398361206,-0.0035181045532226562,0.9990940690040588,-0.06763273477554321,0.029095441102981567,0.47660398483276367,0.9992755651473999,-0.1781477928161621,-0.0031150877475738525,-0.09929579496383667,0.9992433190345764,-0.05555558204650879,0.1701885163784027,0.6200633496046066,0.8124263286590576,-0.20562338829040527,0.18533864617347717,-0.1975039839744568,0.9803677201271057,-0.018843233585357666,0.31633010506629944,0.4729214906692505,0.8993443250656128,-0.16123676300048828,0.34607288241386414,-0.2775900959968567,0.9736141562461853,0.01760244369506836,0.33250632882118225,0.4315458834171295,0.8750685453414917,-0.14155477285385132,0.37248459458351135,-0.3982256054878235,0.9599762558937073,0.01707559823989868,0.33406952023506165,0.34805065393447876,0.8800745606422424,-0.12674665451049805,0.3693569600582123,-0.38743478059768677,0.9569793939590454,-0.0019946694374084473,0.3312700092792511,0.4322297275066376,0.8783146142959595,-0.12725025415420532,0.36137059330940247,-0.2797697186470032,0.9325456619262695,-0.35448771715164185,0.10874322056770325,0.9561750888824463,0.9986712336540222,-0.3982468545436859,0.09196296334266663,0.6015321165323257,0.9978762865066528,-0.5265259146690369,0.16224810481071472,1.3579661846160889,0.4754030406475067,-0.43155115842819214,0.14194157719612122,0.8691737577319145,0.8922781944274902,-0.697323203086853,0.18468734622001648,1.8400934338569641,0.5439463257789612,-0.5205349028110504,0.1913183033466339,1.3057159185409546,0.8915707468986511,-0.7320437878370285,0.17298045754432678,1.8874133229255676,0.6083897948265076,-0.5511040091514587,0.1842803657054901,1.347644567489624,0.8153296709060669,-0.6969951093196869,0.2641941010951996,1.8199642300605774,0.7457677721977234,-0.4908731281757355,0.27772822976112366,1.252974957227707,0.8805587291717529,MOUNTAIN CLIMBER
0.0,0.0,0.0,0.9990813732147217,0.01351463794708252,-0.01838243007659912,0.029638350009918213,0.9990542531013489,0.015150189399719238,-0.018368065357208252,0.029543042182922363,0.9988404512405396,0.01673591136932373,-0.018489420413970947,0.029223144054412842,0.9990478754043579,0.005257248878479004,-0.02498796582221985,-0.043195247650146484,0.9990410208702087,0.00045353174209594727,-0.030374348163604736,-0.04325509071350098,0.9989164471626282,-0.006895601749420166,-0.03637787699699402,-0.04323136806488037,0.9990891218185425,-0.0035338401794433594,-0.03434067964553833,0.23303663730621338,0.9987843632698059,-0.04308199882507324,-0.05749011039733887,-0.09410470724105835,0.9990402460098267,-0.015116691589355469,0.012033164501190186,0.08775585889816284,0.9991779327392578,-0.025579214096069336,0.002576768398284912,-0.007512211799621582,0.9991752505302429,-0.06817883253097534,0.027712583541870117,0.4809979200363159,0.9993236064910889,-0.1783497929573059,-0.0032278895378112793,-0.11702221632003784,0.9992583394050598,-0.055642664432525635,0.1686410903930664,0.6011465042829514,0.8189505934715271,-0.2071555256843567,0.18456637859344482,-0.21469461917877197,0.9817215800285339,-0.019063711166381836,0.31595295667648315,0.4064699709415436,0.905971348285675,-0.16291171312332153,0.3457299470901489,-0.29518723487854004,0.9750294089317322,0.017856240272521973,0.33210182189941406,0.34762242436408997,0.88177090883255,-0.1440945863723755,0.3722153902053833,-0.4218851327896118,0.961430013179779,0.017215371131896973,0.33368217945098877,0.2671646475791931,0.8869248032569885,-0.1284061074256897,0.369189977645874,-0.4142916202545166,0.9584192037582397,-0.0023615360260009766,0.3311110734939575,0.36309292912483215,0.8850430250167847,-0.12895238399505615,0.3612118363380432,-0.2989886999130249,0.9332036375999451,-0.3545616865158081,0.1103663444519043,0.9836735874414444,0.9985855221748352,-0.4000941812992096,0.09119689464569092,0.6309499442577362,0.9977414608001709,-0.5265327095985413,0.164295494556427,1.3554019331932068,0.44923824071884155,-0.5361047089099884,0.14243072271347046,0.9931154698133469,0.891489565372467,-0.7075701951980591,0.18698382377624512,1.8426189422607422,0.5178079605102539,-0.7192115932703018,0.19052422046661377,1.45317804813385,0.8890112042427063,-0.7439674288034439,0.17532336711883545,1.889866590499878,0.5848014950752258,-0.7556772232055664,0.17818796634674072,1.493513584136963,0.8105376958847046,-0.7062904983758926,0.26518452167510986,1.8032740950584412,0.7281178832054138,-0.7180328518152237,0.27186036109924316,1.3333694338798523,0.8770054578781128,MOUNTAIN CLIMBER
0.0,0.0,0.0,0.9991688132286072,0.013450324535369873,-0.018548965454101562,0.026636481285095215,0.9991388916969299,0.014976441860198975,-0.018763184547424316,0.026563048362731934,0.998943030834198,0.01649075746536255,-0.0191953182220459,0.026272714138031006,0.9991369247436523,0.005788445472717285,-0.02501976490020752,-0.04775869846343994,0.9991309642791748,0.0012987256050109863,-0.03053346276283264,-0.04781520366668701,0.9990175366401672,-0.005094408988952637,-0.036182552576065063,-0.04780524969100952,0.9991742372512817,-0.0037922263145446777,-0.03605005145072937,0.21348607540130615,0.9988896250724792,-0.04184424877166748,-0.057443976402282715,-0.12857675552368164,0.9991230368614197,-0.015343785285949707,0.011904001235961914,0.08244293928146362,0.9992495775222778,-0.025580406188964844,0.0025474131107330322,-0.014832735061645508,0.9992478489875793,-0.06813997030258179,0.02603563666343689,0.42514917254447937,0.9993633031845093,-0.17572492361068726,-0.0036810338497161865,-0.15234756469726562,0.999286413192749,-0.05508244037628174,0.1660553514957428,0.5546547919511795,0.8257926106452942,-0.20623576641082764,0.1841917335987091,-0.26259803771972656,0.9829384088516235,-0.01873868703842163,0.31500163674354553,0.34925156831741333,0.9126753211021423,-0.1655905842781067,0.3456245958805084,-0.33468377590179443,0.9766046404838562,0.01824820041656494,0.3314402997493744,0.28758367896080017,0.8888773322105408,-0.1460598111152649,0.3720185458660126,-0.459026575088501,0.9634260535240173,0.017352283000946045,0.3332608640193939,0.2094239592552185,0.8939840197563171,-0.1303151249885559,0.36897173523902893,-0.4433091878890991,0.9604818224906921,-0.002502620220184326,0.3307894170284271,0.30612391233444214,0.8920406103134155,-0.13164466619491577,0.36117038130760193,-0.3350551128387451,0.9354600310325623,-0.35543107986450195,0.11440256237983704,0.9232579320669174,0.998325526714325,-0.400307834148407,0.08953535556793213,0.5734105408191681,0.99744713306427,-0.538887232542038,0.16485968232154846,1.2662480473518372,0.420060396194458,-0.5833353400230408,0.14260610938072205,0.9341087639331818,0.8845375180244446,-0.7205090671777725,0.1882432997226715,1.7247934937477112,0.4858829975128174,-0.7688231617212296,0.1912599503993988,1.3642223477363586,0.8789329528808594,-0.7597632333636284,0.1756938397884369,1.7629930973052979,0.5534456968307495,-0.8073438555002213,0.17903831601142883,1.3997607231140137,0.8001996278762817,-0.7167150676250458,0.26575371623039246,1.6642341613769531,0.7077456116676331,-0.7680419608950615,0.27228644490242004,1.2389121651649475,0.866253137588501,MOUNTAIN CLIMBER
0.0,0.0,0.0,0.9992488622665405,0.013372957706451416,-0.01912212371826172,0.02781856060028076,0.9992179870605469,0.014825761318206787,-0.01967868208885193,0.027753114700317383,0.9990394711494446,0.016279757022857666,-0.02039232850074768,0.02747976779937744,0.9992188215255737,0.0057846903800964355,-0.02472713589668274,-0.04417252540588379,0.9992135763168335,0.0012119412422180176,-0.029768049716949463,-0.044241905212402344,0.999110758304596,-0.005179345607757568,-0.03513398766517639,-0.044203221797943115,0.9992526769638062,-0.0040465593338012695,-0.03707745671272278,0.21372678875923157,0.9989895224571228,-0.042162537574768066,-0.05688291788101196,-0.11568844318389893,0.9992014169692993,-0.015263915061950684,0.01166468858718872,0.08072072267532349,0.9993166327476501,-0.025104820728302002,0.0032574832439422607,-0.013584434986114502,0.9993160963058472,-0.06857794523239136,0.026673048734664917,0.4263831079006195,0.9994013905525208,-0.17473959922790527,-0.0027253925800323486,-0.1520230770111084,0.9993217587471008,-0.05538874864578247,0.16695815324783325,0.5309462398290634,0.8321345448493958,-0.1995713710784912,0.18666493892669678,-0.2460949420928955,0.9839739799499512,-0.01896721124649048,0.31514614820480347,0.3029833734035492,0.9191136360168457,-0.1666090488433838,0.34810012578964233,-0.32626068592071533,0.9781355857849121,0.017797887325286865,0.3319607377052307,0.22917267680168152,0.8961197733879089,-0.146312415599823,0.3729247450828552,-0.4487265348434448,0.9655201435089111,0.017047762870788574,0.33382683992385864,0.14794957637786865,0.9010322093963623,-0.13055473566055298,0.36989182233810425,-0.43769264221191406,0.9626548886299133,-0.0026487112045288086,0.3313850164413452,0.2578373849391937,0.8990581631660461,-0.1318223476409912,0.36201268434524536,-0.3283768892288208,0.9381037950515747,-0.36107969284057617,0.11604341864585876,0.8569574952125549,0.9982189536094666,-0.4038151800632477,0.09043866395950317,0.5075685828924179,0.997409462928772,-0.5586804151535034,0.1652730107307434,1.1955101490020752,0.39208436012268066,-0.6066702604293823,0.14378327131271362,0.8679870665073395,0.8816092610359192,-0.7383982092142105,0.1900123953819275,1.6443560123443604,0.4579266607761383,-0.7790075689554214,0.19289445877075195,1.2979686856269836,0.877204954624176,-0.768143892288208,0.17772281169891357,1.6860448122024536,0.5269277095794678,-0.8137888386845589,0.18100988864898682,1.3347246050834656,0.7975109219551086,-0.7334488779306412,0.2669655680656433,1.5956579446792603,0.6949702501296997,-0.7777563706040382,0.2732210159301758,1.18534255027771,0.862820029258728,MOUNTAIN CLIMBER
0.0,0.0,0.0,0.9965869188308716,0.01625269651412964,0.004927277565002441,-0.0015227347612380981,0.9969142079353333,0.017103731632232666,0.007322192192077637,-0.0015843063592910767,0.9965446591377258,0.018371403217315674,0.009899258613586426,-0.0016348659992218018,0.9972087740898132,0.015225887298583984,0.0005466938018798828,0.03170374035835266,0.9966436624526978,0.01508396863937378,-5.0067901611328125e-06,0.031644344329833984,0.9960423111915588,0.01501476764678955,-0.0005677938461303711,0.03143809735774994,0.9971434473991394,0.01425856351852417,0.020121335983276367,0.02680954337120056,0.9958613514900208,0.006894290447235107,0.006443142890930176,0.18337013572454453,0.9967101216316223,-0.013042032718658447,0.010279595851898193,0.0131521075963974,0.9924455285072327,-0.0128861665725708,0.0060312747955322266,0.05791883170604706,0.9908714890480042,-0.06900531053543091,0.032262206077575684,-0.04705315828323364,0.9974558353424072,-0.0762481689453125,0.009496033191680908,0.2787108048796654,0.9914959073066711,0.04813718795776367,0.010649025440216064,-0.22687378525733948,0.8464762568473816,0.007659196853637695,-0.004441797733306885,0.26476576179265976,0.9487398266792297,0.1427232027053833,0.026607930660247803,-0.2704921364784241,0.9174400568008423,0.12166398763656616,-0.007075965404510498,0.13481880724430084,0.9541860222816467,0.16597414016723633,0.020925283432006836,-0.3294905126094818,0.892306923866272,0.14522212743759155,0.013462841510772705,0.09766372293233871,0.937675952911377,0.1687694787979126,0.02049154043197632,-0.31803497672080994,0.8948197960853577,0.15537947416305542,0.008644580841064453,0.09094825387001038,0.9341875314712524,0.15663951635360718,0.022543907165527344,-0.270085871219635,0.8909510374069214,0.14202791452407837,0.010410904884338379,0.12117534130811691,0.9118607044219971,-0.3113538920879364,0.057136476039886475,0.05660192668437958,0.9980512857437134,-0.31215187907218933,0.033166468143463135,0.35836461186408997,0.9970657229423523,-0.4475148022174835,0.014840185642242432,-0.06431794166564941,0.45156678557395935,-0.45687949657440186,-0.07976484298706055,0.24976855516433716,0.8847050666809082,-0.6279849633574486,0.03305178880691528,0.0425095409154892,0.5110940337181091,-0.5114852339029312,0.030674397945404053,0.4288211166858673,0.8773422241210938,-0.6538599282503128,0.04354727268218994,0.04535646736621857,0.5709584951400757,-0.5239677429199219,0.04300898313522339,0.4421868622303009,0.806723415851593,-0.6672282889485359,-0.012372434139251709,-0.11180198192596436,0.723639965057373,-0.6292291879653931,0.0414997935295105,0.3850693851709366,0.8632214069366455,SIT UP
0.0,0.0,0.0,0.9965002536773682,0.015204429626464844,0.00783926248550415,-0.0017900466918945312,0.9968762993812561,0.017144203186035156,0.012435585260391235,-0.0018800795078277588,0.996587872505188,0.018979668617248535,0.01822298765182495,-0.001915663480758667,0.9970917701721191,0.013760745525360107,0.004099905490875244,0.036371394991874695,0.9964925050735474,0.0146598219871521,0.007072716951370239,0.03653232753276825,0.9960365891456604,0.015587031841278076,0.013719707727432251,0.03637361526489258,0.9970847368240356,0.027236759662628174,0.14940646290779114,-0.022593647241592407,0.9958125352859497,0.020660221576690674,0.0842181146144867,0.15397867560386658,0.9968050122261047,-0.004855811595916748,0.012049585580825806,-0.012530043721199036,0.9927412867546082,-0.006232798099517822,0.0076364874839782715,0.03855977952480316,0.9912477135658264,0.042315900325775146,0.11558857560157776,-0.07437396049499512,0.9976699948310852,-0.0018739104270935059,0.061863601207733154,0.1220221221446991,0.9921683669090271,0.04596912860870361,0.17244568467140198,-0.312142014503479,0.8509347438812256,-0.10098427534103394,0.10408911108970642,0.057057783007621765,0.9135276675224304,0.08479523658752441,0.16520580649375916,-0.5003996789455414,0.9168955683708191,-0.16635042428970337,0.11322787404060364,-0.08897025138139725,0.9077836275100708,0.0937349796295166,0.1603618562221527,-0.5567642748355865,0.8908846378326416,-0.18111762404441833,0.11984339356422424,-0.11601591855287552,0.886940598487854,0.10447263717651367,0.15345034003257751,-0.5252513587474823,0.8928583860397339,-0.17446929216384888,0.11881747841835022,-0.13124816492199898,0.8837155699729919,0.09877228736877441,0.15438619256019592,-0.4922243654727936,0.8853667378425598,-0.1700504720211029,0.12019798159599304,-0.09960271418094635,0.8658474683761597,-0.11906865239143372,0.15438827872276306,-0.26604579389095306,0.998236358165741,-0.13490277528762817,0.11911466717720032,-0.09398774802684784,0.9973206520080566,-0.21752965450286865,0.15006175637245178,-0.5647022426128387,0.5040953755378723,-0.2322564423084259,0.06333690881729126,-0.33512862026691437,0.8797966241836548,-0.4170938730239868,0.17468371987342834,-0.6997043192386627,0.5564542412757874,-0.312548503279686,0.18333718180656433,-0.4750770926475525,0.8659210801124573,-0.45582711696624756,0.1834695041179657,-0.7163350284099579,0.6108049154281616,-0.3262345641851425,0.2106880247592926,-0.4909578561782837,0.8150372505187988,-0.49825457483530045,0.15142449736595154,-0.8490330874919891,0.7474865913391113,-0.38888128101825714,0.19272258877754211,-0.571438729763031,0.8570616245269775,SIT UP
0.0,0.0,0.0,0.9967945218086243,0.019385933876037598,0.001964002847671509,-0.012678004801273346,0.9971541166305542,0.022586047649383545,0.006630748510360718,-0.012741141021251678,0.9969043135643005,0.025746941566467285,0.01183280348777771,-0.012834496796131134,0.9973562955856323,0.015773415565490723,-0.003443777561187744,0.03125595301389694,0.9967597126960754,0.016384661197662354,-0.002415269613265991,0.0313623771071434,0.9963467717170715,0.01697373390197754,0.0003084838390350342,0.03130088001489639,0.9972914457321167,0.03544211387634277,0.10355991125106812,-0.019247278571128845,0.9962008595466614,0.022365689277648926,0.080687016248703,0.18669343739748,0.9970119595527649,-0.006280183792114258,0.02024972438812256,-0.0008349418640136719,0.9934346079826355,-0.009654879570007324,0.013005644083023071,0.058410339057445526,0.9920424818992615,0.014752566814422607,0.13360482454299927,-0.045112863183021545,0.997901201248169,-0.04244878888130188,0.042038917541503906,0.22573883086442947,0.9928135275840759,-0.026656627655029297,0.21521645784378052,-0.2908889874815941,0.8628516793251038,-0.1457424759864807,0.045281291007995605,0.23144731670618057,0.8448683619499207,-0.016327202320098877,0.21294522285461426,-0.575419656932354,0.9205634593963623,-0.22219854593276978,0.025576025247573853,0.09355368465185165,0.8494768738746643,-0.015263855457305908,0.21690714359283447,-0.6350259706377983,0.8949294090270996,-0.25010794401168823,0.036284446716308594,0.07824666053056717,0.8300886750221252,-0.013091504573822021,0.20137792825698853,-0.6090304180979729,0.8964400291442871,-0.2450559437274933,0.0382256805896759,0.04118216782808304,0.8284368515014648,-0.01516026258468628,0.19875037670135498,-0.5704720839858055,0.8859743475914001,-0.23838436603546143,0.044454485177993774,0.07465759664773941,0.8128024339675903,-0.19179314374923706,0.18841612339019775,-0.20417482405900955,0.998399555683136,-0.22705447673797607,0.10965409874916077,-0.012232653796672821,0.9974469542503357,-0.19993340969085693,0.17519927024841309,-0.7134942933917046,0.5531398057937622,-0.24704265594482422,0.07863858342170715,-0.162909097969532,0.8693769574165344,-0.40327154099941254,0.22583824396133423,-0.9414439126849174,0.5988355875015259,-0.3273342251777649,0.15906208753585815,-0.27848348766565323,0.8462660312652588,-0.43018342554569244,0.24186712503433228,-0.9656359478831291,0.6455880999565125,-0.3395019471645355,0.18588894605636597,-0.2915623411536217,0.8172792196273804,-0.4589182697236538,0.17479747533798218,-1.1402146741747856,0.7704235911369324,-0.38556520640850067,0.1421394944190979,-0.3822035416960716,0.8538274765014648,SIT UP
0.0,0.0,0.0,0.9970519542694092,0.019425928592681885,0.0005444586277008057,-0.00840480625629425,0.9973981976509094,0.023587167263031006,0.00590941309928894,-0.00847807340323925,0.9971839785575867,0.02792114019393921,0.011946767568588257,-0.008544379845261574,0.9975951910018921,0.01200413703918457,-0.007561832666397095,0.03937264531850815,0.9969945549964905,0.010709047317504883,-0.008229613304138184,0.039395637810230255,0.9966052174568176,0.009321033954620361,-0.008169770240783691,0.039389416575431824,0.9974512457847595,0.03672349452972412,0.0950857400894165,0.016095411032438278,0.9965433478355408,0.013664424419403076,0.045423269271850586,0.24192266911268234,0.9970760345458984,-0.003646671772003174,0.023283779621124268,0.010573390871286392,0.9940649271011353,-0.011672496795654297,0.01268923282623291,0.07516869157552719,0.9927595853805542,0.008628368377685547,0.14008411765098572,0.0031265802681446075,0.9981086850166321,-0.05372783541679382,0.04839971661567688,0.33738692849874496,0.9932615160942078,-0.03233051300048828,0.22706931829452515,-0.29767612367868423,0.8702441453933716,-0.1698872148990631,0.031806737184524536,0.2889038547873497,0.7740823030471802,-0.03971949219703674,0.2286016345024109,-0.6035005524754524,0.9201937317848206,-0.22640785574913025,0.04261082410812378,0.049157947301864624,0.7875633835792542,-0.044088542461395264,0.235548198223114,-0.6695165112614632,0.895203709602356,-0.24910911917686462,0.05724033713340759,0.027474969625473022,0.7707393765449524,-0.03128883242607117,0.21261364221572876,-0.6623635366559029,0.8962257504463196,-0.24347248673439026,0.05953285098075867,-0.0034538060426712036,0.7703069448471069,-0.03607034683227539,0.20993691682815552,-0.6051120236515999,0.8808976411819458,-0.23654842376708984,0.06297707557678223,0.031331390142440796,0.7576679587364197,-0.23281443119049072,0.19934064149856567,-0.1425531506538391,0.9985479116439819,-0.26166293025016785,0.12304818630218506,0.08411707729101181,0.9975182414054871,-0.1880030632019043,0.18563592433929443,-0.6666907146573067,0.5973386764526367,-0.21308520436286926,0.08056926727294922,-0.10002417862415314,0.8603243827819824,-0.4002813622355461,0.23733311891555786,-0.925403781235218,0.6375923156738281,-0.32426369190216064,0.14889532327651978,-0.2649073526263237,0.8257847428321838,-0.4364316314458847,0.25104349851608276,-0.959019310772419,0.6777963042259216,-0.34877684712409973,0.184550940990448,-0.2878829911351204,0.8159564137458801,-0.46236275881528854,0.16843336820602417,-1.1749060228466988,0.7922103404998779,-0.38406218588352203,0.13863885402679443,-0.4201507046818733,0.8527570962905884,SIT UP
0.0,0.0,0.0,0.9973352551460266,0.021492719650268555,-0.00046378374099731445,-0.01795821264386177,0.9976523518562317,0.025390625,0.0042732954025268555,-0.017957448959350586,0.9974603652954102,0.029521048069000244,0.009725183248519897,-0.018023714423179626,0.9978306889533997,0.014975190162658691,-0.007563591003417969,0.03014094429090619,0.9972845315933228,0.014059245586395264,-0.008199155330657959,0.03014723863452673,0.9969339966773987,0.01326364278793335,-0.008337140083312988,0.030165186151862144,0.9976971745491028,0.04219728708267212,0.08231654763221741,-0.024133071303367615,0.996882975101471,0.02340245246887207,0.037712275981903076,0.19691263884305954,0.997356653213501,-0.004694819450378418,0.02311837673187256,-0.00043462589383125305,0.9946528077125549,-0.009263873100280762,0.014418959617614746,0.06417383812367916,0.9934714436531067,0.008344531059265137,0.1463634967803955,-0.008736129850149155,0.9982962012290955,-0.044845014810562134,0.0507640540599823,0.27884652465581894,0.9939218163490295,-0.05098888278007507,0.23156684637069702,-0.27540264278650284,0.8771798014640808,-0.1429421603679657,0.038371533155441284,0.27984870225191116,0.7681281566619873,-0.057338178157806396,0.21650415658950806,-0.5176332965493202,0.9143573045730591,-0.2184874415397644,0.020332127809524536,0.0895879864692688,0.784519374370575,-0.06032395362854004,0.21328318119049072,-0.5797862783074379,0.8872264623641968,-0.24329864978790283,0.010525643825531006,0.06958968192338943,0.7613092660903931,-0.044922828674316406,0.19556784629821777,-0.5687843933701515,0.8871860504150391,-0.24336892366409302,0.011641740798950195,0.03352420241571963,0.762329638004303,-0.04857611656188965,0.19259309768676758,-0.5186321511864662,0.8658149242401123,-0.23230844736099243,0.01621153950691223,0.06904538348317146,0.7518027424812317,-0.22283008694648743,0.20327669382095337,-0.08291701972484589,0.9986904263496399,-0.244451642036438,0.12942296266555786,0.15589649230241776,0.9977391958236694,-0.16903629899024963,0.1615353226661682,-0.5576644316315651,0.6372412443161011,-0.20211642980575562,0.08583959937095642,-0.0002803392708301544,0.8559387922286987,-0.38948775827884674,0.23035597801208496,-0.6242175474762917,0.6731560826301575,-0.309850737452507,0.1715661883354187,0.030522681307047606,0.816609263420105,-0.42011023312807083,0.2495552897453308,-0.6317356005311012,0.7078083753585815,-0.341441348195076,0.19289737939834595,0.027851619757711887,0.812214195728302,-0.4649079628288746,0.166368305683136,-0.8011657372117043,0.8121278285980225,-0.3806121349334717,0.16762065887451172,-0.059935323894023895,0.850993275642395,SIT UP
0.0,0.0,0.0,0.9975870847702026,0.019097208976745605,-0.002078413963317871,-0.021039292216300964,0.9978765845298767,0.021761298179626465,0.0017848312854766846,-0.021048597991466522,0.997705340385437,0.02479076385498047,0.006173223257064819,-0.021124370396137238,0.9980380535125732,0.016708970069885254,-0.007047533988952637,0.028267323970794678,0.9975343942642212,0.01728731393814087,-0.007042914628982544,0.02825881540775299,0.9972201585769653,0.017858028411865234,-0.006665170192718506,0.028265193104743958,0.9979088306427002,0.03998005390167236,0.05556836724281311,-0.038323141634464264,0.9971810579299927,0.027917027473449707,0.03377354145050049,0.17341365665197372,0.9975956678390503,-0.006103217601776123,0.022518634796142578,-0.00912071019411087,0.9951802492141724,-0.008054256439208984,0.01693388819694519,0.05556230992078781,0.994107723236084,0.009802162647247314,0.14531424641609192,-0.07133876532316208,0.9984652400016785,-0.032244473695755005,0.05225646495819092,0.24804001301527023,0.9945195317268372,-0.04905673861503601,0.23002120852470398,-0.30191826075315475,0.8848606944084167,-0.13433852791786194,0.03809508681297302,0.25215180963277817,0.7625249624252319,-0.04794192314147949,0.21087726950645447,-0.5096946284174919,0.9115119576454163,-0.21451157331466675,0.02121073007583618,0.07676334120333195,0.782151997089386,-0.049367159605026245,0.2055847942829132,-0.5740338489413261,0.8817383050918579,-0.23848479986190796,0.009532690048217773,0.058598510921001434,0.7506664991378784,-0.03908860683441162,0.18927475810050964,-0.5635281130671501,0.8813226222991943,-0.24055835604667664,0.008929222822189331,0.020105846226215363,0.7531409859657288,-0.04316741228103638,0.1904020607471466,-0.5114715024828911,0.8548885583877563,-0.2328590452671051,0.01596003770828247,0.05504058673977852,0.745113730430603,-0.1974802315235138,0.20863178372383118,-0.023760966956615448,0.9988190531730652,-0.21745723485946655,0.14390549063682556,0.22859574109315872,0.9979469776153564,-0.16577953100204468,0.12647482752799988,-0.48676346987485886,0.672962486743927,-0.20006391406059265,0.09881338477134705,0.09083412028849125,0.8357129096984863,-0.36903466284275055,0.21322038769721985,-0.4441795274615288,0.7048016786575317,-0.3077852576971054,0.18010380864143372,0.13582003116607666,0.8087177276611328,-0.3874044194817543,0.2470822036266327,-0.4420425221323967,0.7337952852249146,-0.33793942630290985,0.1996980607509613,0.13986190035939217,0.80833500623703,-0.44872456789016724,0.15937528014183044,-0.5975693389773369,0.8295802474021912,-0.37737874686717987,0.16281667351722717,0.03848279267549515,0.8493427634239197,SIT UP
0.0,0.0,0.0,0.997798502445221,0.01908320188522339,-0.002205103635787964,-0.02822001278400421,0.9980518221855164,0.0219079852104187,0.001423656940460205,-0.02822934091091156,0.9979042410850525,0.0250207781791687,0.00553014874458313,-0.028328195214271545,0.9982036352157593,0.016065478324890137,-0.007054746150970459,0.028232350945472717,0.9976900219917297,0.01645570993423462,-0.007192879915237427,0.028241097927093506,0.9974002242088318,0.01680511236190796,-0.007008254528045654,0.028252676129341125,0.9980332851409912,0.03847992420196533,0.0440097451210022,-0.06808324158191681,0.9974156618118286,0.02645009756088257,0.027499526739120483,0.19693166762590408,0.9977259039878845,-0.005430757999420166,0.02156868577003479,-0.014478892087936401,0.9956411123275757,-0.008146941661834717,0.01611536741256714,0.0604013055562973,0.9946336150169373,0.008855164051055908,0.1438162922859192,-0.0765572041273117,0.9986151456832886,-0.026058882474899292,0.04818621277809143,0.26671555265784264,0.9950470924377441,-0.05326187610626221,0.2115773856639862,-0.2929661422967911,0.8912116885185242,-0.13294577598571777,0.037516236305236816,0.2539078798145056,0.7538657188415527,-0.05413109064102173,0.20948418974876404,-0.4932830482721329,0.908260703086853,-0.22162914276123047,0.01570233702659607,0.11625983566045761,0.7737798094749451,-0.05689293146133423,0.20599737763404846,-0.5546164661645889,0.8764890432357788,-0.2465420365333557,0.005577772855758667,0.09993989765644073,0.7336323857307434,-0.04540899395942688,0.19421741366386414,-0.5474727302789688,0.8767184019088745,-0.24669530987739563,0.004354208707809448,0.05968976020812988,0.737417995929718,-0.050345152616500854,0.1961650550365448,-0.496320441365242,0.8471149802207947,-0.23814144730567932,0.011056184768676758,0.09432664513587952,0.7326947450637817,-0.17522212862968445,0.20695677399635315,0.10659732669591904,0.998923659324646,-0.19770488142967224,0.14268267154693604,0.3453824073076248,0.9981039762496948,-0.1694757044315338,0.11500397324562073,-0.3025851994752884,0.7037211060523987,-0.217631995677948,0.09840860962867737,0.1994695384055376,0.8174248337745667,-0.34176774322986603,0.13536971807479858,-0.18927158415317535,0.7327250838279724,-0.27899572253227234,0.22036698460578918,0.2639942765235901,0.8078203201293945,-0.3601813167333603,0.16545304656028748,-0.17889027297496796,0.7569046020507812,-0.2851117104291916,0.24614325165748596,0.3091159909963608,0.8115135431289673,-0.4086655527353287,0.08462321758270264,-0.3108501583337784,0.8442721962928772,-0.36292438209056854,0.23922279477119446,0.24613115936517715,0.8478860855102539,SIT UP
0.0,0.0,0.0,0.9980140328407288,0.017835140228271484,-0.0027493536472320557,-0.0517164021730423,0.9982419013977051,0.019900143146514893,0.0004711449146270752,-0.051483362913131714,0.9981095790863037,0.02220064401626587,0.0041835010051727295,-0.051323339343070984,0.9983789920806885,0.01661372184753418,-0.0064833760261535645,0.02349032461643219,0.9979107975959778,0.01751047372817993,-0.006246209144592285,0.023486807942390442,0.9976484775543213,0.018391788005828857,-0.005715161561965942,0.02349703013896942,0.9982200264930725,0.035532474517822266,0.03548499941825867,-0.08088044822216034,0.9976667165756226,0.028424501419067383,0.02761101722717285,0.15532554499804974,0.9979408383369446,-0.0070015788078308105,0.021336466073989868,-0.03608350455760956,0.9960739612579346,-0.007718086242675781,0.017155766487121582,0.05196346342563629,0.995162308216095,0.0017108917236328125,0.1374826431274414,-0.09087221324443817,0.9987524747848511,-0.020426005125045776,0.05004367232322693,0.23439741879701614,0.9955385327339172,-0.06395605206489563,0.19839158654212952,-0.3018508106470108,0.8953490257263184,-0.12938404083251953,0.04086628556251526,0.24748948588967323,0.7633770108222961,-0.057044386863708496,0.1922232210636139,-0.5124833434820175,0.9087908267974854,-0.2224714457988739,0.013395756483078003,0.1302444115281105,0.784730076789856,-0.05417376756668091,0.1952233612537384,-0.5734414905309677,0.8770385384559631,-0.2457868754863739,0.00026983022689819336,0.12174193561077118,0.7394151091575623,-0.04148605465888977,0.1860523521900177,-0.5647238343954086,0.8772552013397217,-0.2470182180404663,-0.00032338500022888184,0.08207565546035767,0.743948757648468,-0.04850691556930542,0.18670007586479187,-0.5149677246809006,0.8451675772666931,-0.24023568630218506,0.007345765829086304,0.10866445302963257,0.7410634160041809,-0.17272773385047913,0.20421138405799866,0.06555292755365372,0.9990285634994507,-0.1934802234172821,0.15021291375160217,0.3060064911842346,0.998278796672821,-0.15709900856018066,0.10884541273117065,-0.3446628302335739,0.7322981953620911,-0.21684855222702026,0.10066962242126465,0.28578297793865204,0.8003093600273132,-0.34036245942115784,0.14791378378868103,-0.32320384681224823,0.758634090423584,-0.28061138093471527,0.23704925179481506,0.41763800382614136,0.7987897992134094,-0.36038587987422943,0.17385360598564148,-0.3223547786474228,0.7791943550109863,-0.2839747369289398,0.25628575682640076,0.43099743127822876,0.8053240776062012,-0.4136026054620743,0.10817566514015198,-0.4632447212934494,0.8587635159492493,-0.3580937832593918,0.2481301724910736,0.3662787228822708,0.8408408761024475,SIT UP
0.0,0.0,0.0,0.9982025027275085,0.018000543117523193,-0.0037275850772857666,-0.04033750295639038,0.9984066486358643,0.019837796688079834,-0.0008195936679840088,-0.040229350328445435,0.9982882738113403,0.02190607786178589,0.002530694007873535,-0.04018397629261017,0.9985304474830627,0.01721489429473877,-0.006770193576812744,0.021211758255958557,0.9981029033660889,0.018222391605377197,-0.006281375885009766,0.02117238938808441,0.9978662133216858,0.019245445728302002,-0.005492717027664185,0.021154090762138367,0.9983823895454407,0.03447002172470093,0.03012886643409729,-0.10998040437698364,0.9978814721107483,0.02971625328063965,0.026258915662765503,0.14464466273784637,0.9981187582015991,-0.0074010491371154785,0.021233081817626953,-0.02913770079612732,0.996457576751709,-0.007686734199523926,0.018125921487808228,0.04972606897354126,0.995629072189331,0.014498233795166016,0.13294696807861328,-0.1324763298034668,0.9988763332366943,-0.017451316118240356,0.05387228727340698,0.23202414251863956,0.9959810376167297,-0.06213080883026123,0.1855788230895996,-0.3363648056983948,0.8992423415184021,-0.12815037369728088,0.04182812571525574,0.2366883046925068,0.7679435014724731,-0.06429776549339294,0.18850940465927124,-0.5392016768455505,0.9079358577728271,-0.22238990664482117,0.015737175941467285,0.11086290329694748,0.7932016253471375,-0.06311842799186707,0.1949371099472046,-0.6026309132575989,0.8764112591743469,-0.24712646007537842,-0.0011095106601715088,0.0994419977068901,0.7423749566078186,-0.0469682514667511,0.1877726912498474,-0.6059547066688538,0.8768585920333862,-0.24838829040527344,0.001534789800643921,0.05537287890911102,0.7475546002388,-0.056759655475616455,0.1877344250679016,-0.5473546981811523,0.8418094515800476,-0.24158737063407898,0.0068041980266571045,0.08735549449920654,0.7472174167633057,-0.16953182220458984,0.203233540058136,0.06389026343822479,0.9991241693496704,-0.19333523511886597,0.1544032096862793,0.3450058400630951,0.9984422326087952,-0.1752389669418335,0.11368969082832336,-0.3025321364402771,0.7587699890136719,-0.18874624371528625,0.10451743006706238,0.32501155883073807,0.7890921235084534,-0.36800000071525574,0.178261399269104,-0.35771888494491577,0.7824260592460632,-0.30713579058647156,0.20562821626663208,0.4176938533782959,0.7965717315673828,-0.3895585611462593,0.2188624143600464,-0.3679845333099365,0.7996959090232849,-0.31839488446712494,0.23213768005371094,0.4217749685049057,0.8027523159980774,-0.4400027170777321,0.13785076141357422,-0.5379188060760498,0.8723359107971191,-0.3724326491355896,0.1712835431098938,0.3419879525899887,0.8425451517105103,SIT UP
0.0,0.0,0.0,0.9983211755752563,0.018580317497253418,-0.005293458700180054,-0.029595956206321716,0.9985101819038391,0.02052241563796997,-0.0026923418045043945,-0.02956220507621765,0.998397946357727,0.022703886032104492,0.0003375411033630371,-0.02955189347267151,0.99862140417099,0.017852783203125,-0.007556170225143433,0.022169850766658783,0.9982274770736694,0.01890110969543457,-0.006836622953414917,0.022131316363811493,0.998013973236084,0.019973576068878174,-0.005817025899887085,0.022036604583263397,0.9984927773475647,0.03537362813949585,0.025505930185317993,-0.11888623237609863,0.9979501366615295,0.03045898675918579,0.02336999773979187,0.13625291921198368,0.9981475472450256,-0.006718456745147705,0.020696908235549927,-0.02340279519557953,0.9967433214187622,-0.007233858108520508,0.018574804067611694,0.04566574841737747,0.9959524869918823,0.023251891136169434,0.12842345237731934,-0.136917844414711,0.998985767364502,-0.021597087383270264,0.057536810636520386,0.2212478369474411,0.9963698983192444,-0.06306320428848267,0.17069631814956665,-0.2887697070837021,0.8930407762527466,-0.12852239608764648,0.04409024119377136,0.25048816204071045,0.7500380277633667,-0.1129833459854126,0.17653828859329224,-0.4001385420560837,0.8754591345787048,-0.22010517120361328,0.019329160451889038,0.15626802667975426,0.7737882137298584,-0.1241130530834198,0.18369430303573608,-0.4424138516187668,0.8429934978485107,-0.24358543753623962,0.006431162357330322,0.154634527862072,0.7147753238677979,-0.11890804767608643,0.17898178100585938,-0.44750313460826874,0.843120813369751,-0.2461499571800232,0.006814539432525635,0.11870673624798656,0.7206463813781738,-0.11736482381820679,0.1758180856704712,-0.4044114202260971,0.8012350797653198,-0.23951995372772217,0.01439318060874939,0.13826697506010532,0.7212737202644348,-0.16636550426483154,0.2003740668296814,-0.013281077146530151,0.9992097616195679,-0.18474474549293518,0.1525140404701233,0.2482350766658783,0.9985832571983337,-0.21690863370895386,0.17359495162963867,-0.4696613997220993,0.7823456525802612,-0.2057037651538849,0.11904177069664001,0.22775132954120636,0.7581192851066589,-0.3976144790649414,0.22876590490341187,-0.5827799290418625,0.8033004403114319,-0.34487347304821014,0.15363824367523193,0.3167420029640198,0.7769848704338074,-0.42700520902872086,0.24822980165481567,-0.597912535071373,0.8153346180915833,-0.3667494058609009,0.17138653993606567,0.32019364833831787,0.7808448076248169,-0.4481385797262192,0.1461048126220703,-0.7815526574850082,0.8840431571006775,-0.3946428522467613,0.08598536252975464,0.22946932911872864,0.8336737751960754,SIT UP
0.0,0.0,0.0,0.9983325004577637,0.01966768503189087,-0.0046589672565460205,-0.025119557976722717,0.9984617233276367,0.022489964962005615,-0.0018475353717803955,-0.025142550468444824,0.9983698725700378,0.025776982307434082,0.0012809038162231445,-0.02517068386077881,0.9985666871070862,0.016828298568725586,-0.007950782775878906,0.021753579378128052,0.9981981515884399,0.01729404926300049,-0.007503688335418701,0.021696284413337708,0.9980009198188782,0.017805755138397217,-0.00668671727180481,0.021583184599876404,0.9984579682350159,0.038890540599823,0.024632781744003296,-0.07755906879901886,0.9977631568908691,0.028046488761901855,0.022347748279571533,0.1499319951981306,0.9978856444358826,-0.004881381988525391,0.02059352397918701,-0.011626362800598145,0.9968687295913696,-0.0075879693031311035,0.017927855253219604,0.05175282061100006,0.9959917664527893,0.031248629093170166,0.13094675540924072,-0.09849543869495392,0.9990748167037964,-0.02784818410873413,0.055192023515701294,0.23223260045051575,0.9966554641723633,-0.033363163471221924,0.1779216229915619,-0.21708939969539642,0.8920792937278748,-0.1367223560810089,0.044236719608306885,0.2755719870328903,0.7437214255332947,-0.05969300866127014,0.18224778771400452,-0.3350907415151596,0.8448376059532166,-0.2223440706729889,0.022405117750167847,0.18433470651507378,0.7629373669624329,-0.06557318568229675,0.188205748796463,-0.3731739670038223,0.8090103268623352,-0.23492616415023804,0.030725955963134766,0.18247950077056885,0.697180449962616,-0.058691173791885376,0.18257787823677063,-0.37780745327472687,0.8081879019737244,-0.23113808035850525,0.030763477087020874,0.14951971545815468,0.703278124332428,-0.059647202491760254,0.17978999018669128,-0.33885233104228973,0.7619190812110901,-0.22401195764541626,0.035926759243011475,0.16867892444133759,0.7024154663085938,-0.16501376032829285,0.20522001385688782,0.0008228495717048645,0.9992830157279968,-0.1856505572795868,0.15189364552497864,0.24912507832050323,0.9986677169799805,-0.23663753271102905,0.19497373700141907,-0.47604502737522125,0.8039328455924988,-0.22904491424560547,0.12753400206565857,0.31193967163562775,0.7498190999031067,-0.41347799450159073,0.23800215125083923,-0.615983322262764,0.8225775361061096,-0.34839171171188354,0.15672770142555237,0.45320840179920197,0.7757258415222168,-0.4441234618425369,0.2545594871044159,-0.6343589574098587,0.8316754102706909,-0.3661760538816452,0.15636053681373596,0.46146388351917267,0.7754960656166077,-0.45130612701177597,0.15733298659324646,-0.8321460038423538,0.8951787948608398,-0.39075785875320435,0.10920119285583496,0.37381233274936676,0.8367739319801331,SIT UP
0.0,0.0,0.0,0.9980522394180298,0.01876288652420044,-0.007233262062072754,-0.04185838997364044,0.9981764554977417,0.02115851640701294,-0.005683034658432007,-0.04189880192279816,0.9981216192245483,0.024027228355407715,-0.0033386051654815674,-0.041913390159606934,0.9984204173088074,0.01607990264892578,-0.00823947787284851,0.010008290410041809,0.9978679418563843,0.01629817485809326,-0.00774422287940979,0.00992746651172638,0.9975835084915161,0.01692718267440796,-0.006709575653076172,0.00967465341091156,0.9981029033660889,0.038768768310546875,0.023421257734298706,-0.1374211609363556,0.9975950121879578,0.03143829107284546,0.01692020893096924,0.08239542692899704,0.9971436858177185,-0.00542902946472168,0.020344197750091553,-0.032979488372802734,0.9968685507774353,-0.006083846092224121,0.013655990362167358,0.03306993842124939,0.9957296252250671,0.030310451984405518,0.12381139397621155,-0.24164986610412598,0.9991636872291565,0.043659210205078125,0.12676548957824707,0.24235469102859497,0.9968515634536743,-0.07913479208946228,0.11735042929649353,-0.31705424189567566,0.8994854092597961,-0.028708845376968384,0.16135382652282715,0.32013262808322906,0.7022504210472107,-0.17202839255332947,0.05592283606529236,-0.3262045979499817,0.8509151339530945,-0.06319200992584229,0.16511279344558716,0.28535864502191544,0.7156793475151062,-0.20298674702644348,0.046510249376297,-0.37519192695617676,0.8155103921890259,-0.07333675026893616,0.17350703477859497,0.2917902022600174,0.6556888818740845,-0.19244876503944397,0.03407841920852661,-0.36868125200271606,0.8141970634460449,-0.06750687956809998,0.16050231456756592,0.2546374946832657,0.6615663766860962,-0.18085768818855286,0.04027974605560303,-0.3211574852466583,0.7627685070037842,-0.06671217083930969,0.1574556827545166,0.26942289620637894,0.6580296754837036,-0.15038087964057922,0.2080627679824829,0.02039267122745514,0.9993379712104797,-0.1385311782360077,0.19367241859436035,0.32528796792030334,0.9986162781715393,-0.2532563805580139,0.19892394542694092,-0.14524570107460022,0.822688102722168,-0.21498790383338928,0.16415709257125854,0.4711076319217682,0.7131962776184082,-0.42682503163814545,0.23647761344909668,-0.1604337990283966,0.8397334218025208,-0.28640642762184143,0.2261376976966858,0.7011409401893616,0.7473950982093811,-0.45807403698563576,0.253582239151001,-0.1658754050731659,0.8463847637176514,-0.3276577591896057,0.23778247833251953,0.7213984727859497,0.7522544860839844,-0.4591011479496956,0.1548997163772583,-0.30939656496047974,0.9047817587852478,-0.3447398692369461,0.1759687066078186,0.6859081387519836,0.8197616934776306,SIT UP
0.0,0.0,0.0,0.9978382587432861,-0.00847877562046051,-0.011035650968551636,0.017565272748470306,0.9978781342506409,-0.009391643106937408,-0.011367708444595337,0.01742098480463028,0.9979144334793091,-0.010405145585536957,-0.01168125867843628,0.017298273742198944,0.998235285282135,-0.011166036128997803,-0.009698718786239624,-0.027243822813034058,0.9973930716514587,-0.014041416347026825,-0.008970916271209717,-0.027249261736869812,0.9970691800117493,-0.017385117709636688,-0.00803154706954956,-0.027194663882255554,0.9974161982536316,-0.026964500546455383,-0.005102217197418213,0.11904564127326012,0.9973751902580261,-0.038598932325839996,0.0009768009185791016,-0.0810127705335617,0.9963491559028625,-0.002342596650123596,0.011787593364715576,0.041934967041015625,0.9965541362762451,-0.005910158157348633,0.013306766748428345,-0.016184136271476746,0.9955363273620605,-0.0046372562646865845,0.04453602433204651,0.23144377022981644,0.9990822672843933,-0.04765024781227112,0.08845850825309753,-0.13842666149139404,0.9969902634620667,0.06654874980449677,0.0785922110080719,0.16836725920438766,0.8337752223014832,0.050856590270996094,0.12050113081932068,-0.15248480439186096,0.7301623225212097,0.090784952044487,0.012897759675979614,-0.09132188558578491,0.8018596768379211,0.08679936826229095,0.029606133699417114,-0.021081343293190002,0.74041748046875,0.10303999483585358,-0.006653636693954468,-0.12810960412025452,0.7758744955062866,0.09712490439414978,0.006285220384597778,-0.03592221438884735,0.6840784549713135,0.093537837266922,-0.012906163930892944,-0.13801854848861694,0.7752771377563477,0.0864410400390625,-0.0020804405212402344,-0.024768397212028503,0.6893485188484192,0.0878196656703949,-0.006057798862457275,-0.10519063472747803,0.7283558249473572,0.08154916763305664,0.004699766635894775,-0.010864630341529846,0.6824262738227844,0.08091643452644348,0.17519137263298035,0.2521534115076065,0.9991311430931091,0.06844267249107361,0.21462830901145935,0.0036745592951774597,0.9982088804244995,0.1895144283771515,0.10246315598487854,0.192915178835392,0.8007938265800476,0.18702811002731323,0.1334497630596161,-0.07206325232982635,0.7399795055389404,0.29604071378707886,0.20087185502052307,0.2404584065079689,0.8295657634735107,0.2843627333641052,0.2372417151927948,0.05163253843784332,0.7707487344741821,0.2901485562324524,0.22806236147880554,0.2417028844356537,0.8292542099952698,0.28098607063293457,0.2635168731212616,0.0681741051375866,0.7720840573310852,0.3565923571586609,0.21804580092430115,0.18752072378993034,0.8869019746780396,0.35269224643707275,0.24907717108726501,0.04533395171165466,0.8342161178588867,RUSSIAN TWIST
0.0,0.0,0.0,0.9980103969573975,-0.006349742412567139,-0.01093342900276184,0.021399520337581635,0.9980309009552002,-0.00675414502620697,-0.011220932006835938,0.02127855271100998,0.9980630278587341,-0.00733388215303421,-0.011474967002868652,0.02118799090385437,0.9983636140823364,-0.010547846555709839,-0.009606480598449707,-0.021969735622406006,0.9975873231887817,-0.014301903545856476,-0.008819550275802612,-0.02199549973011017,0.9972780346870422,-0.018796570599079132,-0.007832944393157959,-0.022060275077819824,0.9975855350494385,-0.022941619157791138,-0.00476190447807312,0.13272611796855927,0.9975534677505493,-0.04012419283390045,0.0013596713542938232,-0.06707187741994858,0.996617317199707,-0.0012591034173965454,0.01213940978050232,0.04398837685585022,0.9968360662460327,-0.006195098161697388,0.013559967279434204,-0.014186009764671326,0.9959532618522644,0.003940358757972717,0.04406854510307312,0.23327841609716415,0.9991331696510315,-0.06370624899864197,0.08970147371292114,-0.11185220628976822,0.9972494840621948,0.0778593122959137,0.08027726411819458,0.18549441546201706,0.7977580428123474,-0.00623176246881485,0.15932601690292358,-0.2010565921664238,0.7497552037239075,0.0965270847082138,0.007861942052841187,-0.0415344163775444,0.7946138381958008,0.02926066517829895,0.13758528232574463,-0.2573338970541954,0.7578352689743042,0.10748493671417236,-0.009235560894012451,-0.07265695184469223,0.7708750367164612,0.06018097698688507,0.10641056299209595,-0.2896965965628624,0.7050520777702332,0.09820257127285004,-0.01540270447731018,-0.08721023052930832,0.7712195515632629,0.054772958159446716,0.08978259563446045,-0.2836301252245903,0.7100662589073181,0.09359762072563171,-0.009184986352920532,-0.055648334324359894,0.7264832258224487,0.04893752932548523,0.09186893701553345,-0.25414641946554184,0.6993585824966431,0.0870194286108017,0.1749935746192932,0.2252741977572441,0.9991258978843689,0.07135848701000214,0.21488499641418457,-0.024929367005825043,0.9981387257575989,0.19306659698486328,0.1026642918586731,0.1620519943535328,0.8004294037818909,0.1858084797859192,0.13398802280426025,-0.09978397935628891,0.7644649744033813,0.299711138010025,0.19861531257629395,0.2031744122505188,0.8341889381408691,0.2866749167442322,0.23654115200042725,0.035652682185173035,0.7921187281608582,0.29409289360046387,0.22554022073745728,0.2028212547302246,0.8271532654762268,0.28470441699028015,0.2629631757736206,0.05226045101881027,0.7890274524688721,0.3607793152332306,0.21812838315963745,0.13254480063915253,0.8834027647972107,0.35601356625556946,0.24951499700546265,0.014944657683372498,0.8477219939231873,RUSSIAN TWIST
0.0,0.0,0.0,0.9982038140296936,-0.004767954349517822,-0.010780513286590576,0.023282714188098907,0.9982192516326904,-0.004621773958206177,-0.011044710874557495,0.023185424506664276,0.9982475638389587,-0.004767186939716339,-0.011231720447540283,0.02312636375427246,0.9985178112983704,-0.010794639587402344,-0.009528964757919312,-0.016227424144744873,0.9978210926055908,-0.015543974936008453,-0.0087813138961792,-0.016252189874649048,0.9975414872169495,-0.02135128527879715,-0.007804930210113525,-0.016327962279319763,0.9978176355361938,-0.019005335867404938,-0.004698902368545532,0.15137238055467606,0.9977824091911316,-0.04182295501232147,0.0020033717155456543,-0.028096161782741547,0.9969498515129089,0.0004907846450805664,0.012365847826004028,0.047497399151325226,0.9971472024917603,-0.006399944424629211,0.014468997716903687,-0.0058943405747413635,0.996356725692749,0.016581356525421143,0.04342871904373169,0.2552981749176979,0.9992128610610962,-0.07189187407493591,0.09155470132827759,-0.04559386521577835,0.99752277135849,0.0963192731142044,0.08211362361907959,0.18561235070228577,0.8000791668891907,-0.0513354167342186,0.1748172640800476,-0.13727720826864243,0.7739576697349548,0.10007667541503906,0.007355332374572754,-0.04760464280843735,0.8090869784355164,0.011043071746826172,0.16353613138198853,-0.22496626526117325,0.7807399034500122,0.10959513485431671,-0.010221987962722778,-0.11483236402273178,0.7856387495994568,0.03243879973888397,0.1705918312072754,-0.2559870555996895,0.7322822213172913,0.09986500442028046,-0.015843719244003296,-0.11886981874704361,0.7858459949493408,0.03327472507953644,0.15703225135803223,-0.2596982792019844,0.7368772029876709,0.09631319344043732,-0.010046005249023438,-0.05127947777509689,0.7433804869651794,0.027643859386444092,0.15265512466430664,-0.22523955255746841,0.7261583805084229,0.09209756553173065,0.17624926567077637,0.23035524785518646,0.9991733431816101,0.07265128195285797,0.2167397141456604,-0.017239965498447418,0.9982485771179199,0.19635893404483795,0.10432112216949463,0.11828172951936722,0.8042570352554321,0.18571116030216217,0.13508105278015137,-0.1314038261771202,0.7868636846542358,0.30311186611652374,0.2003740668296814,0.14762026444077492,0.8394874334335327,0.28920896351337433,0.23836463689804077,0.0019829198718070984,0.811073362827301,0.3041035681962967,0.2444506287574768,0.14561735838651657,0.828519880771637,0.2878323942422867,0.26486736536026,0.01650875061750412,0.804558515548706,0.3660985678434372,0.219609797000885,0.06098252907395363,0.8831794261932373,0.3593229204416275,0.25220000743865967,-0.047181643545627594,0.8599011301994324,RUSSIAN TWIST
0.0,0.0,0.0,0.9983780980110168,-0.004318118095397949,-0.010197311639785767,0.022202014923095703,0.9983891844749451,-0.0035378411412239075,-0.01026645302772522,0.022108472883701324,0.998413622379303,-0.003043852746486664,-0.010234951972961426,0.022048063576221466,0.9986562728881836,-0.011446751654148102,-0.009364068508148193,-0.015282131731510162,0.9980325102806091,-0.01626037061214447,-0.008717983961105347,-0.015307717025279999,0.9977802634239197,-0.02173273265361786,-0.007778793573379517,-0.015381552278995514,0.9980288743972778,-0.013888493180274963,-0.0031884312629699707,0.15152809396386147,0.9979875087738037,-0.0395953506231308,0.003048419952392578,-0.015100397169589996,0.9972507357597351,0.002315901219844818,0.01243320107460022,0.046548403799533844,0.9974286556243896,-0.005964607000350952,0.014617204666137695,-0.004061833024024963,0.9967203140258789,0.027920261025428772,0.04647928476333618,0.2616308704018593,0.9992815256118774,-0.0700407586991787,0.09444552659988403,-0.03682241588830948,0.9977695345878601,0.11244694888591766,0.08556431531906128,0.18462755531072617,0.8035998344421387,-0.052965737879276276,0.18042469024658203,-0.12837547808885574,0.7960624694824219,0.10560944676399231,0.011366307735443115,-0.0833166167140007,0.8199292421340942,0.015576794743537903,0.162994384765625,-0.22555050998926163,0.8015821576118469,0.1131274402141571,-0.006446629762649536,-0.14210323244333267,0.7958738207817078,0.03770372271537781,0.1672249436378479,-0.25747213512659073,0.7569851279258728,0.10374103486537933,-0.012213200330734253,-0.14098865538835526,0.7956044673919678,0.039082422852516174,0.1547853946685791,-0.2575595751404762,0.7611286640167236,0.1014750599861145,-0.0069506168365478516,-0.08563641458749771,0.7545602917671204,0.032750457525253296,0.15488189458847046,-0.22387216240167618,0.7503815293312073,0.09828676283359528,0.17979705333709717,0.2337864264845848,0.999221682548523,0.07666032016277313,0.22037404775619507,-0.013715453445911407,0.9983616471290588,0.2015543133020401,0.10784286260604858,0.10118915792554617,0.8053717017173767,0.1895766705274582,0.1379779577255249,-0.1544317975640297,0.8070278763771057,0.30878283083438873,0.20389455556869507,0.13576113060116768,0.843411922454834,0.2942010313272476,0.2418767809867859,-0.024482361972332,0.828158974647522,0.31289730966091156,0.25130248069763184,0.1344273705035448,0.8279815316200256,0.29313935339450836,0.26872414350509644,-0.010102152824401855,0.8186133503913879,0.37327729165554047,0.2230076789855957,0.04408755153417587,0.8821749687194824,0.3647684305906296,0.25680863857269287,-0.08397776633501053,0.8709837198257446,RUSSIAN TWIST
0.0,0.0,0.0,0.998527467250824,-0.004269801080226898,-0.010241389274597168,0.027231082320213318,0.9985309839248657,-0.003013722598552704,-0.01025661826133728,0.0271369069814682,0.9985484480857849,-0.002020813524723053,-0.010177195072174072,0.027067571878433228,0.9987643957138062,-0.012437857687473297,-0.009578615427017212,-0.006176754832267761,0.9982154965400696,-0.01724386215209961,-0.008988827466964722,-0.006198793649673462,0.9979872703552246,-0.022707723081111908,-0.007982343435287476,-0.006251707673072815,0.9982119202613831,-0.01016446202993393,-0.0030593276023864746,0.17560676811262965,0.9981470704078674,-0.03862086683511734,0.003139883279800415,0.028368979692459106,0.9975161552429199,0.0036975443363189697,0.012378871440887451,0.055172085762023926,0.9976773262023926,-0.005614787340164185,0.01451021432876587,0.010264486074447632,0.9970464706420898,0.03357825428247452,0.04717576503753662,0.32724982500076294,0.9993312358856201,-0.0676136426627636,0.0952080488204956,0.0018718093633651733,0.9979909658432007,0.11814271658658981,0.08611506223678589,0.24544864892959595,0.8007904291152954,-0.04952859878540039,0.18091654777526855,-0.07131430506706238,0.8159231543540955,0.10961531847715378,0.05074527859687805,-0.06981173157691956,0.8136433362960815,0.018913932144641876,0.15940701961517334,-0.173536479473114,0.8200617432594299,0.11479156464338303,0.04737725853919983,-0.12460625171661377,0.7877326011657715,0.041300855576992035,0.16214317083358765,-0.2145470380783081,0.7787777185440063,0.091246597468853,0.02814042568206787,-0.12934431433677673,0.7870140075683594,0.043555550277233124,0.14979082345962524,-0.2163364291191101,0.7825223207473755,0.09951379150152206,0.040802180767059326,-0.08013105392456055,0.745350182056427,0.0383300706744194,0.14829999208450317,-0.17253443598747253,0.7712700963020325,0.10271304100751877,0.1811162233352661,0.3014210984110832,0.9992378354072571,0.07945413142442703,0.2217249870300293,0.05287018418312073,0.9984022974967957,0.20546569675207138,0.10910427570343018,0.15261120721697807,0.8080867528915405,0.1925898715853691,0.13829976320266724,-0.08769619464874268,0.8249658942222595,0.3131282553076744,0.20515847206115723,0.19741000793874264,0.8466076254844666,0.2978375181555748,0.2432289719581604,0.05621013045310974,0.8425073027610779,0.31722795218229294,0.25224989652633667,0.19663896970450878,0.8276752233505249,0.29719626158475876,0.27054309844970703,0.07119014859199524,0.8284590244293213,0.3774125203490257,0.2231311798095703,0.10428822785615921,0.8803516626358032,0.36861106008291245,0.2581285238265991,-0.0011826157569885254,0.8794654011726379,RUSSIAN TWIST
0.0,0.0,0.0,0.9985771775245667,-0.004498198628425598,-0.010262250900268555,0.030448362231254578,0.9985331296920776,-0.003256961703300476,-0.010290294885635376,0.030327335000038147,0.9985103607177734,-0.0022590234875679016,-0.010230571031570435,0.03024090826511383,0.9986976385116577,-0.012883402407169342,-0.009628385305404663,-0.005082741379737854,0.9982941746711731,-0.01798263192176819,-0.009066849946975708,-0.005100265145301819,0.9980759024620056,-0.02377936989068985,-0.008089661598205566,-0.005158469080924988,0.9982919096946716,-0.009995907545089722,-0.0033825337886810303,0.19160214252769947,0.9979843497276306,-0.03941158950328827,0.002772033214569092,0.03451332449913025,0.9976801872253418,0.0037239789962768555,0.012306421995162964,0.06089127063751221,0.9978494048118591,-0.005599766969680786,0.014405608177185059,0.013448700308799744,0.9973276257514954,0.034440815448760986,0.04646247625350952,0.3502352684736252,0.999354898929596,-0.06832351163029671,0.09363147616386414,0.027282774448394775,0.998187780380249,0.1145402193069458,0.08559009432792664,0.2767659090459347,0.7959030866622925,-0.05093640834093094,0.17950883507728577,-0.045558035373687744,0.8335759043693542,0.10025352239608765,0.08299723267555237,-0.04307621717453003,0.799024760723114,0.020520538091659546,0.15648481249809265,-0.17105147242546082,0.8359605669975281,0.1019107848405838,0.09015366435050964,-0.09712865948677063,0.7710364460945129,0.044065505266189575,0.16115203499794006,-0.22056716680526733,0.7971862554550171,0.08372361958026886,0.07818770408630371,-0.10535469651222229,0.7700374126434326,0.04767061769962311,0.14777997136116028,-0.2210938036441803,0.8005555868148804,0.08388268947601318,0.07943519949913025,-0.05496421456336975,0.7273032069206238,0.041794613003730774,0.14671841263771057,-0.1701095700263977,0.787804365158081,0.10317681729793549,0.1805417239665985,0.3464016914367676,0.9992209076881409,0.07815468311309814,0.2215774953365326,0.09052950143814087,0.9983693957328796,0.2058301419019699,0.10839203000068665,0.18917361833155155,0.8130004405975342,0.19208349287509918,0.1377241313457489,-0.0773511528968811,0.8411092758178711,0.31358422338962555,0.2048412263393402,0.23805813491344452,0.8505317568778992,0.2978696674108505,0.24308672547340393,0.07380916178226471,0.8559346795082092,0.3169078379869461,0.2411610186100006,0.23718075826764107,0.8303508162498474,0.2976696342229843,0.2705688774585724,0.08841422200202942,0.83864825963974,0.37861375510692596,0.22149905562400818,0.13897570967674255,0.8798002004623413,0.36853231489658356,0.25862815976142883,0.0019364506006240845,0.8880201578140259,RUSSIAN TWIST
0.0,0.0,0.0,0.9986984133720398,-0.00460236519575119,-0.010308563709259033,0.026377156376838684,0.9986470937728882,-0.0033575743436813354,-0.010356217622756958,0.026280000805854797,0.9986189603805542,-0.002311207354068756,-0.010319769382476807,0.026202231645584106,0.9987843036651611,-0.012716621160507202,-0.009615093469619751,-0.008165925741195679,0.9984419345855713,-0.01756400614976883,-0.009031027555465698,-0.008184090256690979,0.9982432723045349,-0.02301916480064392,-0.00805637240409851,-0.008237838745117188,0.998439610004425,-0.00911334902048111,-0.003486931324005127,0.17040572874248028,0.9981119632720947,-0.038293562829494476,0.002671569585800171,0.012107998132705688,0.9978963732719421,0.004022769629955292,0.012296169996261597,0.05470779538154602,0.9980504512786865,-0.0055411383509635925,0.014284580945968628,0.008245199918746948,0.997592031955719,0.035675376653671265,0.04625368118286133,0.314017690718174,0.9993879795074463,-0.06707080826163292,0.09285280108451843,0.004999995231628418,0.9983668327331543,0.11848101019859314,0.08423081040382385,0.23953161388635635,0.7900273203849792,-0.04989147186279297,0.1789245903491974,-0.0756419450044632,0.8495761752128601,0.10451279580593109,0.06024923920631409,-0.07283987104892731,0.7913987040519714,0.01942571997642517,0.1563485562801361,-0.18712244927883148,0.8506959676742554,0.10426792502403259,0.05917680263519287,-0.1243533045053482,0.7621763944625854,0.042570069432258606,0.15816137194633484,-0.22969119250774384,0.8144375085830688,0.08595964312553406,0.04529690742492676,-0.1305989772081375,0.7606880068778992,0.04517555236816406,0.1473856270313263,-0.22767125070095062,0.8174458146095276,0.0870516449213028,0.04928770661354065,-0.084792360663414,0.717816948890686,0.03824208676815033,0.1443236768245697,-0.1849377304315567,0.8040313124656677,0.10472866892814636,0.18018051981925964,0.3234351724386215,0.999244213104248,0.07974866032600403,0.22140130400657654,0.06782294809818268,0.9984210133552551,0.20709490776062012,0.1077825129032135,0.1595587469637394,0.817754864692688,0.1926875114440918,0.1373864710330963,-0.079512819647789,0.85591059923172,0.31498441100120544,0.2040030062198639,0.20773473847657442,0.8554899096488953,0.29918238520622253,0.24251797795295715,0.068355992436409,0.8681728839874268,0.31806182861328125,0.23550722002983093,0.20743063744157553,0.8329944610595703,0.29913026094436646,0.27022585272789,0.08350233733654022,0.8478068709373474,0.3798520267009735,0.22077736258506775,0.11342401802539825,0.8811208009719849,0.36977124214172363,0.2580810487270355,0.009923428297042847,0.8957741260528564,RUSSIAN TWIST
0.0,0.0,0.0,0.9988188147544861,-0.00421983003616333,-0.01041993498802185,0.027269825339317322,0.9987667798995972,-0.002997070550918579,-0.010509341955184937,0.027220427989959717,0.9987388253211975,-0.001985207200050354,-0.010503560304641724,0.027188599109649658,0.9988867044448853,-0.012328900396823883,-0.009542524814605713,-0.0024317800998687744,0.9985858201980591,-0.01716284453868866,-0.008817553520202637,-0.0024633854627609253,0.9984058141708374,-0.022557690739631653,-0.007729142904281616,-0.00256463885307312,0.9985832571983337,-0.008773960173130035,-0.003636986017227173,0.16941057657822967,0.9982655048370361,-0.03791631758213043,0.0027555227279663086,0.01821678876876831,0.9980986714363098,0.004098445177078247,0.01224181056022644,0.05380953848361969,0.9982374310493469,-0.005765736103057861,0.014226943254470825,0.01208294928073883,0.9978313446044922,0.0355355367064476,0.04589638113975525,0.29164764285087585,0.9994328618049622,-0.06679767370223999,0.09251490235328674,0.00786656141281128,0.9985286593437195,0.11797691136598587,0.08403703570365906,0.21727868914604187,0.788622260093689,-0.04936604201793671,0.17955705523490906,-0.0853000283241272,0.8639622330665588,0.10728388279676437,0.024866223335266113,-0.09194983541965485,0.7998446226119995,0.016756169497966766,0.16042831540107727,-0.19096724689006805,0.864305317401886,0.10764672607183456,0.008219987154006958,-0.14496935904026031,0.7704484462738037,0.04130575805902481,0.16255125403404236,-0.22606153786182404,0.8306028842926025,0.09820222109556198,0.0012759566307067871,-0.14559166133403778,0.7686492204666138,0.04301684349775314,0.15176019072532654,-0.2244005650281906,0.8333254456520081,0.09636902064085007,0.00667300820350647,-0.1017160564661026,0.7270422577857971,0.03603418916463852,0.15216055512428284,-0.18876053392887115,0.8200060129165649,0.10494772344827652,0.1799483597278595,0.28608352690935135,0.9992847442626953,0.07988259941339493,0.2211790382862091,0.03776749223470688,0.9985147714614868,0.2070629671216011,0.1074196994304657,0.13932987675070763,0.8198418021202087,0.1925572231411934,0.13709107041358948,-0.103609099984169,0.8694067597389221,0.31501252204179764,0.20372119545936584,0.18126343004405499,0.8593560457229614,0.29919589310884476,0.24192383885383606,0.034508660435676575,0.8799529671669006,0.31784073263406754,0.24654951691627502,0.18079103715717793,0.8339621424674988,0.29920709878206253,0.26985129714012146,0.049539558589458466,0.8582435250282288,0.3797624483704567,0.22050157189369202,0.0913090929389,0.8820095658302307,0.36968184262514114,0.2575540840625763,-0.021410703659057617,0.9037742614746094,RUSSIAN TWIST
0.0,0.0,0.0,0.9989301562309265,-0.0037636086344718933,-0.010499387979507446,0.025524035096168518,0.9988793730735779,-0.0027019083499908447,-0.010580182075500488,0.02545166015625,0.9988535046577454,-0.0018305778503417969,-0.010574579238891602,0.025411657989025116,0.9989862442016602,-0.011715643107891083,-0.00954592227935791,-0.010202109813690186,0.9987180233001709,-0.016937553882598877,-0.008744031190872192,-0.01023051142692566,0.9985547661781311,-0.02328476309776306,-0.007555335760116577,-0.010315969586372375,0.9987137317657471,-0.009317025542259216,-0.0037209689617156982,0.15877321362495422,0.9984183311462402,-0.0385003536939621,0.002962768077850342,-0.011493846774101257,0.9982814192771912,0.0037831291556358337,0.012448310852050781,0.05067557096481323,0.9984070658683777,-0.00616658478975296,0.014434784650802612,0.0014915615320205688,0.9980466365814209,0.03327706456184387,0.04562211036682129,0.2654007524251938,0.9994812607765198,-0.06722751632332802,0.09284469485282898,-0.025289103388786316,0.9986737966537476,0.1143525093793869,0.08501133322715759,0.19347349554300308,0.7893899083137512,-0.047356411814689636,0.17981407046318054,-0.12044203281402588,0.8765875697135925,0.10669736564159393,0.01532357931137085,-0.09482114017009735,0.8129763007164001,0.015172511339187622,0.1658695638179779,-0.2246309071779251,0.8764256834983826,0.10916070640087128,-0.0033929049968719482,-0.14131207764148712,0.78449946641922,0.03685137629508972,0.17464372515678406,-0.2572450786828995,0.845136821269989,0.1020025759935379,-0.009168356657028198,-0.14919237792491913,0.782819926738739,0.03774949908256531,0.1623648703098297,-0.25860659778118134,0.8476644158363342,0.09959547221660614,-0.004326373338699341,-0.10723221302032471,0.7431750893592834,0.031369537115097046,0.1577976644039154,-0.2240407019853592,0.8344829082489014,0.10380753874778748,0.17975428700447083,0.24828092008829117,0.9993218779563904,0.07865254580974579,0.22102615237236023,0.0025447458028793335,0.9985947012901306,0.2057814598083496,0.10693779587745667,0.10759466513991356,0.8229925036430359,0.19157138466835022,0.13675227761268616,-0.13253645598888397,0.8814228177070618,0.31372252106666565,0.20354989171028137,0.15588755905628204,0.8635384440422058,0.2979343831539154,0.24154844880104065,-3.524124622344971e-05,0.8904131054878235,0.31640633940696716,0.25096073746681213,0.15517936274409294,0.8362929224967957,0.297979474067688,0.26959285140037537,0.013823829591274261,0.8674008250236511,0.37848833203315735,0.22045841813087463,0.07028605416417122,0.8834149837493896,0.36833444237709045,0.2572195827960968,-0.048926204442977905,0.9107269644737244,RUSSIAN TWIST
0.0,0.0,0.0,0.9990035891532898,-0.004481971263885498,-0.01126086711883545,0.023490428924560547,0.9989462494850159,-0.0036960169672966003,-0.011394411325454712,0.023382440209388733,0.998923122882843,-0.003052845597267151,-0.011427432298660278,0.023298121988773346,0.9990482330322266,-0.01189819723367691,-0.009956657886505127,-0.016254141926765442,0.9987977147102356,-0.01710924506187439,-0.00901612639427185,-0.01628454029560089,0.9986399412155151,-0.023671835660934448,-0.007713943719863892,-0.016354024410247803,0.998778760433197,-0.011829480528831482,-0.004362016916275024,0.14801758527755737,0.9985127449035645,-0.04076869785785675,0.002799779176712036,-0.017688021063804626,0.9983969926834106,0.0021155178546905518,0.012781471014022827,0.04783747345209122,0.9985238313674927,-0.006692759692668915,0.014544546604156494,-0.00579012930393219,0.9982244968414307,0.024081207811832428,0.044133543968200684,0.2589572072029114,0.9995063543319702,-0.06868232041597366,0.09393694996833801,-0.046645939350128174,0.9987809658050537,0.09924612194299698,0.08376047015190125,0.18753626197576523,0.7708004117012024,-0.04123268276453018,0.17541006207466125,-0.17463906109333038,0.8827465176582336,0.1047409251332283,0.011961668729782104,-0.07488995790481567,0.8122236132621765,0.01654166728258133,0.15940847992897034,-0.26712988317012787,0.8813199400901794,0.1122080460190773,-0.0066079795360565186,-0.11223022639751434,0.7849717140197754,0.037304602563381195,0.15343841910362244,-0.30094482004642487,0.8514581322669983,0.10511057823896408,-0.012554407119750977,-0.12520761787891388,0.7841067910194397,0.028056927025318146,0.14958152174949646,-0.2994193881750107,0.8540998101234436,0.10075294226408005,-0.006844460964202881,-0.08881646394729614,0.7462062239646912,0.025680802762508392,0.14758053421974182,-0.26639096438884735,0.8385512828826904,0.10124818235635757,0.17789384722709656,0.24467125535011292,0.9992991089820862,0.07642308622598648,0.21937760710716248,-0.0011242255568504333,0.9984984397888184,0.20302990823984146,0.10510274767875671,0.1644955910742283,0.8250603675842285,0.189267136156559,0.13556936383247375,-0.08620907366275787,0.8920084238052368,0.31051356345415115,0.2016730010509491,0.19720552116632462,0.866329550743103,0.29543838649988174,0.23925748467445374,0.05674220621585846,0.8996122479438782,0.3104569688439369,0.23679998517036438,0.19554977864027023,0.8355039954185486,0.29544130712747574,0.2665906846523285,0.07249459996819496,0.8739559650421143,0.3755449131131172,0.2189238965511322,0.12247334857238457,0.8826543688774109,0.3654472604393959,0.2551080882549286,0.023927249014377594,0.9162272810935974,RUSSIAN TWIST
0.0,0.0,0.0,0.9983530640602112,-0.006349511444568634,-0.01314544677734375,0.021211810410022736,0.9980209469795227,-0.006354302167892456,-0.013353586196899414,0.021068662405014038,0.9981269836425781,-0.006393857300281525,-0.013518989086151123,0.020955272018909454,0.9983909726142883,-0.011305384337902069,-0.012163639068603516,-0.0259738489985466,0.9977084398269653,-0.015238910913467407,-0.011447697877883911,-0.025969751179218292,0.9975267052650452,-0.01990276575088501,-0.010495394468307495,-0.025977186858654022,0.9974247217178345,-0.016877353191375732,-0.006697267293930054,0.13243366591632366,0.9974728226661682,-0.0406884104013443,-0.000420302152633667,-0.07877879589796066,0.9964345693588257,-0.0011559054255485535,0.012881189584732056,0.04405926913022995,0.9969375729560852,-0.006602741777896881,0.01332557201385498,-0.017665572464466095,0.9968692064285278,-0.0007492303848266602,0.04076388478279114,0.25239991396665573,0.9992613792419434,-0.04972139000892639,0.0884568989276886,-0.1599387601017952,0.9985539317131042,0.08527132868766785,0.07505622506141663,0.2533785328269005,0.7169645428657532,0.05274452269077301,0.12347832322120667,-0.22592831403017044,0.8919059038162231,0.10093849897384644,0.002053767442703247,0.0643283911049366,0.7712857723236084,0.08708232641220093,0.02654629945755005,-0.1908557191491127,0.8882312774658203,0.11118853092193604,-0.011811494827270508,0.04421045631170273,0.751717746257782,0.10062696039676666,0.008168607950210571,-0.22038919478654861,0.8586220145225525,0.1049116998910904,-0.017835766077041626,0.02244536578655243,0.7523898482322693,0.08889321982860565,-0.0016252994537353516,-0.20488981157541275,0.861051619052887,0.10071010887622833,-0.013297617435455322,0.0478978306055069,0.7168960571289062,0.08448328077793121,0.003964632749557495,-0.18155930191278458,0.8417183756828308,0.09479428827762604,0.1739920675754547,0.2423313781619072,0.9988957643508911,0.0749223530292511,0.21342739462852478,-0.0223100408911705,0.997387707233429,0.19769565761089325,0.09934988617897034,0.19883478432893753,0.8014950156211853,0.18828682601451874,0.12945035099983215,-0.09574916213750839,0.9010460376739502,0.30498604476451874,0.19628813862800598,0.26852449029684067,0.8557992577552795,0.2908593565225601,0.23253563046455383,0.03077489137649536,0.9083989858627319,0.3024456948041916,0.22691896557807922,0.27119069546461105,0.8216976523399353,0.2906714826822281,0.25912174582481384,0.04623597115278244,0.882604718208313,0.36823825538158417,0.21475645899772644,0.21755638718605042,0.8682377338409424,0.36017946898937225,0.24881914258003235,0.00806485116481781,0.9220898747444153,RUSSIAN TWIST
